From	Entry	Entry Name
ENSP00000000233	P84085	ARF5_HUMAN
ENSP00000356607	Q86X27	RGPS2_HUMAN
ENSP00000427567	Q9C0D6	FHDC1_HUMAN
ENSP00000253413	P36543	VATE1_HUMAN
ENSP00000493357	Q99418	CYH2_HUMAN
ENSP00000324127	Q9NYI0	PSD3_HUMAN
ENSP00000325266	Q8N5M4	TTC9C_HUMAN
ENSP00000320935	P14672	GLUT4_HUMAN
ENSP00000371175	Q9UJY5	GGA1_HUMAN
ENSP00000480364	Q96I51	RCC1L_HUMAN
ENSP00000388107	P62987	RL40_HUMAN
ENSP00000461784	I3NI02	I3NI02_HUMAN
ENSP00000381097	P54762	EPHB1_HUMAN
ENSP00000234160	Q9H8Y8	GORS2_HUMAN
ENSP00000241502	Q96QD9	UIF_HUMAN
ENSP00000317272	P08581	MET_HUMAN
ENSP00000487719	Q9H853	TBA4B_HUMAN
ENSP00000354878	Q7Z4S6	KI21A_HUMAN
ENSP00000369127	P31689	DNJA1_HUMAN
ENSP00000493946	Q68CZ1	FTM_HUMAN
ENSP00000383023	Q02045	MYL5_HUMAN
ENSP00000266126	P49770	EI2BB_HUMAN
ENSP00000262027	P56192	SYMC_HUMAN
ENSP00000271526	Q92733	PRCC_HUMAN
ENSP00000364898	P43405	KSYK_HUMAN
ENSP00000325074	P63151	2ABA_HUMAN
ENSP00000310226	Q9H0U4	RAB1B_HUMAN
ENSP00000006275	O75865	TPC6A_HUMAN
ENSP00000369965	P20290	BTF3_HUMAN
ENSP00000258098	Q9BXF6	RFIP5_HUMAN
ENSP00000265462	P30044	PRDX5_HUMAN
ENSP00000347464	Q14161	GIT2_HUMAN
ENSP00000330842	Q99666	RGPD5_HUMAN
ENSP00000358723	P62834	RAP1A_HUMAN
ENSP00000498386	A0A494C066	A0A494C066_HUMAN
ENSP00000225655	P07737	PROF1_HUMAN
ENSP00000351926	O95782	AP2A1_HUMAN
ENSP00000447300	Q96QF0	RAB3I_HUMAN
ENSP00000264335	P62258	1433E_HUMAN
ENSP00000387549	P54219	VMAT1_HUMAN
ENSP00000386857	P63267	ACTH_HUMAN
ENSP00000271889	Q8TEY5	CR3L4_HUMAN
ENSP00000377769	Q3SXY8	AR13B_HUMAN
ENSP00000341885	P15880	RS2_HUMAN
ENSP00000307939	Q8IWJ2	GCC2_HUMAN
ENSP00000297532	Q14296	FASTK_HUMAN
ENSP00000222803	Q9NWM8	FKB14_HUMAN
ENSP00000347055	P12829	MYL4_HUMAN
ENSP00000378402	Q96ST3	SIN3A_HUMAN
ENSP00000258301	O43752	STX6_HUMAN
ENSP00000232905	O60739	EIF1B_HUMAN
ENSP00000323879	Q8NHG8	ZNRF2_HUMAN
ENSP00000254900	Q9H0E9	BRD8_HUMAN
ENSP00000253055	Q02779	M3K10_HUMAN
ENSP00000466134	K7ELL7	K7ELL7_HUMAN
ENSP00000338864	Q7LDG7	GRP2_HUMAN
ENSP00000311449	P20340	RAB6A_HUMAN
ENSP00000280706	Q6ZMR3	LDH6A_HUMAN
ENSP00000262455	Q9BS26	ERP44_HUMAN
ENSP00000345133	Q6DT37	MRCKG_HUMAN
ENSP00000382250	P82932	RT06_HUMAN
ENSP00000257770	P21589	5NTD_HUMAN
ENSP00000351446	P61964	WDR5_HUMAN
ENSP00000255006	Q8WYP3	RIN2_HUMAN
ENSP00000386248	Q96FG2	ELMD3_HUMAN
ENSP00000381601	P20591	MX1_HUMAN
ENSP00000211998	P18206	VINC_HUMAN
ENSP00000253861	Q96A65	EXOC4_HUMAN
ENSP00000373684	Q9Y2H1	ST38L_HUMAN
ENSP00000305260	P62879	GBB2_HUMAN
ENSP00000216373	Q07890	SOS2_HUMAN
ENSP00000157812	P43686	PRS6B_HUMAN
ENSP00000219479	O00746	NDKD_HUMAN
ENSP00000262584	P62917	RL8_HUMAN
ENSP00000248901	Q9UIA0	CYH4_HUMAN
ENSP00000361177	Q9P2V4	LRIT1_HUMAN
ENSP00000243440	Q9NR55	BATF3_HUMAN
ENSP00000405926	Q9Y3B3	TMED7_HUMAN
ENSP00000481780	A0A087WYG2	A0A087WYG2_HUMAN
ENSP00000419195	Q8NCB2	CAMKV_HUMAN
ENSP00000279387	P60510	PP4C_HUMAN
ENSP00000304604	Q5TCQ9	MAGI3_HUMAN
ENSP00000158762	Q15027	ACAP1_HUMAN
ENSP00000302968	Q9Y6F8	CDY1_HUMAN
ENSP00000291906	Q6P5Z2	PKN3_HUMAN
ENSP00000249647	O00161	SNP23_HUMAN
ENSP00000253686	P82663	RT25_HUMAN
ENSP00000347140	P07307	ASGR2_HUMAN
ENSP00000320866	P27797	CALR_HUMAN
ENSP00000429374	P60866	RS20_HUMAN
ENSP00000346173	P38117	ETFB_HUMAN
ENSP00000367220	P61160	ARP2_HUMAN
ENSP00000265753	Q15056	IF4H_HUMAN
ENSP00000369080	Q9Y4P9	SPEF1_HUMAN
ENSP00000286827	Q13009	TIAM1_HUMAN
ENSP00000357838	P04181	OAT_HUMAN
ENSP00000364298	Q9UIM3	FKBPL_HUMAN
ENSP00000363524	O95239	KIF4A_HUMAN
ENSP00000463842	P18621	RL17_HUMAN
ENSP00000413697	O60784	TOM1_HUMAN
ENSP00000402515	Q96Q15	SMG1_HUMAN
ENSP00000359300	P41208	CETN2_HUMAN
ENSP00000300087	Q9BTE1	DCTN5_HUMAN
ENSP00000389103	P62750	RL23A_HUMAN
ENSP00000401564	F6WQW2	F6WQW2_HUMAN
ENSP00000428714	E9PF32	E9PF32_HUMAN
ENSP00000385432	Q9Y6B6	SAR1B_HUMAN
ENSP00000463559	O14950	ML12B_HUMAN
ENSP00000300651	Q15648	MED1_HUMAN
ENSP00000286719	O14830	PPE2_HUMAN
ENSP00000430344	P51178	PLCD1_HUMAN
ENSP00000359424	O15111	IKKA_HUMAN
ENSP00000386264	Q96Q45	TM237_HUMAN
ENSP00000269051	P58872	RHBL3_HUMAN
ENSP00000357178	P14616	INSRR_HUMAN
ENSP00000358696	P51805	PLXA3_HUMAN
ENSP00000219204	Q9Y2Y0	AR2BP_HUMAN
ENSP00000381876	Q86T65	DAAM2_HUMAN
ENSP00000439020	Q71U36	TBA1A_HUMAN
ENSP00000397441	Q9Y2V7	COG6_HUMAN
ENSP00000360613	P49459	UBE2A_HUMAN
ENSP00000401888	P04049	RAF1_HUMAN
ENSP00000239690	Q96RS6	NUDC1_HUMAN
ENSP00000354451	Q86VI3	IQGA3_HUMAN
ENSP00000237264	P62380	TBPL1_HUMAN
ENSP00000462468	P07947	YES_HUMAN
ENSP00000369784	A6NHL2	TBAL3_HUMAN
ENSP00000357048	P53621	COPA_HUMAN
ENSP00000338844	Q15437	SC23B_HUMAN
ENSP00000317469	Q8NFJ9	BBS1_HUMAN
ENSP00000262942	Q92747	ARC1A_HUMAN
ENSP00000240874	O60229	KALRN_HUMAN
ENSP00000298552	Q92574	TSC1_HUMAN
ENSP00000362566	P84074	HPCA_HUMAN
ENSP00000369810	Q9H269	VPS16_HUMAN
ENSP00000362730	Q9NZJ7	MTCH1_HUMAN
ENSP00000392718	P0CG38	POTEI_HUMAN
ENSP00000413152	Q9Y680	FKBP7_HUMAN
ENSP00000303178	Q9Y6F8	CDY1_HUMAN
ENSP00000236192	O75379	VAMP4_HUMAN
ENSP00000434103	P59190	RAB15_HUMAN
ENSP00000339063	P68104	EF1A1_HUMAN
ENSP00000354947	P47755	CAZA2_HUMAN
ENSP00000370719	Q15811	ITSN1_HUMAN
ENSP00000384675	Q07889	SOS1_HUMAN
ENSP00000349168	P31943	HNRH1_HUMAN
ENSP00000378721	O94979	SC31A_HUMAN
ENSP00000382697	Q13464	ROCK1_HUMAN
ENSP00000347134	Q7Z628	ARHG8_HUMAN
ENSP00000384700	Q9NRJ5	PAPOB_HUMAN
ENSP00000258739	P33947	ERD22_HUMAN
ENSP00000261842	Q9UPM8	AP4E1_HUMAN
ENSP00000295408	Q12866	MERTK_HUMAN
ENSP00000363779	O95163	ELP1_HUMAN
ENSP00000479134	Q68DA7	FMN1_HUMAN
ENSP00000300055	O60240	PLIN1_HUMAN
ENSP00000262305	O75154	RFIP3_HUMAN
ENSP00000365012	P08631	HCK_HUMAN
ENSP00000365012	J3KPD6	J3KPD6_HUMAN
ENSP00000312778	Q9P2H3	IFT80_HUMAN
ENSP00000472985	P46782	RS5_HUMAN
ENSP00000389277	P55061	BI1_HUMAN
ENSP00000298229	O15357	SHIP2_HUMAN
ENSP00000481721	Q9BYX2	TBD2A_HUMAN
ENSP00000259056	Q7Z7M9	GALT5_HUMAN
ENSP00000259808	Q13546	RIPK1_HUMAN
ENSP00000263847	P22059	OSBP1_HUMAN
ENSP00000178640	Q13163	MP2K5_HUMAN
ENSP00000299138	Q96QK1	VPS35_HUMAN
ENSP00000256404	Q96S96	PEBP4_HUMAN
ENSP00000300935	P61006	RAB8A_HUMAN
ENSP00000301037	Q96LW2	KS6R_HUMAN
ENSP00000374484	Q8NBN3	TM87A_HUMAN
ENSP00000392513	Q96P64	AGAP4_HUMAN
ENSP00000220003	P41240	CSK_HUMAN
ENSP00000378769	P62140	PP1B_HUMAN
ENSP00000263354	P54920	SNAA_HUMAN
ENSP00000380334	Q15080	NCF4_HUMAN
ENSP00000361635	P45880	VDAC2_HUMAN
ENSP00000273130	Q9Y6G9	DC1L1_HUMAN
ENSP00000367197	O76038	SEGN_HUMAN
ENSP00000355689	Q16774	KGUA_HUMAN
ENSP00000257904	P11802	CDK4_HUMAN
ENSP00000302886	Q9UQ80	PA2G4_HUMAN
ENSP00000478887	P01106	MYC_HUMAN
ENSP00000348461	P63000	RAC1_HUMAN
ENSP00000272322	Q9P1Q0	VPS54_HUMAN
ENSP00000417378	Q16864	VATF_HUMAN
ENSP00000358997	P51617	IRAK1_HUMAN
ENSP00000313420	P78527	PRKDC_HUMAN
ENSP00000311430	P36578	RL4_HUMAN
ENSP00000387307	Q9H0N0	RAB6C_HUMAN
ENSP00000263657	Q9NRX1	PNO1_HUMAN
ENSP00000380869	Q8WUD1	RAB2B_HUMAN
ENSP00000329419	P35606	COPB2_HUMAN
ENSP00000372023	O96017	CHK2_HUMAN
ENSP00000360108	O75061	AUXI_HUMAN
ENSP00000341071	Q9NR81	ARHG3_HUMAN
ENSP00000383996	Q9Y5P4	CERT_HUMAN
ENSP00000361206	Q9NVS2	RT18A_HUMAN
ENSP00000411471	Q9NUQ8	ABCF3_HUMAN
ENSP00000432660	P23528	COF1_HUMAN
ENSP00000375220	Q96RT6	CTGE2_HUMAN
ENSP00000361298	Q99661	KIF2C_HUMAN
ENSP00000377148	O43747	AP1G1_HUMAN
ENSP00000332791	Q96M94	KLH15_HUMAN
ENSP00000267257	P49023	PAXI_HUMAN
ENSP00000346037	P05386	RLA1_HUMAN
ENSP00000378557	Q9Y4D1	DAAM1_HUMAN
ENSP00000260746	P36405	ARL3_HUMAN
ENSP00000264065	Q8IXB1	DJC10_HUMAN
ENSP00000438388	Q12756	KIF1A_HUMAN
ENSP00000357283	P02545	LMNA_HUMAN
ENSP00000380638	Q14289	FAK2_HUMAN
ENSP00000329471	P24390	ERD21_HUMAN
ENSP00000313007	P11940	PABP1_HUMAN
ENSP00000355428	Q7L8J4	3BP5L_HUMAN
ENSP00000371230	Q9UIJ7	KAD3_HUMAN
ENSP00000271857	X6R3N0	X6R3N0_HUMAN
ENSP00000376345	P62993	GRB2_HUMAN
ENSP00000270142	P00441	SODC_HUMAN
ENSP00000353846	O15075	DCLK1_HUMAN
ENSP00000381098	Q9Y3R0	GRIP1_HUMAN
ENSP00000364555	Q9H568	ACTL8_HUMAN
ENSP00000337261	Q92888	ARHG1_HUMAN
ENSP00000364579	Q5TC63	GRTP1_HUMAN
ENSP00000303507	P11274	BCR_HUMAN
ENSP00000342136	O43889	CREB3_HUMAN
ENSP00000411831	O75037	KI21B_HUMAN
ENSP00000378323	Q08209	PP2BA_HUMAN
ENSP00000275364	Q03113	GNA12_HUMAN
ENSP00000494678	Q9ULP9	TBC24_HUMAN
ENSP00000360793	Q96Q89	KI20B_HUMAN
ENSP00000494750	P60709	ACTB_HUMAN
ENSP00000265709	P16157	ANK1_HUMAN
ENSP00000285873	Q8TEQ6	GEMI5_HUMAN
ENSP00000416097	Q08379	GOGA2_HUMAN
ENSP00000416097	A0A6Q8KRG2	A0A6Q8KRG2_HUMAN
ENSP00000423399	Q9P0J6	RM36_HUMAN
ENSP00000355651	P20338	RAB4A_HUMAN
ENSP00000349016	O75381	PEX14_HUMAN
ENSP00000364449	Q9Y2K2	SIK3_HUMAN
ENSP00000357810	Q6UY18	LIGO4_HUMAN
ENSP00000386786	A5A3E0	POTEF_HUMAN
ENSP00000479816	Q6P3S1	DEN1B_HUMAN
ENSP00000424711	A0PK11	CLRN2_HUMAN
ENSP00000446955	P60660	MYL6_HUMAN
ENSP00000309415	P09497	CLCB_HUMAN
ENSP00000356864	O14880	MGST3_HUMAN
ENSP00000262146	Q15390	MTFR1_HUMAN
ENSP00000298159	Q9Y281	COF2_HUMAN
ENSP00000221114	O00399	DCTN6_HUMAN
ENSP00000203556	Q9P107	GMIP_HUMAN
ENSP00000337797	Q9HB75	PIDD1_HUMAN
ENSP00000354669	Q8N5J2	MINY1_HUMAN
ENSP00000347244	Q9NZM3	ITSN2_HUMAN
ENSP00000318821	Q96CN9	GCC1_HUMAN
ENSP00000373215	Q9ULU8	CAPS1_HUMAN
ENSP00000377948	Q96P65	QRFPR_HUMAN
ENSP00000300176	O95081	AGFG2_HUMAN
ENSP00000380070	P04406	G3P_HUMAN
ENSP00000360532	Q99459	CDC5L_HUMAN
ENSP00000046087	Q9BS86	ZPBP1_HUMAN
ENSP00000380718	Q9Y232	CDYL_HUMAN
ENSP00000258955	Q9HA92	RSAD1_HUMAN
ENSP00000469035	M0QXB4	M0QXB4_HUMAN
ENSP00000331901	P26641	EF1G_HUMAN
ENSP00000269881	Q96L12	CALR3_HUMAN
ENSP00000244496	Q96EU6	RRP36_HUMAN
ENSP00000367658	Q8TDY3	ACTT2_HUMAN
ENSP00000293831	P60842	IF4A1_HUMAN
ENSP00000219252	P19387	RPB3_HUMAN
ENSP00000258457	Q9BVC5	ASHWN_HUMAN
ENSP00000385000	O00139	KIF2A_HUMAN
ENSP00000219476	P49815	TSC2_HUMAN
ENSP00000463939	J3QQX2	J3QQX2_HUMAN
ENSP00000442736	Q9ULL4	PLXB3_HUMAN
ENSP00000331602	Q05655	KPCD_HUMAN
ENSP00000236709	Q9UNA3	A4GCT_HUMAN
ENSP00000218340	O75695	XRP2_HUMAN
ENSP00000299705	Q9Y3Q3	TMED3_HUMAN
ENSP00000223369	O15498	YKT6_HUMAN
ENSP00000295240	Q8N3I7	BBS5_HUMAN
ENSP00000471457	Q13459	MYO9B_HUMAN
ENSP00000357660	Q8NCR9	CLRN3_HUMAN
ENSP00000310491	Q07960	RHG01_HUMAN
ENSP00000322170	Q8NHR9	PROF4_HUMAN
ENSP00000345656	Q9P0L0	VAPA_HUMAN
ENSP00000239440	Q8WWN8	ARAP3_HUMAN
ENSP00000387875	Q2VIQ3	KIF4B_HUMAN
ENSP00000273375	Q5HYI8	RABL3_HUMAN
ENSP00000302830	Q7L5Y9	MAEA_HUMAN
ENSP00000256858	Q9P260	RELCH_HUMAN
ENSP00000356000	O75051	PLXA2_HUMAN
ENSP00000381339	A8MTJ3	GNAT3_HUMAN
ENSP00000306124	Q02156	KPCE_HUMAN
ENSP00000285208	Q9NRW1	RAB6B_HUMAN
ENSP00000363638	O95372	LYPA2_HUMAN
ENSP00000379287	P63104	1433Z_HUMAN
ENSP00000356920	Q9UNI6	DUS12_HUMAN
ENSP00000243298	Q9NP90	RAB9B_HUMAN
ENSP00000437073	Q92614	MY18A_HUMAN
ENSP00000266037	Q8IZD9	DOCK3_HUMAN
ENSP00000416250	Q14232	EI2BA_HUMAN
ENSP00000003100	Q16850	CP51A_HUMAN
ENSP00000380524	Q8WWF8	CAPSL_HUMAN
ENSP00000290378	P68032	ACTC_HUMAN
ENSP00000361803	Q8WU79	SMAP2_HUMAN
ENSP00000365773	Q9Y617	SERC_HUMAN
ENSP00000362294	A0A075B6H0	A0A075B6H0_HUMAN
ENSP00000480707	Q9P299	COPZ2_HUMAN
ENSP00000270176	Q96KG9	SCYL1_HUMAN
ENSP00000376367	Q92558	WASF1_HUMAN
ENSP00000361264	Q13905	RPGF1_HUMAN
ENSP00000294618	Q96HP0	DOCK6_HUMAN
ENSP00000370695	Q9NV70	EXOC1_HUMAN
ENSP00000423673	Q9P0J0	NDUAD_HUMAN
ENSP00000416750	Q9BYT3	STK33_HUMAN
ENSP00000371267	P27348	1433T_HUMAN
ENSP00000263125	Q04759	KPCT_HUMAN
ENSP00000361275	Q9H4B4	PLK3_HUMAN
ENSP00000009530	P04233	HG2A_HUMAN
ENSP00000369390	O94921	CDK14_HUMAN
ENSP00000366283	O94991	SLIK5_HUMAN
ENSP00000300093	P53350	PLK1_HUMAN
ENSP00000360916	P52735	VAV2_HUMAN
ENSP00000388169	P59998	ARPC4_HUMAN
ENSP00000444561	Q9P0S9	TM14C_HUMAN
ENSP00000393541	Q9BW83	IFT27_HUMAN
ENSP00000296474	Q04912	RON_HUMAN
ENSP00000314733	Q9H0E2	TOLIP_HUMAN
ENSP00000232975	P63316	TNNC1_HUMAN
ENSP00000349305	Q13439	GOGA4_HUMAN
ENSP00000264995	P09001	RM03_HUMAN
ENSP00000481994	F8WCM8	F8WCM8_HUMAN
ENSP00000265062	P51149	RAB7A_HUMAN
ENSP00000262288	Q9HB40	RISC_HUMAN
ENSP00000265431	P05937	CALB1_HUMAN
ENSP00000255194	O00203	AP3B1_HUMAN
ENSP00000229812	Q15208	STK38_HUMAN
ENSP00000263904	O75886	STAM2_HUMAN
ENSP00000340454	P52306	GDS1_HUMAN
ENSP00000223073	Q9NW13	RBM28_HUMAN
ENSP00000313869	Q9BQQ3	GORS1_HUMAN
ENSP00000287878	Q9UGJ0	AAKG2_HUMAN
ENSP00000256460	Q14012	KCC1A_HUMAN
ENSP00000365162	Q9H1R3	MYLK2_HUMAN
ENSP00000222286	O14556	G3PT_HUMAN
ENSP00000326238	Q96KX2	CAZA3_HUMAN
ENSP00000328287	Q5XPI4	RN123_HUMAN
ENSP00000334300	Q9Y615	ACL7A_HUMAN
ENSP00000258886	P48200	IREB2_HUMAN
ENSP00000446830	Q8N4W6	DJC22_HUMAN
ENSP00000428489	Q96KB5	TOPK_HUMAN
ENSP00000378338	Q9Y2X7	GIT1_HUMAN
ENSP00000456206	Q3ZCM7	TBB8_HUMAN
ENSP00000254976	P60880	SNP25_HUMAN
ENSP00000262177	O75190	DNJB6_HUMAN
ENSP00000367806	Q6IPX4	Q6IPX4_HUMAN
ENSP00000368237	Q8NHH9	ATLA2_HUMAN
ENSP00000360676	Q96EK9	KTI12_HUMAN
ENSP00000355966	P51955	NEK2_HUMAN
ENSP00000338777	P59780	AP3S2_HUMAN
ENSP00000203407	P31930	QCR1_HUMAN
ENSP00000296255	P04843	RPN1_HUMAN
ENSP00000386588	A6NKT7	RGPD3_HUMAN
ENSP00000430276	P10911	MCF2_HUMAN
ENSP00000371554	P08294	SODE_HUMAN
ENSP00000280772	Q12955	ANK3_HUMAN
ENSP00000350896	P54760	EPHB4_HUMAN
ENSP00000234313	P08567	PLEK_HUMAN
ENSP00000203630	Q15773	MLF2_HUMAN
ENSP00000326342	Q8IZ81	ELMD2_HUMAN
ENSP00000216133	O95931	CBX7_HUMAN
ENSP00000338127	Q15569	TESK1_HUMAN
ENSP00000239891	Q9Y673	ALG5_HUMAN
ENSP00000319060	A0A2Q3DQE3	A0A2Q3DQE3_HUMAN
ENSP00000363308	Q8NA23	WDR31_HUMAN
ENSP00000009105	Q96NX5	KCC1G_HUMAN
ENSP00000364361	Q9NYL2	M3K20_HUMAN
ENSP00000264028	P48444	COPD_HUMAN
ENSP00000371133	Q9NP66	HM20A_HUMAN
ENSP00000365891	P42768	WASP_HUMAN
ENSP00000393241	P62269	RS18_HUMAN
ENSP00000331849	Q6P161	RM54_HUMAN
ENSP00000346839	P02751	FINC_HUMAN
ENSP00000310722	P00540	MOS_HUMAN
ENSP00000309714	A1X283	SPD2B_HUMAN
ENSP00000267814	Q00796	DHSO_HUMAN
ENSP00000326381	Q14240	IF4A2_HUMAN
ENSP00000361917	Q9P291	ARMX1_HUMAN
ENSP00000307078	P33176	KINH_HUMAN
ENSP00000335153	P07900	HS90A_HUMAN
ENSP00000358071	Q9Y6Y8	S23IP_HUMAN
ENSP00000263265	Q9H4M7	PKHA4_HUMAN
ENSP00000389445	Q14157	UBP2L_HUMAN
ENSP00000320295	Q13509	TBB3_HUMAN
ENSP00000361900	Q15785	TOM34_HUMAN
ENSP00000246069	P60981	DEST_HUMAN
ENSP00000436785	Q8IXU6	S35F2_HUMAN
ENSP00000274710	Q9BQI7	PSD2_HUMAN
ENSP00000397947	Q96JA3	PKHA8_HUMAN
ENSP00000457728	A0A0B4J294	A0A0B4J294_HUMAN
ENSP00000350348	Q14831	GRM7_HUMAN
ENSP00000376293	Q9BZF3	OSBL6_HUMAN
ENSP00000451560	A0A0B4J269	A0A0B4J269_HUMAN
ENSP00000409952	Q8N1B4	VPS52_HUMAN
ENSP00000305071	O14593	RFXK_HUMAN
ENSP00000385886	Q8IV61	GRP3_HUMAN
ENSP00000262498	Q9Y6A4	CFA20_HUMAN
ENSP00000268057	Q96RK4	BBS4_HUMAN
ENSP00000483786	P37235	HPCL1_HUMAN
ENSP00000221138	P62714	PP2AB_HUMAN
ENSP00000354927	Q99759	M3K3_HUMAN
ENSP00000388996	Q9BXS5	AP1M1_HUMAN
ENSP00000262948	P36507	MP2K2_HUMAN
ENSP00000483552	P09958	FURIN_HUMAN
ENSP00000362727	Q8TEH3	DEN1A_HUMAN
ENSP00000256682	P61204	ARF3_HUMAN
ENSP00000445122	P26439	3BHS2_HUMAN
ENSP00000279242	Q13405	RM49_HUMAN
ENSP00000478061	P29966	MARCS_HUMAN
ENSP00000359386	Q3ZAQ7	VMA21_HUMAN
ENSP00000268182	P46940	IQGA1_HUMAN
ENSP00000338019	P25686	DNJB2_HUMAN
ENSP00000426909	P63244	RACK1_HUMAN
ENSP00000314615	Q8N6T3	ARFG1_HUMAN
ENSP00000262225	Q15363	TMED2_HUMAN
ENSP00000234453	Q9HB20	PKHA3_HUMAN
ENSP00000308413	Q9UBS0	KS6B2_HUMAN
ENSP00000419494	Q8N488	RYBP_HUMAN
ENSP00000351333	Q14CB8	RHG19_HUMAN
ENSP00000389351	A0A0C4DG17	A0A0C4DG17_HUMAN
ENSP00000378712	Q1ZYL8	IZUM4_HUMAN
ENSP00000459626	Q9ULH7	MRTFB_HUMAN
ENSP00000360922	O95793	STAU1_HUMAN
ENSP00000300584	Q9UPU7	TBD2B_HUMAN
ENSP00000219255	Q9NPB6	PAR6A_HUMAN
ENSP00000331342	Q6WKZ4	RFIP1_HUMAN
ENSP00000269209	Q9H706	GARE1_HUMAN
ENSP00000368758	Q4LDR2	CTXN3_HUMAN
ENSP00000429323	E7ERK9	E7ERK9_HUMAN
ENSP00000482657	Q99558	M3K14_HUMAN
ENSP00000480332	A0A087WWM0	A0A087WWM0_HUMAN
ENSP00000292614	P52435	RPB11_HUMAN
ENSP00000398803	Q13630	FCL_HUMAN
ENSP00000378313	Q8TBN0	R3GEF_HUMAN
ENSP00000420311	P62829	RL23_HUMAN
ENSP00000369431	Q9H8G2	CAAP1_HUMAN
ENSP00000418695	Q15008	PSMD6_HUMAN
ENSP00000369318	O94955	RHBT3_HUMAN
ENSP00000376792	Q96AJ9	VTI1A_HUMAN
ENSP00000324020	Q9NS87	KIF15_HUMAN
ENSP00000449241	Q99490	AGAP2_HUMAN
ENSP00000408910	Q13561	DCTN2_HUMAN
ENSP00000410833	Q04446	GLGB_HUMAN
ENSP00000389095	Q15438	CYH1_HUMAN
ENSP00000362656	Q92805	GOGA1_HUMAN
ENSP00000296953	Q8IUR6	CRERF_HUMAN
ENSP00000288670	Q96PY5	FMNL2_HUMAN
ENSP00000274364	Q13576	IQGA2_HUMAN
ENSP00000223023	O00401	WASL_HUMAN
ENSP00000381293	P46459	NSF_HUMAN
ENSP00000254950	Q9UN37	VPS4A_HUMAN
ENSP00000384593	Q75VX8	GARE2_HUMAN
ENSP00000381785	Q6YN16	HSDL2_HUMAN
ENSP00000382423	Q13233	M3K1_HUMAN
ENSP00000314030	O60884	DNJA2_HUMAN
ENSP00000359571	Q5JRM2	CX066_HUMAN
ENSP00000380308	Q13409	DC1I2_HUMAN
ENSP00000392147	O00743	PPP6_HUMAN
ENSP00000392330	P51572	BAP31_HUMAN
ENSP00000351015	P21359	NF1_HUMAN
ENSP00000335655	Q8IVF7	FMNL3_HUMAN
ENSP00000361475	P62166	NCS1_HUMAN
ENSP00000257663	Q9H2L4	TMM60_HUMAN
ENSP00000386443	A0A5F9UY30	A0A5F9UY30_HUMAN
ENSP00000281141	O75794	CD123_HUMAN
ENSP00000370013	Q8WV60	PTCD2_HUMAN
ENSP00000480301	Q6DN90	IQEC1_HUMAN
ENSP00000362036	Q9Y3D3	RT16_HUMAN
ENSP00000248437	P68366	TBA4A_HUMAN
ENSP00000261890	P62491	RB11A_HUMAN
ENSP00000373404	Q5T653	RM02_HUMAN
ENSP00000348215	Q5TCZ1	SPD2A_HUMAN
ENSP00000311962	Q9UJY4	GGA2_HUMAN
ENSP00000216274	Q9Y572	RIPK3_HUMAN
ENSP00000475168	O15258	RER1_HUMAN
ENSP00000482543	A0A2Y9D025	A0A2Y9D025_HUMAN
ENSP00000354111	Q9H3Z4	DNJC5_HUMAN
ENSP00000400717	Q14344	GNA13_HUMAN
ENSP00000245932	P50552	VASP_HUMAN
ENSP00000446215	P62826	RAN_HUMAN
ENSP00000268919	Q8N4N8	KIF2B_HUMAN
ENSP00000370419	Q5R3I4	TTC38_HUMAN
ENSP00000306548	Q9BYD1	RM13_HUMAN
ENSP00000306902	Q9BYD3	RM04_HUMAN
ENSP00000314067	Q13177	PAK2_HUMAN
ENSP00000279281	Q9UID3	VPS51_HUMAN
ENSP00000377280	Q9NRD0	FBX8_HUMAN
ENSP00000306637	O14715	RGPD8_HUMAN
ENSP00000357076	P37802	TAGL2_HUMAN
ENSP00000261776	Q08AM6	VAC14_HUMAN
ENSP00000384869	Q8NHS4	CLHC1_HUMAN
ENSP00000479488	P35232	PHB1_HUMAN
ENSP00000378306	P16298	PP2BB_HUMAN
ENSP00000377789	Q8N3V7	SYNPO_HUMAN
ENSP00000360609	P08238	HS90B_HUMAN
ENSP00000285735	P08134	RHOC_HUMAN
ENSP00000282356	Q16566	KCC4_HUMAN
ENSP00000349041	Q7Z6K4	NRARP_HUMAN
ENSP00000401010	B1AK88	B1AK88_HUMAN
ENSP00000229270	P60174	TPIS_HUMAN
ENSP00000418401	Q9Y5M8	SRPRB_HUMAN
ENSP00000378485	P42679	MATK_HUMAN
ENSP00000354791	A0A804CDA6	A0A804CDA6_HUMAN
ENSP00000364864	O15066	KIF3B_HUMAN
ENSP00000245796	Q8NDX1	PSD4_HUMAN
ENSP00000333326	Q9NY65	TBA8_HUMAN
ENSP00000434442	Q8N6H7	ARFG2_HUMAN
ENSP00000317376	P82912	RT11_HUMAN
ENSP00000429283	Q92608	DOCK2_HUMAN
ENSP00000279036	Q969N2	PIGT_HUMAN
ENSP00000249923	P53618	COPB_HUMAN
ENSP00000361057	O15260	SURF4_HUMAN
ENSP00000357452	Q15126	PMVK_HUMAN
ENSP00000387246	Q9Y2U5	M3K2_HUMAN
ENSP00000301332	Q96AC6	KIFC2_HUMAN
ENSP00000332407	Q8WUS8	D42E1_HUMAN
ENSP00000362108	P80188	NGAL_HUMAN
ENSP00000377936	Q00005	2ABB_HUMAN
ENSP00000361748	Q96GR4	ZDH12_HUMAN
ENSP00000362680	P12931	SRC_HUMAN
ENSP00000303366	Q12907	LMAN2_HUMAN
ENSP00000369643	P30550	GRPR_HUMAN
ENSP00000239940	P35080	PROF2_HUMAN
ENSP00000306010	P18085	ARF4_HUMAN
ENSP00000369131	O75182	SIN3B_HUMAN
ENSP00000260762	Q8TAG9	EXOC6_HUMAN
ENSP00000335193	Q96JC1	VPS39_HUMAN
ENSP00000287218	Q9H8U3	ZFAN3_HUMAN
ENSP00000365458	P61978	HNRPK_HUMAN
ENSP00000440207	Q9Y2I9	TBC30_HUMAN
ENSP00000351209	P29317	EPHA2_HUMAN
ENSP00000306678	Q8NFD2	ANKK1_HUMAN
ENSP00000358019	Q9NXX6	NSE4A_HUMAN
ENSP00000386135	P53355	DAPK1_HUMAN
ENSP00000299882	Q9H3S3	TMPS5_HUMAN
ENSP00000369703	Q13885	TBB2A_HUMAN
ENSP00000357869	A0A0B4J1S8	A0A0B4J1S8_HUMAN
ENSP00000324806	P49841	GSK3B_HUMAN
ENSP00000334100	Q9UPT5	EXOC7_HUMAN
ENSP00000326031	P62136	PP1A_HUMAN
ENSP00000384198	Q53TQ3	IN80D_HUMAN
ENSP00000353864	O75914	PAK3_HUMAN
ENSP00000263088	O14939	PLD2_HUMAN
ENSP00000383053	P29323	EPHB2_HUMAN
ENSP00000414398	Q9UBS4	DJB11_HUMAN
ENSP00000386959	Q9BXY5	CAYP2_HUMAN
ENSP00000295463	P09923	PPBI_HUMAN
ENSP00000361949	Q13310	PABP4_HUMAN
ENSP00000244227	Q8WVK2	SNR27_HUMAN
ENSP00000362578	O76064	RNF8_HUMAN
ENSP00000403343	C9JEH3	C9JEH3_HUMAN
ENSP00000375821	O60237	MYPT2_HUMAN
ENSP00000265171	P01133	EGF_HUMAN
ENSP00000394071	P31150	GDIA_HUMAN
ENSP00000425561	P06730	IF4E_HUMAN
ENSP00000262646	P61019	RAB2A_HUMAN
ENSP00000358307	Q8NBF2	NHLC2_HUMAN
ENSP00000381247	A8MZ26	EFCB9_HUMAN
ENSP00000494697	P32969	RL9_HUMAN
ENSP00000263168	P52907	CAZA1_HUMAN
ENSP00000444425	Q6QNK2	AGRD1_HUMAN
ENSP00000262866	Q9H6Q3	SLAP2_HUMAN
ENSP00000362639	Q7Z6M1	RABEK_HUMAN
ENSP00000273047	P20339	RAB5A_HUMAN
ENSP00000360860	Q13325	IFIT5_HUMAN
ENSP00000468376	Q496M5	PLK5_HUMAN
ENSP00000307508	P22676	CALB2_HUMAN
ENSP00000298910	Q5S007	LRRK2_HUMAN
ENSP00000261769	P12830	CADH1_HUMAN
ENSP00000363597	Q5JT25	RAB41_HUMAN
ENSP00000496241	O00400	ACATN_HUMAN
ENSP00000353292	P37088	SCNNA_HUMAN
ENSP00000326981	Q9NV31	IMP3_HUMAN
ENSP00000000412	P20645	MPRD_HUMAN
ENSP00000379891	Q96PC3	AP1S3_HUMAN
ENSP00000273398	P38606	VATA_HUMAN
ENSP00000306330	P61981	1433G_HUMAN
ENSP00000414359	P25786	PSA1_HUMAN
ENSP00000264972	P43403	ZAP70_HUMAN
ENSP00000316029	Q9Y490	TLN1_HUMAN
ENSP00000393845	P0DN37	PAL4G_HUMAN
ENSP00000274496	Q969M3	YIPF5_HUMAN
ENSP00000254286	Q9NZ32	ARP10_HUMAN
ENSP00000200557	O75078	ADA11_HUMAN
ENSP00000353575	Q9NR50	EI2BG_HUMAN
ENSP00000260731	P52732	KIF11_HUMAN
ENSP00000311083	P61024	CKS1_HUMAN
ENSP00000384952	O15235	RT12_HUMAN
ENSP00000230449	Q96KP1	EXOC2_HUMAN
ENSP00000216366	A0A8C8KBR5	A0A8C8KBR5_HUMAN
ENSP00000496250	P62913	RL11_HUMAN
ENSP00000258383	Q9H9J2	RM44_HUMAN
ENSP00000255082	Q96HD9	ACY3_HUMAN
ENSP00000364815	P26640	SYVC_HUMAN
ENSP00000421339	Q86UG4	SO6A1_HUMAN
ENSP00000454786	H3BNC9	H3BNC9_HUMAN
ENSP00000385885	Q4G0W2	DUS28_HUMAN
ENSP00000308897	Q9Y3B7	RM11_HUMAN
ENSP00000297044	O43739	CYH3_HUMAN
ENSP00000287777	Q2TBA0	KLH40_HUMAN
ENSP00000310933	Q8WXG6	MADD_HUMAN
ENSP00000245157	Q9BXC9	BBS2_HUMAN
ENSP00000376297	P63167	DYL1_HUMAN
ENSP00000387535	Q8WZA9	IRGQ_HUMAN
ENSP00000366565	Q9UK41	VPS28_HUMAN
ENSP00000306968	Q9BWT1	CDCA7_HUMAN
ENSP00000369461	O75521	ECI2_HUMAN
ENSP00000339001	P07437	TBB5_HUMAN
ENSP00000318884	Q9NZ56	FMN2_HUMAN
ENSP00000363193	Q93074	MED12_HUMAN
ENSP00000339754	P56559	ARL4C_HUMAN
ENSP00000429900	Q9ULH1	ASAP1_HUMAN
ENSP00000432973	Q15262	PTPRK_HUMAN
ENSP00000279022	P24844	MYL9_HUMAN
ENSP00000340989	P31947	1433S_HUMAN
ENSP00000232564	Q9HAV0	GBB4_HUMAN
ENSP00000470176	M0QYZ2	M0QYZ2_HUMAN
ENSP00000386741	P15882	CHIN_HUMAN
ENSP00000360431	Q9P212	PLCE1_HUMAN
ENSP00000259818	Q9BVA1	TBB2B_HUMAN
ENSP00000393963	Q9BW19	KIFC1_HUMAN
ENSP00000246662	P35527	K1C9_HUMAN
ENSP00000296859	Q8TEU7	RPGF6_HUMAN
ENSP00000246194	Q9UKM9	RALY_HUMAN
ENSP00000323867	P54619	AAKG1_HUMAN
ENSP00000482620	Q86YS3	RFIP4_HUMAN
ENSP00000354558	P42345	MTOR_HUMAN
ENSP00000366156	P19623	SPEE_HUMAN
ENSP00000442008	Q9BVG8	KIFC3_HUMAN
ENSP00000264712	O14782	KIF3C_HUMAN
ENSP00000267622	Q15643	TRIPB_HUMAN
ENSP00000330945	Q9BVK6	TMED9_HUMAN
ENSP00000359370	Q9NQW1	SC31B_HUMAN
ENSP00000229340	Q15286	RAB35_HUMAN
ENSP00000278572	P23396	RS3_HUMAN
ENSP00000360850	Q9Y399	RT02_HUMAN
ENSP00000325369	Q92572	AP3S1_HUMAN
ENSP00000309597	Q16584	M3K11_HUMAN
ENSP00000358200	Q7L804	RFIP2_HUMAN
ENSP00000410992	Q13724	MOGS_HUMAN
ENSP00000346206	Q03518	TAP1_HUMAN
ENSP00000016946	Q99666	RGPD5_HUMAN
ENSP00000268661	Q92901	RL3L_HUMAN
ENSP00000389631	O15143	ARC1B_HUMAN
ENSP00000348602	P49418	AMPH_HUMAN
ENSP00000278568	Q13153	PAK1_HUMAN
ENSP00000396467	Q16644	MAPK3_HUMAN
ENSP00000248975	Q04917	1433F_HUMAN
ENSP00000355605	Q8IYI6	EXOC8_HUMAN
ENSP00000226004	P51452	DUS3_HUMAN
ENSP00000356530	Q05823	RN5A_HUMAN
ENSP00000464849	P04632	CPNS1_HUMAN
ENSP00000250617	Q15052	ARHG6_HUMAN
ENSP00000217402	Q9H444	CHM4B_HUMAN
ENSP00000377522	O75425	MSPD3_HUMAN
ENSP00000355925	Q92786	PROX1_HUMAN
ENSP00000442973	O43293	DAPK3_HUMAN
ENSP00000375810	Q6P597	KLC3_HUMAN
ENSP00000483825	Q9Y6K9	NEMO_HUMAN
ENSP00000317128	Q9Y4D7	PLXD1_HUMAN
ENSP00000385205	Q9NRD5	PICK1_HUMAN
ENSP00000204726	Q08378	GOGA3_HUMAN
ENSP00000464030	Q14164	IKKE_HUMAN
ENSP00000318197	Q6PEY2	TBA3E_HUMAN
ENSP00000264071	P04350	TBB4A_HUMAN
ENSP00000272317	P62979	RS27A_HUMAN
ENSP00000367343	Q9HCG7	GBA2_HUMAN
ENSP00000225724	O95249	GOSR1_HUMAN
ENSP00000332118	P54753	EPHB3_HUMAN
ENSP00000295050	Q9H040	SPRTN_HUMAN
ENSP00000359871	Q5T4U5	Q5T4U5_HUMAN
ENSP00000376197	P02786	TFR1_HUMAN
ENSP00000355645	P68133	ACTS_HUMAN
ENSP00000263093	Q9Y2P5	S27A5_HUMAN
ENSP00000324511	Q8WYJ6	SEPT1_HUMAN
ENSP00000324511	J3KNL2	J3KNL2_HUMAN
ENSP00000274376	P20936	RASA1_HUMAN
ENSP00000260643	Q9HCU5	SEC12_HUMAN
ENSP00000275493	P00533	EGFR_HUMAN
ENSP00000336702	P63241	IF5A1_HUMAN
ENSP00000300151	Q9NX20	RM16_HUMAN
ENSP00000265840	Q8N336	ELMD1_HUMAN
ENSP00000451828	P31749	AKT1_HUMAN
ENSP00000357079	Q9UL16	CFA45_HUMAN
ENSP00000225577	P23443	KS6B1_HUMAN
ENSP00000369436	Q6P6B7	ANR16_HUMAN
ENSP00000304102	Q7L5N1	CSN6_HUMAN
ENSP00000341779	P36873	PP1G_HUMAN
ENSP00000285928	Q96M69	LRGUK_HUMAN
ENSP00000356737	Q5T7V8	GORAB_HUMAN
ENSP00000435777	P62277	RS13_HUMAN
ENSP00000303208	Q8NBP7	PCSK9_HUMAN
ENSP00000163416	Q8TBA6	GOGA5_HUMAN
ENSP00000160827	Q14807	KIF22_HUMAN
ENSP00000431040	Q9NWU5	RM22_HUMAN
ENSP00000216254	Q99798	ACON_HUMAN
ENSP00000229379	P12074	CX6A1_HUMAN
ENSP00000298316	P62330	ARF6_HUMAN
ENSP00000331268	Q5TZF3	ANR45_HUMAN
ENSP00000449328	P05388	RLA0_HUMAN
ENSP00000224073	O60869	EDF1_HUMAN
ENSP00000418754	Q13308	PTK7_HUMAN
ENSP00000489442	A0A0U1RRB6	A0A0U1RRB6_HUMAN
ENSP00000463393	O75396	SC22B_HUMAN
ENSP00000399403	Q9H0B6	KLC2_HUMAN
ENSP00000386918	O43731	ERD23_HUMAN
ENSP00000420127	P51151	RAB9A_HUMAN
ENSP00000264710	P61026	RAB10_HUMAN
ENSP00000341289	P68371	TBB4B_HUMAN
ENSP00000276616	Q96QS6	PSKH2_HUMAN
ENSP00000287152	Q6ZMV9	KIF6_HUMAN
ENSP00000385545	Q2KJY2	KI26B_HUMAN
ENSP00000336799	P68363	TBA1B_HUMAN
ENSP00000360183	O14662	STX16_HUMAN
ENSP00000296271	P08100	OPSD_HUMAN
ENSP00000361486	Q9H4Z3	CAPAM_HUMAN
ENSP00000373312	P55735	SEC13_HUMAN
ENSP00000333947	Q7LFX5	CHSTF_HUMAN
ENSP00000284669	O60662	KLH41_HUMAN
ENSP00000285039	Q9ULV0	MYO5B_HUMAN
ENSP00000444357	Q96FW1	OTUB1_HUMAN
ENSP00000351490	P61244	MAX_HUMAN
ENSP00000217182	Q05639	EF1A2_HUMAN
ENSP00000431822	P62861	RS30_HUMAN
ENSP00000222008	Q9UI14	PRAF1_HUMAN
ENSP00000354560	Q92845	KIFA3_HUMAN
ENSP00000491316	Q9UNP4	SIAT9_HUMAN
ENSP00000404190	Q9H0H5	RGAP1_HUMAN
ENSP00000360498	Q8IXM3	RM41_HUMAN
ENSP00000302486	Q02750	MP2K1_HUMAN
ENSP00000304593	O43257	ZNHI1_HUMAN
ENSP00000320130	O14576	DC1I1_HUMAN
ENSP00000382177	Q9Y4I1	MYO5A_HUMAN
ENSP00000220676	P56715	RP1_HUMAN
ENSP00000441875	Q99623	PHB2_HUMAN
ENSP00000217133	Q9H4B7	TBB1_HUMAN
ENSP00000315554	Q8N4L4	SPEM1_HUMAN
ENSP00000234454	P35270	SPRE_HUMAN
ENSP00000424363	E9PBE3	E9PBE3_HUMAN
ENSP00000219409	Q99819	GDIR3_HUMAN
ENSP00000312999	P04899	GNAI2_HUMAN
ENSP00000251337	P19087	GNAT2_HUMAN
ENSP00000309968	P78536	ADA17_HUMAN
ENSP00000466363	O60331	PI51C_HUMAN
ENSP00000398131	P15170	ERF3A_HUMAN
ENSP00000316674	Q8TC94	ACTL9_HUMAN
ENSP00000470246	P61018	RAB4B_HUMAN
ENSP00000344223	Q14703	MBTP1_HUMAN
ENSP00000369038	O43324	MCA3_HUMAN
ENSP00000300648	Q92616	GCN1_HUMAN
ENSP00000474246	S4R3E6	S4R3E6_HUMAN
ENSP00000006777	Q6NTF9	RHBD2_HUMAN
ENSP00000431885	P29597	TYK2_HUMAN
ENSP00000479844	Q8TDF6	GRP4_HUMAN
ENSP00000324287	Q15057	ACAP2_HUMAN
ENSP00000438085	Q9NZ52	GGA3_HUMAN
ENSP00000373905	P50570	DYN2_HUMAN
ENSP00000333401	Q9NQ50	RM40_HUMAN
ENSP00000264718	Q9HCN4	GPN1_HUMAN
ENSP00000219313	P51665	PSMD7_HUMAN
ENSP00000263245	Q9NP61	ARFG3_HUMAN
ENSP00000466898	Q96GM1	PLPR2_HUMAN
ENSP00000356231	P47224	MSS4_HUMAN
ENSP00000470262	Q8IUR0	TPPC5_HUMAN
ENSP00000245816	Q16740	CLPP_HUMAN
ENSP00000477781	A0A0B4J2C3	A0A0B4J2C3_HUMAN
ENSP00000283148	Q8NBZ7	UXS1_HUMAN
ENSP00000498466	P25445	TNR6_HUMAN
ENSP00000465685	Q9Y6Q5	AP1M2_HUMAN
ENSP00000390783	Q8WVM8	SCFD1_HUMAN
ENSP00000469413	O96013	PAK4_HUMAN
ENSP00000302895	Q8WZ64	ARAP2_HUMAN
ENSP00000376652	Q9UI08	EVL_HUMAN
ENSP00000473381	P54368	OAZ1_HUMAN
ENSP00000356130	Q6XUX3	DUSTY_HUMAN
ENSP00000343325	Q16512	PKN1_HUMAN
ENSP00000249363	Q9HBW1	LRRC4_HUMAN
ENSP00000297814	Q86VH2	KIF27_HUMAN
ENSP00000375892	P31751	AKT2_HUMAN
ENSP00000392495	P0DI81	TPC2A_HUMAN
ENSP00000375730	P40429	RL13A_HUMAN
ENSP00000298283	Q96L21	RL10L_HUMAN
ENSP00000358921	P61163	ACTZ_HUMAN
ENSP00000403663	C9JC87	C9JC87_HUMAN
ENSP00000385025	Q8TEV9	SMCR8_HUMAN
ENSP00000419449	P41567	EIF1_HUMAN
ENSP00000416706	Q562R1	ACTBL_HUMAN
ENSP00000474032	Q8TCX1	DC2L1_HUMAN
ENSP00000227756	Q6P9A2	GLT18_HUMAN
ENSP00000283195	P49792	RBP2_HUMAN
ENSP00000302393	Q9BYZ2	LDH6B_HUMAN
ENSP00000448696	Q8N9I9	DTX3_HUMAN
ENSP00000409231	A5PLN9	TPC13_HUMAN
ENSP00000454229	Q13286	CLN3_HUMAN
ENSP00000296557	P53367	ARFP1_HUMAN
ENSP00000391490	O95994	AGR2_HUMAN
ENSP00000222792	P52757	CHIO_HUMAN
ENSP00000301838	Q13158	FADD_HUMAN
ENSP00000367407	O60551	NMT2_HUMAN
ENSP00000320563	Q6ZS81	WDFY4_HUMAN
ENSP00000264027	O75845	SC5D_HUMAN
ENSP00000388241	Q9ULI4	KI26A_HUMAN
ENSP00000327116	Q9NZN3	EHD3_HUMAN
ENSP00000439189	Q6S8J3	POTEE_HUMAN
ENSP00000414964	Q8WV48	CC107_HUMAN
ENSP00000450895	V9GXZ4	V9GXZ4_HUMAN
ENSP00000446252	P04179	SODM_HUMAN
ENSP00000263934	O60333	KIF1B_HUMAN
ENSP00000296674	P62266	RS23_HUMAN
ENSP00000351338	O43157	PLXB1_HUMAN
ENSP00000320176	P14317	HCLS1_HUMAN
ENSP00000340466	Q14697	GANAB_HUMAN
ENSP00000364749	Q9BU20	CPLN2_HUMAN
ENSP00000480853	F8VXU5	F8VXU5_HUMAN
ENSP00000394484	Q9C098	DCLK3_HUMAN
ENSP00000299601	Q8WVC0	LEO1_HUMAN
ENSP00000296526	P42262	GRIA2_HUMAN
ENSP00000291041	P11801	KPSH1_HUMAN
ENSP00000410452	P16949	STMN1_HUMAN
ENSP00000261880	Q6PD74	AAGAB_HUMAN
ENSP00000404676	P53609	PGTB1_HUMAN
ENSP00000221855	Q99426	TBCB_HUMAN
ENSP00000357320	P51398	RT29_HUMAN
ENSP00000290949	P61421	VA0D1_HUMAN
ENSP00000263955	O94768	ST17B_HUMAN
ENSP00000029410	Q9UBV7	B4GT7_HUMAN
ENSP00000272418	P82675	RT05_HUMAN
ENSP00000478479	Q9NP72	RAB18_HUMAN
ENSP00000375632	P46781	RS9_HUMAN
ENSP00000427562	P42684	ABL2_HUMAN
ENSP00000373301	O60239	3BP5_HUMAN
ENSP00000354376	P57735	RAB25_HUMAN
ENSP00000498715	Q96SY0	INT14_HUMAN
ENSP00000355995	P28845	DHI1_HUMAN
ENSP00000336740	P53667	LIMK1_HUMAN
ENSP00000244314	Q6NXR0	IIGP5_HUMAN
ENSP00000274643	Q86YV6	MYLK4_HUMAN
ENSP00000464893	Q9C0B0	UNK_HUMAN
ENSP00000395281	Q5BN46	PIRC1_HUMAN
ENSP00000054666	Q15836	VAMP3_HUMAN
ENSP00000495274	O14617	AP3D1_HUMAN
ENSP00000427793	Q9H0M0	WWP1_HUMAN
ENSP00000332772	Q8N8F6	YIPF7_HUMAN
ENSP00000268613	P55290	CAD13_HUMAN
ENSP00000399415	B7Z4W5	B7Z4W5_HUMAN
ENSP00000314499	O14976	GAK_HUMAN
ENSP00000338769	Q8TDY4	ASAP3_HUMAN
ENSP00000317955	Q15075	EEA1_HUMAN
ENSP00000265070	Q9H4A6	GOLP3_HUMAN
ENSP00000366746	Q92783	STAM1_HUMAN
ENSP00000306788	Q15041	AR6P1_HUMAN
ENSP00000392828	A0A0A0MSK4	A0A0A0MSK4_HUMAN
ENSP00000302783	Q9Y5R8	TPPC1_HUMAN
ENSP00000466298	O60499	STX10_HUMAN
ENSP00000458162	P63261	ACTG_HUMAN
ENSP00000317473	P53611	PGTB2_HUMAN
ENSP00000475344	P35414	APJ_HUMAN
ENSP00000343190	Q96CD2	COAC_HUMAN
ENSP00000259708	Q9NSK0	KLC4_HUMAN
ENSP00000481762	O75534	CSDE1_HUMAN
ENSP00000261183	Q9BZF1	OSBL8_HUMAN
ENSP00000236671	P07339	CATD_HUMAN
ENSP00000258424	P10606	COX5B_HUMAN
ENSP00000442460	Q13882	PTK6_HUMAN
ENSP00000333298	P11279	LAMP1_HUMAN
ENSP00000358335	O43318	M3K7_HUMAN
ENSP00000394560	P45984	MK09_HUMAN
ENSP00000377508	P14923	PLAK_HUMAN
ENSP00000357631	Q5VWI1	TCRGL_HUMAN
ENSP00000476295	Q8N8U2	CDYL2_HUMAN
ENSP00000363103	P57086	SCND1_HUMAN
ENSP00000319192	Q9UEE5	ST17A_HUMAN
ENSP00000263025	P27361	MK03_HUMAN
ENSP00000377665	Q14C86	GAPD1_HUMAN
ENSP00000342793	Q13393	PLD1_HUMAN
ENSP00000318646	P62244	RS15A_HUMAN
ENSP00000365686	P46059	S15A1_HUMAN
ENSP00000367203	O15550	KDM6A_HUMAN
ENSP00000270162	P57059	SIK1_HUMAN
ENSP00000351682	Q96KN2	CNDP1_HUMAN
ENSP00000340648	Q7Z6Z7	HUWE1_HUMAN
ENSP00000406885	Q96HV5	TM41A_HUMAN
ENSP00000468367	K7ERQ8	K7ERQ8_HUMAN
ENSP00000222547	O15155	BET1_HUMAN
ENSP00000297679	Q9H2F3	3BHS7_HUMAN
ENSP00000274289	Q9NYY3	PLK2_HUMAN
ENSP00000248244	Q8IUC6	TCAM1_HUMAN
ENSP00000278353	Q53GQ0	DHB12_HUMAN
ENSP00000361009	Q8TCU6	PREX1_HUMAN
ENSP00000305995	P07205	PGK2_HUMAN
ENSP00000354040	Q9BZE4	GTPB4_HUMAN
ENSP00000366487	Q96KC2	ARL5B_HUMAN
ENSP00000377275	Q14789	GOGB1_HUMAN
ENSP00000381844	Q6DD88	ATLA3_HUMAN
ENSP00000427900	Q9NQT8	KI13B_HUMAN
ENSP00000387286	P62820	RAB1A_HUMAN
ENSP00000427463	P61009	SPCS3_HUMAN
ENSP00000293879	Q96KV7	WDR90_HUMAN
ENSP00000216446	Q9NYT0	PLEK2_HUMAN
ENSP00000287600	O43924	PDE6D_HUMAN
ENSP00000320117	Q15642	CIP4_HUMAN
ENSP00000495726	Q5JU85	IQEC2_HUMAN
ENSP00000473623	Q969T4	UB2E3_HUMAN
ENSP00000224784	P62736	ACTA_HUMAN
ENSP00000464443	Q8IY31	IFT20_HUMAN
ENSP00000400175	P61586	RHOA_HUMAN
ENSP00000360165	Q8TDG2	ACTT1_HUMAN
ENSP00000436005	Q9Y296	TPPC4_HUMAN
ENSP00000316338	Q9UQB8	BAIP2_HUMAN
ENSP00000161006	Q9GZN4	BSSP4_HUMAN
ENSP00000293441	Q9Y566	SHAN1_HUMAN
ENSP00000300557	Q9BU68	PR15L_HUMAN
ENSP00000354739	P30050	RL12_HUMAN
ENSP00000246792	P10301	RRAS_HUMAN
ENSP00000353670	Q6ZMY3	SPOC1_HUMAN
ENSP00000365745	Q14247	SRC8_HUMAN
ENSP00000242067	Q3SYG4	PTHB1_HUMAN
ENSP00000431240	P05387	RLA2_HUMAN
ENSP00000465992	Q86Y91	KI18B_HUMAN
ENSP00000379563	P30536	TSPO_HUMAN
ENSP00000220751	O43353	RIPK2_HUMAN
ENSP00000471735	W4VSR2	W4VSR2_HUMAN
ENSP00000377233	Q96P48	ARAP1_HUMAN
ENSP00000348965	Q14204	DYHC1_HUMAN
ENSP00000282728	Q03014	HHEX_HUMAN
ENSP00000345672	P07858	CATB_HUMAN
ENSP00000439601	Q92619	HMHA1_HUMAN
ENSP00000357288	Q9Y2Q5	LTOR2_HUMAN
ENSP00000253794	Q9BRG1	VPS25_HUMAN
ENSP00000257787	Q53H80	AKIR2_HUMAN
ENSP00000305442	P83436	COG7_HUMAN
ENSP00000337040	Q13432	U119A_HUMAN
ENSP00000416418	Q9Y2E8	SL9A8_HUMAN
ENSP00000373304	Q6PII3	CC174_HUMAN
ENSP00000385958	P62263	RS14_HUMAN
ENSP00000360214	Q96PE5	OPALI_HUMAN
ENSP00000347408	Q9Y2T2	AP3M1_HUMAN
ENSP00000308275	Q96DV4	RM38_HUMAN
ENSP00000312439	Q9BY78	RNF26_HUMAN
ENSP00000374566	Q2TAC6	KIF19_HUMAN
ENSP00000484390	Q9UIK4	DAPK2_HUMAN
ENSP00000350199	Q10567	AP1B1_HUMAN
ENSP00000275815	P21709	EPHA1_HUMAN
ENSP00000336666	P61966	AP1S1_HUMAN
ENSP00000478352	Q9C0E4	GRIP2_HUMAN
ENSP00000479860	Q99828	CIB1_HUMAN
ENSP00000414982	Q07866	KLC1_HUMAN
ENSP00000377061	Q9UIW2	PLXA1_HUMAN
ENSP00000405963	Q13972	RGRF1_HUMAN
ENSP00000369899	Q7L523	RRAGA_HUMAN
ENSP00000354837	Q92974	ARHG2_HUMAN
ENSP00000417602	Q9HD33	RM47_HUMAN
ENSP00000345629	Q6ZN16	M3K15_HUMAN
ENSP00000414906	Q9UJW0	DCTN4_HUMAN
ENSP00000352438	Q15366	PCBP2_HUMAN
ENSP00000496007	Q96PV0	SYGP1_HUMAN
ENSP00000245539	Q9Y2R9	RT07_HUMAN
ENSP00000264601	Q9H0T7	RAB17_HUMAN
ENSP00000453858	Q9NQU5	PAK6_HUMAN
ENSP00000468424	P30419	NMT1_HUMAN
ENSP00000375820	A6NK53	ZN233_HUMAN
ENSP00000303145	P49755	TMEDA_HUMAN
ENSP00000259351	Q5JS13	RGPS1_HUMAN
ENSP00000262215	Q9Y6D6	BIG1_HUMAN
ENSP00000320821	O43896	KIF1C_HUMAN
ENSP00000402756	Q86WQ0	NR2CA_HUMAN
ENSP00000349588	Q01484	ANK2_HUMAN
ENSP00000379339	P62273	RS29_HUMAN
ENSP00000303709	P51965	UB2E1_HUMAN
ENSP00000469759	Q3SXY7	LRIT3_HUMAN
ENSP00000329360	Q6PK04	CC137_HUMAN
ENSP00000367872	P62873	GBB1_HUMAN
ENSP00000300289	P30101	PDIA3_HUMAN
ENSP00000322251	Q59H18	TNI3K_HUMAN
ENSP00000362208	P82914	RT15_HUMAN
ENSP00000483486	Q13795	ARFRP_HUMAN
ENSP00000362170	Q69YI7	NAIF1_HUMAN
ENSP00000332247	Q9Y487	VPP2_HUMAN
ENSP00000264499	Q8IWZ6	BBS7_HUMAN
ENSP00000250495	Q15843	NEDD8_HUMAN
ENSP00000338788	Q8WU90	ZC3HF_HUMAN
ENSP00000418915	P42771	CDN2A_HUMAN
ENSP00000370125	P05114	HMGN1_HUMAN
ENSP00000464121	Q2V6Q1	Q2V6Q1_HUMAN
ENSP00000315410	Q9H4L5	OSBL3_HUMAN
ENSP00000335371	Q7Z392	TPC11_HUMAN
ENSP00000304854	Q8WVJ2	NUDC2_HUMAN
ENSP00000426503	P78317	RNF4_HUMAN
ENSP00000264904	O60763	USO1_HUMAN
ENSP00000304283	P60763	RAC3_HUMAN
ENSP00000357651	Q9UJT0	TBE_HUMAN
ENSP00000237530	P04844	RPN2_HUMAN
ENSP00000347712	Q8NCU7	C2C4A_HUMAN
ENSP00000258526	O60486	PLXC1_HUMAN
ENSP00000307272	Q8N122	RPTOR_HUMAN
ENSP00000316779	O00499	BIN1_HUMAN
ENSP00000380878	P48454	PP2BC_HUMAN
ENSP00000362688	A0A7P0MRT9	A0A7P0MRT9_HUMAN
ENSP00000401435	Q5VIR6	VPS53_HUMAN
ENSP00000463233	P0CB38	PAB4L_HUMAN
ENSP00000382982	P0DPH7	TBA3C_HUMAN
ENSP00000360158	P08F94	PKHD1_HUMAN
ENSP00000225972	Q96AG4	LRC59_HUMAN
ENSP00000500034	P98198	AT8B2_HUMAN
ENSP00000384719	P62760	VISL1_HUMAN
ENSP00000356389	Q9NU53	GINM1_HUMAN
ENSP00000463325	P28827	PTPRM_HUMAN
ENSP00000431418	P04629	NTRK1_HUMAN
ENSP00000349503	O43829	ZBT14_HUMAN
ENSP00000367686	Q9P286	PAK5_HUMAN
ENSP00000315659	Q6XZF7	DNMBP_HUMAN
ENSP00000312311	Q9H2W6	RM46_HUMAN
ENSP00000428220	A1A4Y4	IRGM_HUMAN
ENSP00000270861	O00444	PLK4_HUMAN
ENSP00000401678	Q8IZQ8	MYCD_HUMAN
ENSP00000359000	Q92538	GBF1_HUMAN
ENSP00000304669	P35221	CTNA1_HUMAN
ENSP00000216034	Q9NS69	TOM22_HUMAN
ENSP00000346196	P56181	NDUV3_HUMAN
ENSP00000308820	Q7Z5B4	RIC3_HUMAN
ENSP00000437256	Q9UPY3	DICER_HUMAN
ENSP00000380450	Q8NFA2	NOXO1_HUMAN
ENSP00000368014	J3KPG0	J3KPG0_HUMAN
ENSP00000499883	Q06055	AT5G2_HUMAN
ENSP00000320359	Q9H7X7	IFT22_HUMAN
ENSP00000468280	K7ERJ3	K7ERJ3_HUMAN
ENSP00000333037	Q9BYD9	ACTT3_HUMAN
ENSP00000392206	Q5VTM2	AGAP9_HUMAN
ENSP00000326042	P0DPH8	TBA3D_HUMAN
ENSP00000304941	Q96GX1	TECT2_HUMAN
ENSP00000276440	Q9H7D0	DOCK5_HUMAN
ENSP00000389168	O14974	MYPT1_HUMAN
ENSP00000318697	Q9BUF5	TBB6_HUMAN
ENSP00000324173	P11021	BIP_HUMAN
ENSP00000406047	Q96PP4	TSG13_HUMAN
ENSP00000485033	A0A096LNH6	A0A096LNH6_HUMAN
ENSP00000257604	O14545	TRAD1_HUMAN
ENSP00000478874	Q8IU85	KCC1D_HUMAN
ENSP00000437783	P07864	LDHC_HUMAN
ENSP00000220478	Q8WXD2	SCG3_HUMAN
ENSP00000247461	P27824	CALX_HUMAN
ENSP00000362413	P00558	PGK1_HUMAN
ENSP00000289228	P42025	ACTY_HUMAN
ENSP00000442682	O75689	ADAP1_HUMAN
ENSP00000263181	Q8NI77	KI18A_HUMAN
ENSP00000246747	P36404	ARL2_HUMAN
ENSP00000466818	P14854	CX6B1_HUMAN
ENSP00000258654	Q96JB2	COG3_HUMAN
ENSP00000271732	Q9H4A5	GLP3L_HUMAN
ENSP00000384164	Q96L93	KI16B_HUMAN
ENSP00000419782	Q00535	CDK5_HUMAN
ENSP00000355237	Q9Y5S2	MRCKB_HUMAN
ENSP00000355228	P05204	HMGN2_HUMAN
ENSP00000267199	Q96AX1	VP33A_HUMAN
ENSP00000386541	O00487	PSDE_HUMAN
ENSP00000306881	Q15436	SC23A_HUMAN
ENSP00000333547	Q15907	RB11B_HUMAN
ENSP00000469888	P0DI82	TPC2B_HUMAN
ENSP00000428564	O95487	SC24B_HUMAN
ENSP00000339844	Q8N983	RM43_HUMAN
ENSP00000252250	P48668	K2C6C_HUMAN
ENSP00000379842	Q96BR1	SGK3_HUMAN
ENSP00000379256	P61601	NCALD_HUMAN
ENSP00000359297	Q15738	NSDHL_HUMAN
ENSP00000494788	O14936	CSKP_HUMAN
ENSP00000259632	O75935	DCTN3_HUMAN
ENSP00000381102	Q86T03	PP4P1_HUMAN
ENSP00000296679	Q9HAD4	WDR41_HUMAN
ENSP00000265080	O14827	RGRF2_HUMAN
ENSP00000353824	Q86V86	PIM3_HUMAN
ENSP00000417764	Q9H553	ALG2_HUMAN
ENSP00000288266	Q9UKG1	DP13A_HUMAN
ENSP00000334003	Q9ULD6	INTU_HUMAN
ENSP00000384996	Q9BXI6	TB10A_HUMAN
ENSP00000478501	Q9UM13	APC10_HUMAN
ENSP00000312734	Q92930	RAB8B_HUMAN
ENSP00000393922	Q8N2Y8	RUSC2_HUMAN
ENSP00000315299	P27482	CALL3_HUMAN
ENSP00000359935	A0A0S2Z5C6	A0A0S2Z5C6_HUMAN
ENSP00000420211	O15211	RGL2_HUMAN
ENSP00000405950	Q6P2M8	KCC1B_HUMAN
ENSP00000347538	Q9BSW7	SYT17_HUMAN
ENSP00000484121	A0A087X1E4	A0A087X1E4_HUMAN
ENSP00000493691	A0A2R8Y471	A0A2R8Y471_HUMAN
ENSP00000355583	Q5TCX8	M3K21_HUMAN
ENSP00000321260	P10176	COX8A_HUMAN
ENSP00000384830	A5PKW4	PSD1_HUMAN
ENSP00000469468	Q9Y4Z0	LSM4_HUMAN
ENSP00000360154	Q01968	OCRL_HUMAN
ENSP00000261313	P30086	PEBP1_HUMAN
ENSP00000441158	P53675	CLH2_HUMAN
ENSP00000260526	Q52LW3	RHG29_HUMAN
ENSP00000250559	P61224	RAP1B_HUMAN
ENSP00000456337	H3BRN8	PIRC2_HUMAN
ENSP00000442047	F5H8B4	F5H8B4_HUMAN
ENSP00000261263	Q9UL25	RAB21_HUMAN
ENSP00000369538	P50395	GDIB_HUMAN
ENSP00000310244	O95267	GRP1_HUMAN
ENSP00000452401	H0YJX3	H0YJX3_HUMAN
ENSP00000345268	F8W6M3	F8W6M3_HUMAN
ENSP00000314976	Q9UHF4	I20RA_HUMAN
ENSP00000339467	P84095	RHOG_HUMAN
ENSP00000251047	P49257	LMAN1_HUMAN
ENSP00000361331	O43414	ERI3_HUMAN
ENSP00000333769	P35613	BASI_HUMAN
ENSP00000300456	Q6P1M0	S27A4_HUMAN
ENSP00000223136	Q9Y3D6	FIS1_HUMAN
ENSP00000280700	Q96IV0	NGLY1_HUMAN
ENSP00000380321	O75386	TULP3_HUMAN
ENSP00000369176	O95139	NDUB6_HUMAN
ENSP00000307634	Q9UPQ3	AGAP1_HUMAN
ENSP00000265148	Q02224	CENPE_HUMAN
ENSP00000358867	P08754	GNAI3_HUMAN
ENSP00000378356	O95235	KI20A_HUMAN
ENSP00000269571	P04626	ERBB2_HUMAN
ENSP00000225969	Q9P0M9	RM27_HUMAN
ENSP00000385757	P53004	BIEA_HUMAN
ENSP00000417235	Q86YW9	MD12L_HUMAN
ENSP00000376647	Q56UN5	M3K19_HUMAN
ENSP00000490760	A0A1B0GW35	EXC1L_HUMAN
ENSP00000291295	P0DP25	CALM3_HUMAN
ENSP00000264454	Q9BRL7	SC22C_HUMAN
ENSP00000294179	Q13190	STX5_HUMAN
ENSP00000296577	P61221	ABCE1_HUMAN
ENSP00000420270	Q8TAS1	UHMK1_HUMAN
ENSP00000439444	F5H284	PAL4D_HUMAN
ENSP00000310521	Q96IW7	SC22A_HUMAN
ENSP00000362339	Q9NR31	SAR1A_HUMAN
ENSP00000301585	Q14197	ICT1_HUMAN
ENSP00000299767	P14625	ENPL_HUMAN
ENSP00000496713	A6NNZ2	TBB8B_HUMAN
ENSP00000377486	P49406	RM19_HUMAN
ENSP00000053468	P82664	RT10_HUMAN
ENSP00000383178	Q9NSV4	DIAP3_HUMAN
ENSP00000263246	Q9UNF0	PACN2_HUMAN
ENSP00000386458	A0A7N4I394	A0A7N4I394_HUMAN
ENSP00000394049	Q13239	SLAP1_HUMAN
ENSP00000378690	Q9BXU9	CABP8_HUMAN
ENSP00000352882	Q9HCM2	PLXA4_HUMAN
ENSP00000403362	E9PFW3	E9PFW3_HUMAN
ENSP00000289371	O60841	IF2P_HUMAN
ENSP00000497221	Q9Y287	ITM2B_HUMAN
ENSP00000354871	O14829	PPE1_HUMAN
ENSP00000385808	E9PES4	E9PES4_HUMAN
ENSP00000410746	Q8N1I0	DOCK4_HUMAN
ENSP00000375682	O60259	KLK8_HUMAN
ENSP00000289473	P14598	NCF1_HUMAN
ENSP00000281589	Q9H361	PABP3_HUMAN
ENSP00000261942	Q96CS3	FAF2_HUMAN
ENSP00000361423	P00519	ABL1_HUMAN
ENSP00000499900	P23458	JAK1_HUMAN
ENSP00000386538	Q4KMP7	TB10B_HUMAN
ENSP00000363799	Q9Y614	ACL7B_HUMAN
ENSP00000378974	P45983	MK08_HUMAN
ENSP00000281419	O43150	ASAP2_HUMAN
ENSP00000324318	Q8WVT3	TPC12_HUMAN
ENSP00000309477	P21399	ACOHC_HUMAN
ENSP00000358582	Q9Y6B7	AP4B1_HUMAN
ENSP00000409666	P55854	SUMO3_HUMAN
ENSP00000397133	Q9UGI9	AAKG3_HUMAN
ENSP00000378288	Q32MK0	MYLK3_HUMAN
ENSP00000357564	P51153	RAB13_HUMAN
ENSP00000346001	P39023	RL3_HUMAN
ENSP00000362018	Q92674	CENPI_HUMAN
ENSP00000274311	Q9BRX2	PELO_HUMAN
ENSP00000417175	O95292	VAPB_HUMAN
ENSP00000329915	O95456	PSMG1_HUMAN
ENSP00000428924	P07948	LYN_HUMAN
ENSP00000359484	Q8IYB5	SMAP1_HUMAN
ENSP00000339299	O75962	TRIO_HUMAN
ENSP00000358421	P14060	3BHS1_HUMAN
ENSP00000312442	O75843	AP1G2_HUMAN
ENSP00000469613	P49771	FLT3L_HUMAN
ENSP00000452762	P13804	ETFA_HUMAN
ENSP00000408979	Q12840	KIF5A_HUMAN
ENSP00000418447	P67775	PP2AA_HUMAN
ENSP00000361930	P31946	1433B_HUMAN
ENSP00000280557	O43583	DENR_HUMAN
ENSP00000442626	Q04118	PRB3_HUMAN
ENSP00000367952	Q8WVF2	UCMA_HUMAN
ENSP00000382015	P17028	ZNF24_HUMAN
ENSP00000217043	Q9H3Y0	CRSPL_HUMAN
ENSP00000332454	P57078	RIPK4_HUMAN
ENSP00000252603	O95336	6PGL_HUMAN
ENSP00000451263	P80192	M3K9_HUMAN
ENSP00000380466	Q16540	RM23_HUMAN
ENSP00000346733	Q96P50	ACAP3_HUMAN
ENSP00000374390	Q86SP6	GP149_HUMAN
ENSP00000373706	O60610	DIAP1_HUMAN
ENSP00000483185	P63010	AP2B1_HUMAN
ENSP00000321348	O60879	DIAP2_HUMAN
ENSP00000344666	P35240	MERL_HUMAN
ENSP00000353444	P61020	RAB5B_HUMAN
ENSP00000496229	Q9UIL4	KIF25_HUMAN
ENSP00000447053	P51148	RAB5C_HUMAN
ENSP00000291574	P48553	TPC10_HUMAN
ENSP00000372210	Q9NYM9	BET1L_HUMAN
ENSP00000288607	Q9BT73	PSMG3_HUMAN
ENSP00000252602	Q9BQ48	RM34_HUMAN
ENSP00000352288	O15031	PLXB2_HUMAN
ENSP00000431165	E9PMD0	E9PMD0_HUMAN
ENSP00000443475	F5H5D3	F5H5D3_HUMAN
ENSP00000382828	P57077	M3KCL_HUMAN
ENSP00000325425	Q9NZL9	MAT2B_HUMAN
ENSP00000348349	B2RTY4	MYO9A_HUMAN
ENSP00000402346	Q9UBF2	COPG2_HUMAN
ENSP00000449270	P61923	COPZ1_HUMAN
ENSP00000255631	Q9NZL4	HPBP1_HUMAN
ENSP00000377250	Q7Z3U7	MON2_HUMAN
ENSP00000346762	Q7KZF4	SND1_HUMAN
ENSP00000295491	Q9Y3D5	RT18C_HUMAN
ENSP00000245680	Q8WV83	S35F5_HUMAN
ENSP00000478035	A0AAG2SUK6	A0AAG2SUK6_HUMAN
ENSP00000441543	P0CG48	UBC_HUMAN
ENSP00000360985	Q9Y6D5	BIG2_HUMAN
ENSP00000242784	Q9BQ61	TRIR_HUMAN
ENSP00000258198	O43237	DC1L2_HUMAN
ENSP00000378324	Q8WW22	DNJA4_HUMAN
ENSP00000442920	P04179	SODM_HUMAN
ENSP00000215071	P48556	PSMD8_HUMAN
ENSP00000341247	Q8IYD1	ERF3B_HUMAN
ENSP00000319052	Q12798	CETN1_HUMAN
ENSP00000233078	Q96EP5	DAZP1_HUMAN
ENSP00000261636	P40616	ARL1_HUMAN
ENSP00000314157	A0A7P0T8U4	A0A7P0T8U4_HUMAN
ENSP00000481834	Q9UM19	HPCL4_HUMAN
ENSP00000415139	Q86XR7	TCAM2_HUMAN
ENSP00000329127	P24723	KPCL_HUMAN
ENSP00000379931	Q96LR5	UB2E2_HUMAN
ENSP00000495563	Q9NRW7	VPS45_HUMAN
ENSP00000376077	P63165	SUMO1_HUMAN
ENSP00000249356	Q9UBS3	DNJB9_HUMAN
ENSP00000484998	A0A087X2I1	A0A087X2I1_HUMAN
ENSP00000232461	P11488	GNAT1_HUMAN
ENSP00000242285	P09496	CLCA_HUMAN
ENSP00000249071	P15153	RAC2_HUMAN
ENSP00000403681	P04554	PRM2_HUMAN
ENSP00000265339	P63146	UBE2B_HUMAN
ENSP00000382895	Q96KN7	RPGR1_HUMAN
ENSP00000260363	Q02241	KIF23_HUMAN
ENSP00000359552	Q16513	PKN2_HUMAN
ENSP00000007414	Q9BZF2	OSBL7_HUMAN
ENSP00000494957	Q9NPD8	UBE2T_HUMAN
ENSP00000276052	Q00536	CDK16_HUMAN
ENSP00000329967	Q9UHD2	TBK1_HUMAN
ENSP00000228945	P52566	GDIR2_HUMAN
ENSP00000477310	Q96FJ2	DYL2_HUMAN
ENSP00000418572	F8WCA0	F8WCA0_HUMAN
ENSP00000329219	O95466	FMNL1_HUMAN
ENSP00000471896	Q14653	IRF3_HUMAN
ENSP00000398481	Q86UW7	CAPS2_HUMAN
ENSP00000343118	Q0VGL1	LTOR4_HUMAN
ENSP00000254846	O15054	KDM6B_HUMAN
ENSP00000246957	Q12931	TRAP1_HUMAN
ENSP00000325002	Q9Y678	COPG1_HUMAN
ENSP00000327650	Q9H267	VP33B_HUMAN
ENSP00000377027	Q8WUH2	TGFA1_HUMAN
ENSP00000434412	P50454	SERPH_HUMAN
ENSP00000270625	P62280	RS11_HUMAN
ENSP00000292586	Q6NTE8	MRNIP_HUMAN
ENSP00000222330	P49840	GSK3A_HUMAN
ENSP00000359990	Q9H9A6	LRC40_HUMAN
ENSP00000314649	P51649	SSDH_HUMAN
ENSP00000447378	O43451	MGA_HUMAN
ENSP00000445408	Q15276	RABE1_HUMAN
ENSP00000493153	P50897	PPT1_HUMAN
ENSP00000369383	P39210	MPV17_HUMAN
ENSP00000461945	Q13636	RAB31_HUMAN
ENSP00000287295	O95831	AIFM1_HUMAN
ENSP00000316454	Q6VY07	PACS1_HUMAN
ENSP00000369055	P15291	B4GT1_HUMAN
ENSP00000451206	G3V3E8	G3V3E8_HUMAN
ENSP00000331258	Q9H5K3	SG196_HUMAN
ENSP00000227266	P53634	CATC_HUMAN
ENSP00000251968	Q99816	TS101_HUMAN
ENSP00000431445	P09693	CD3G_HUMAN
ENSP00000264864	Q8TCG2	P4K2B_HUMAN
ENSP00000305255	Q9UNK0	STX8_HUMAN
ENSP00000351473	Q96F15	GIMA5_HUMAN
ENSP00000378725	Q86UP2	KTN1_HUMAN
ENSP00000356465	Q13637	RAB32_HUMAN
ENSP00000307164	Q8WXA2	PATE1_HUMAN
ENSP00000260197	Q92673	SORL_HUMAN
ENSP00000498872	A0A0A0MRI2	A0A0A0MRI2_HUMAN
ENSP00000308938	P00747	PLMN_HUMAN
ENSP00000267113	Q9BSJ8	ESYT1_HUMAN
ENSP00000497815	O43299	AP5Z1_HUMAN
ENSP00000368831	O60749	SNX2_HUMAN
ENSP00000385892	A0A0A0MSE9	A0A0A0MSE9_HUMAN
ENSP00000349687	P17900	SAP3_HUMAN
ENSP00000479494	Q5JVF3	PCID2_HUMAN
ENSP00000359956	Q9NYP7	ELOV5_HUMAN
ENSP00000393316	Q9H3N1	TMX1_HUMAN
ENSP00000314508	P04062	GBA1_HUMAN
ENSP00000286788	P50990	TCPQ_HUMAN
ENSP00000318165	Q13438	OS9_HUMAN
ENSP00000265388	Q9Y5L0	TNPO3_HUMAN
ENSP00000324628	Q99747	SNAG_HUMAN
ENSP00000408411	P13473	LAMP2_HUMAN
ENSP00000311469	P09488	GSTM1_HUMAN
ENSP00000296137	Q9BQS8	FYCO1_HUMAN
ENSP00000011473	Q16563	SYPL1_HUMAN
ENSP00000184266	O95168	NDUB4_HUMAN
ENSP00000246024	Q9H1E5	TMX4_HUMAN
ENSP00000306157	P16871	IL7RA_HUMAN
ENSP00000263559	O75436	VP26A_HUMAN
ENSP00000417229	Q9BY44	EIF2A_HUMAN
ENSP00000359765	O95490	AGRL2_HUMAN
ENSP00000259400	P56962	STX17_HUMAN
ENSP00000331201	O14964	HGS_HUMAN
ENSP00000488481	A0A0J9YXN7	A0A0J9YXN7_HUMAN
ENSP00000368678	O00468	AGRIN_HUMAN
ENSP00000281187	Q4G0F5	VP26B_HUMAN
ENSP00000247933	P35475	IDUA_HUMAN
ENSP00000259512	Q9BUN8	DERL1_HUMAN
ENSP00000295569	Q96LR4	TAFA4_HUMAN
ENSP00000205061	Q92896	GSLG1_HUMAN
ENSP00000204679	Q9UJJ9	GNPTG_HUMAN
ENSP00000263054	Q8WY21	SORC1_HUMAN
ENSP00000264382	P14410	SUIS_HUMAN
ENSP00000256366	P57105	SYJ2B_HUMAN
ENSP00000362946	P61106	RAB14_HUMAN
ENSP00000360798	P42566	EPS15_HUMAN
ENSP00000053867	P28799	GRN_HUMAN
ENSP00000356107	O14966	RAB7L_HUMAN
ENSP00000385834	P02787	TRFE_HUMAN
ENSP00000261416	P07686	HEXB_HUMAN
ENSP00000335082	Q658Y4	F91A1_HUMAN
ENSP00000217131	Q9UBR2	CATZ_HUMAN
ENSP00000358715	Q9UPU3	SORC3_HUMAN
ENSP00000263710	Q7Z460	CLAP1_HUMAN
ENSP00000482826	A0A087WZQ7	A0A087WZQ7_HUMAN
ENSP00000345195	Q9UHD9	UBQL2_HUMAN
ENSP00000418575	Q7Z5A9	TAFA1_HUMAN
ENSP00000335060	Q96IR7	HPDL_HUMAN
ENSP00000450731	Q9UEU0	VTI1B_HUMAN
ENSP00000296684	O43181	NDUS4_HUMAN
ENSP00000352601	Q7Z4F1	LRP10_HUMAN
ENSP00000387282	P52594	AGFG1_HUMAN
ENSP00000268099	O15127	SCAM2_HUMAN
ENSP00000431391	Q9BZZ5	API5_HUMAN
ENSP00000309124	P78380	OLR1_HUMAN
ENSP00000408410	H7C2Y5	H7C2Y5_HUMAN
ENSP00000361634	Q9NR46	SHLB2_HUMAN
ENSP00000454071	P01130	LDLR_HUMAN
ENSP00000345344	P07711	CATL1_HUMAN
ENSP00000296220	Q9BXB4	OSB11_HUMAN
ENSP00000294258	O95159	ZFPL1_HUMAN
ENSP00000374069	Q92932	PTPR2_HUMAN
ENSP00000376930	O94876	TMCC1_HUMAN
ENSP00000369677	Q9Y6C2	EMIL1_HUMAN
ENSP00000264254	Q9H2J4	PDCL3_HUMAN
ENSP00000263238	P61158	ARP3_HUMAN
ENSP00000356540	O75558	STX11_HUMAN
ENSP00000447730	P08962	CD63_HUMAN
ENSP00000299427	O14773	TPP1_HUMAN
ENSP00000378394	P07602	SAP_HUMAN
ENSP00000362110	Q12874	SF3A3_HUMAN
ENSP00000398722	Q9BWS9	CHID1_HUMAN
ENSP00000400459	O60641	AP180_HUMAN
ENSP00000313391	P98082	DAB2_HUMAN
ENSP00000411825	Q8WUM4	PDC6I_HUMAN
ENSP00000393987	Q8N3H0	TAFA2_HUMAN
ENSP00000254963	Q96MM6	HS12B_HUMAN
ENSP00000320679	Q8N4C7	STX19_HUMAN
ENSP00000317334	P17987	TCPA_HUMAN
ENSP00000349087	Q4ZIN3	MBRL_HUMAN
ENSP00000409594	Q5T4F4	ZFY27_HUMAN
ENSP00000443631	Q01970	PLCB3_HUMAN
ENSP00000295897	P02768	ALBU_HUMAN
ENSP00000293217	Q15067	ACOX1_HUMAN
ENSP00000455114	H3BP20	H3BP20_HUMAN
ENSP00000361926	Q9BT09	CNPY3_HUMAN
ENSP00000379364	Q9H8S9	MOB1A_HUMAN
ENSP00000379601	P51159	RB27A_HUMAN
ENSP00000302728	P08236	BGLR_HUMAN
ENSP00000310998	Q9UK23	NAGPA_HUMAN
ENSP00000254528	Q9BXX0	EMIL2_HUMAN
ENSP00000422185	Q96PQ0	SORC2_HUMAN
ENSP00000494067	P82094	TMF1_HUMAN
ENSP00000437125	P11142	HSP7C_HUMAN
ENSP00000345575	J3KPS0	J3KPS0_HUMAN
ENSP00000351742	B0QYS6	B0QYS6_HUMAN
ENSP00000185150	Q96DZ1	ERLEC_HUMAN
ENSP00000215730	O95721	SNP29_HUMAN
ENSP00000217244	P68400	CSK21_HUMAN
ENSP00000025008	Q8TDY2	RBCC1_HUMAN
ENSP00000371308	Q9HC77	CPAP_HUMAN
ENSP00000003084	P13569	CFTR_HUMAN
ENSP00000357453	P33908	MA1A1_HUMAN
ENSP00000307275	O14828	SCAM3_HUMAN
ENSP00000409581	P49407	ARRB1_HUMAN
ENSP00000262623	P20648	ATP4A_HUMAN
ENSP00000263864	Q9BV40	VAMP8_HUMAN
ENSP00000429824	Q14677	EPN4_HUMAN
ENSP00000361207	Q9H3K2	GHITM_HUMAN
ENSP00000253193	O75074	LRP3_HUMAN
ENSP00000325681	P86791	CCZ1_HUMAN
ENSP00000498476	Q9GZQ8	MLP3B_HUMAN
ENSP00000309457	P49754	VPS41_HUMAN
ENSP00000352522	Q9UI12	VATH_HUMAN
ENSP00000327694	O94973	AP2A2_HUMAN
ENSP00000483453	Q9UMZ2	SYNRG_HUMAN
ENSP00000343405	P53992	SC24C_HUMAN
ENSP00000222219	O00115	DNS2A_HUMAN
ENSP00000361562	X6R8A1	X6R8A1_HUMAN
ENSP00000299314	Q3T906	GNPTA_HUMAN
ENSP00000374455	Q13501	SQSTM_HUMAN
ENSP00000399457	P39656	OST48_HUMAN
ENSP00000384400	Q9Y259	CHKB_HUMAN
ENSP00000314544	P86790	CCZ1B_HUMAN
ENSP00000317714	Q12846	STX4_HUMAN
ENSP00000367459	Q5VV43	K0319_HUMAN
ENSP00000364956	Q8IWE5	PKHM2_HUMAN
ENSP00000360688	O95881	TXD12_HUMAN
ENSP00000489869	A0A1B0GTW7	CIROP_HUMAN
ENSP00000217456	Q9HDC9	APMAP_HUMAN
ENSP00000325564	Q0VAF6	SYCN_HUMAN
ENSP00000488838	Q15165	PON2_HUMAN
ENSP00000500695	A0A5F9ZHW1	A0A5F9ZHW1_HUMAN
ENSP00000417354	O00461	GOLI4_HUMAN
ENSP00000339813	O60704	TPST2_HUMAN
ENSP00000438399	P53990	IST1_HUMAN
ENSP00000391826	P01344	IGF2_HUMAN
ENSP00000362469	Q9NY64	SL2A8_HUMAN
ENSP00000262640	P51809	VAMP7_HUMAN
ENSP00000403172	Q02878	RL6_HUMAN
ENSP00000447537	P78537	BL1S1_HUMAN
ENSP00000269228	O15118	NPC1_HUMAN
ENSP00000264079	Q9GZU1	MCLN1_HUMAN
ENSP00000269299	P07306	ASGR1_HUMAN
ENSP00000293362	P61289	PSME3_HUMAN
ENSP00000367265	Q07065	CKAP4_HUMAN
ENSP00000318585	P56817	BACE1_HUMAN
ENSP00000364295	Q6ZP29	LAAT1_HUMAN
ENSP00000289248	Q9NX52	RHBL2_HUMAN
ENSP00000354511	P21964	COMT_HUMAN
ENSP00000410926	Q96KR4	LMLN_HUMAN
ENSP00000233242	P04114	APOB_HUMAN
ENSP00000311677	Q12972	PP1R8_HUMAN
ENSP00000315203	Q8IUH2	CREG2_HUMAN
ENSP00000261866	Q96JI7	SPTCS_HUMAN
ENSP00000357981	P25774	CATS_HUMAN
ENSP00000369981	Q99962	SH3G2_HUMAN
ENSP00000457788	Q9NTJ4	MA2C1_HUMAN
ENSP00000340688	O94910	AGRL1_HUMAN
ENSP00000230085	O60493	SNX3_HUMAN
ENSP00000496870	P98164	LRP2_HUMAN
ENSP00000303356	Q7Z4W1	DCXR_HUMAN
ENSP00000351575	A6H8Y1	BDP1_HUMAN
ENSP00000377015	Q13492	PICAL_HUMAN
ENSP00000464275	Q9HAS0	NJMU_HUMAN
ENSP00000358777	Q15904	VAS1_HUMAN
ENSP00000272902	Q8NBK3	SUMF1_HUMAN
ENSP00000264896	Q14108	SCRB2_HUMAN
ENSP00000240079	Q9Y3C0	WASC3_HUMAN
ENSP00000394496	Q9ULV4	COR1C_HUMAN
ENSP00000363229	Q16572	VACHT_HUMAN
ENSP00000361883	Q01518	CAP1_HUMAN
ENSP00000369081	Q8NBS9	TXND5_HUMAN
ENSP00000340409	P17405	ASM_HUMAN
ENSP00000362465	Q96MV8	ZDH15_HUMAN
ENSP00000359540	O75629	CREG1_HUMAN
ENSP00000349437	P11717	MPRI_HUMAN
ENSP00000251119	Q68DK2	ZFY26_HUMAN
ENSP00000011653	P01730	CD4_HUMAN
ENSP00000337354	P38571	LICH_HUMAN
ENSP00000264380	Q9Y2I7	FYV1_HUMAN
ENSP00000418082	P61513	RL37A_HUMAN
ENSP00000412733	Q96SU4	OSBL9_HUMAN
ENSP00000225927	P54802	ANAG_HUMAN
ENSP00000402935	Q92609	TBCD5_HUMAN
ENSP00000337675	O00559	RCAS1_HUMAN
ENSP00000358474	P46736	BRCC3_HUMAN
ENSP00000377700	Q9NUY8	TBC23_HUMAN
ENSP00000295087	Q9Y689	ARL5A_HUMAN
ENSP00000356918	O15400	STX7_HUMAN
ENSP00000433681	P42695	CNDD3_HUMAN
ENSP00000308430	O43169	CYB5B_HUMAN
ENSP00000300692	P04234	CD3D_HUMAN
ENSP00000337731	Q9UHD4	CIDEB_HUMAN
ENSP00000225719	O75976	CBPD_HUMAN
ENSP00000325919	Q969U7	PSMG2_HUMAN
ENSP00000218516	P06280	AGAL_HUMAN
ENSP00000355265	P03928	ATP8_HUMAN
ENSP00000309376	Q04900	MUC24_HUMAN
ENSP00000497690	Q9NUN5	LMBD1_HUMAN
ENSP00000231368	Q9UIQ6	LCAP_HUMAN
ENSP00000256637	Q99523	SORT_HUMAN
ENSP00000489674	A0A1B0GTF3	A0A1B0GTF3_HUMAN
ENSP00000302413	O60507	TPST1_HUMAN
ENSP00000383563	O60844	ZG16_HUMAN
ENSP00000258145	P15586	GNS_HUMAN
ENSP00000354850	O60502	OGA_HUMAN
ENSP00000363458	Q5SW96	ARH_HUMAN
ENSP00000481314	Q9UMY4	SNX12_HUMAN
ENSP00000366998	Q9Y5X3	SNX5_HUMAN
ENSP00000472469	P62857	RS28_HUMAN
ENSP00000374443	Q99698	LYST_HUMAN
ENSP00000221957	O60664	PLIN3_HUMAN
ENSP00000261889	Q13596	SNX1_HUMAN
ENSP00000324560	O75385	ULK1_HUMAN
ENSP00000490083	O75787	RENR_HUMAN
ENSP00000318318	P34949	MPI_HUMAN
ENSP00000001008	Q02790	FKBP4_HUMAN
ENSP00000309591	P17612	KAPCA_HUMAN
ENSP00000215567	Q9NZ01	TECR_HUMAN
ENSP00000217386	P01178	NEU1_HUMAN
ENSP00000177742	C9JJ19	C9JJ19_HUMAN
ENSP00000280346	P10515	ODP2_HUMAN
ENSP00000378191	A0A8C8KIA0	A0A8C8KIA0_HUMAN
ENSP00000495672	P18077	RL35A_HUMAN
ENSP00000381266	P57081	WDR4_HUMAN
ENSP00000417401	A0AAA9XBX5	A0AAA9XBX5_HUMAN
ENSP00000268053	P05108	CP11A_HUMAN
ENSP00000404079	A0A7I2RN43	A0A7I2RN43_HUMAN
ENSP00000258930	O75838	CIB2_HUMAN
ENSP00000223364	Q01449	MLRA_HUMAN
ENSP00000337501	Q9BQI9	NRIP2_HUMAN
ENSP00000379457	Q9UNN5	FAF1_HUMAN
ENSP00000292896	P02100	HBE_HUMAN
ENSP00000355924	Q9NRG4	SMYD2_HUMAN
ENSP00000311857	P17706	PTN2_HUMAN
ENSP00000371101	Q9BSC4	NOL10_HUMAN
ENSP00000359693	Q5VVH2	FKB1C_HUMAN
ENSP00000399376	P04156	PRIO_HUMAN
ENSP00000356438	P35354	PGH2_HUMAN
ENSP00000274606	Q9NX24	NHP2_HUMAN
ENSP00000380697	Q92985	IRF7_HUMAN
ENSP00000257863	Q16671	AMHR2_HUMAN
ENSP00000430432	Q92769	HDAC2_HUMAN
ENSP00000299300	P78371	TCPB_HUMAN
ENSP00000361066	Q9Y6Q9	NCOA3_HUMAN
ENSP00000357721	P05109	S10A8_HUMAN
ENSP00000359688	Q9H9Y2	RPF1_HUMAN
ENSP00000374152	Q6GMV2	SMYD5_HUMAN
ENSP00000327213	P48552	NRIP1_HUMAN
ENSP00000384863	O14980	XPO1_HUMAN
ENSP00000274400	Q13888	TF2H2_HUMAN
ENSP00000498336	P11586	C1TC_HUMAN
ENSP00000221399	O00295	TULP2_HUMAN
ENSP00000297990	Q9H6R4	NOL6_HUMAN
ENSP00000386717	P62899	RL31_HUMAN
ENSP00000478212	Q92667	AKAP1_HUMAN
ENSP00000490225	A0A1B0GUS4	UB2L5_HUMAN
ENSP00000356520	Q08211	DHX9_HUMAN
ENSP00000338990	Q9BSB4	ATGA1_HUMAN
ENSP00000366519	Q8TEA1	NSUN6_HUMAN
ENSP00000241436	Q9UBT6	POLK_HUMAN
ENSP00000330247	Q86YG4	NT5D4_HUMAN
ENSP00000363089	O00206	TLR4_HUMAN
ENSP00000356548	Q96GA3	LTV1_HUMAN
ENSP00000367623	Q0VDF9	HSP7E_HUMAN
ENSP00000422037	Q6ZNB6	NFXL1_HUMAN
ENSP00000309572	O14746	TERT_HUMAN
ENSP00000244230	O00566	MPP10_HUMAN
ENSP00000378332	O43294	TGFI1_HUMAN
ENSP00000345917	Q9NX58	LYAR_HUMAN
ENSP00000485638	P0DN26	PAL4F_HUMAN
ENSP00000216455	P25788	PSA3_HUMAN
ENSP00000416338	O95140	MFN2_HUMAN
ENSP00000274140	O60337	MARH6_HUMAN
ENSP00000296464	O95757	HS74L_HUMAN
ENSP00000296043	Q8TF72	SHRM3_HUMAN
ENSP00000499044	P42677	RS27_HUMAN
ENSP00000406463	Q99615	DNJC7_HUMAN
ENSP00000303222	Q9Y6C9	MTCH2_HUMAN
ENSP00000364119	P20042	IF2B_HUMAN
ENSP00000350369	O15525	MAFG_HUMAN
ENSP00000216727	Q86U42	PABP2_HUMAN
ENSP00000411355	P08575	PTPRC_HUMAN
ENSP00000342778	O15355	PPM1G_HUMAN
ENSP00000336831	Q14651	PLSI_HUMAN
ENSP00000287322	O95429	BAG4_HUMAN
ENSP00000403982	Q05084	ICA69_HUMAN
ENSP00000498577	P06753	TPM3_HUMAN
ENSP00000258772	Q9NY93	DDX56_HUMAN
ENSP00000311760	Q8N6N2	TTC9B_HUMAN
ENSP00000261643	Q12887	COX10_HUMAN
ENSP00000319664	Q9Y266	NUDC_HUMAN
ENSP00000467024	P54725	RD23A_HUMAN
ENSP00000342850	P08185	CBG_HUMAN
ENSP00000262186	Q12809	KCNH2_HUMAN
ENSP00000425634	P12081	HARS1_HUMAN
ENSP00000358160	P68431	H31_HUMAN
ENSP00000252622	Q9UK45	LSM7_HUMAN
ENSP00000324856	Q15831	STK11_HUMAN
ENSP00000268802	Q9ULX3	NOB1_HUMAN
ENSP00000215832	P28482	MK01_HUMAN
ENSP00000317992	Q9Y3T9	NOC2L_HUMAN
ENSP00000351646	P31948	STIP1_HUMAN
ENSP00000342056	O75390	CISY_HUMAN
ENSP00000301329	Q9HC38	GLOD4_HUMAN
ENSP00000449026	P62945	RS32_HUMAN
ENSP00000361383	Q9BQI0	AIF1L_HUMAN
ENSP00000419425	P62937	PPIA_HUMAN
ENSP00000325929	Q8N448	LNX2_HUMAN
ENSP00000378830	Q2TAL8	QRIC1_HUMAN
ENSP00000347626	Q8IVD9	NUDC3_HUMAN
ENSP00000248553	P04792	HSPB1_HUMAN
ENSP00000328269	Q9P0W2	HM20B_HUMAN
ENSP00000359799	Q9UDY4	DNJB4_HUMAN
ENSP00000356541	Q9BWJ5	SF3B5_HUMAN
ENSP00000484841	P68431	H31_HUMAN
ENSP00000377721	P24468	COT2_HUMAN
ENSP00000257570	Q15646	OASL_HUMAN
ENSP00000484634	Q86X45	DAA11_HUMAN
ENSP00000258821	Q8N0Z6	TTC5_HUMAN
ENSP00000229771	O00294	TULP1_HUMAN
ENSP00000341743	O43768	ENSA_HUMAN
ENSP00000367208	Q9Y2Z0	SGT1_HUMAN
ENSP00000318297	Q9Y265	RUVB1_HUMAN
ENSP00000265960	Q9BPZ7	SIN1_HUMAN
ENSP00000419851	P49915	GUAA_HUMAN
ENSP00000266643	Q86YJ5	MARH9_HUMAN
ENSP00000325690	Q86X55	CARM1_HUMAN
ENSP00000400433	P52597	HNRPF_HUMAN
ENSP00000361232	Q9H8H2	DDX31_HUMAN
ENSP00000424765	Q9Y2J4	AMOL2_HUMAN
ENSP00000318195	P19338	NUCL_HUMAN
ENSP00000381981	P53804	TTC3_HUMAN
ENSP00000395772	Q9BVP2	GNL3_HUMAN
ENSP00000463027	Q13772	NCOA4_HUMAN
ENSP00000359393	O15347	HMGB3_HUMAN
ENSP00000262265	Q9NWS0	PIHD1_HUMAN
ENSP00000494277	A0A2R8Y549	A0A2R8Y549_HUMAN
ENSP00000270538	O43615	TIM44_HUMAN
ENSP00000360316	Q15392	DHC24_HUMAN
ENSP00000498228	Q9HDD0	PLAT1_HUMAN
ENSP00000369071	Q15063	POSTN_HUMAN
ENSP00000358151	Q16778	H2B2E_HUMAN
ENSP00000402338	Q9H7B2	RPF2_HUMAN
ENSP00000296930	P06748	NPM_HUMAN
ENSP00000247970	Q13526	PIN1_HUMAN
ENSP00000403932	Q8N7B9	EFCB3_HUMAN
ENSP00000216797	P25963	IKBA_HUMAN
ENSP00000253107	Q9NQ55	SSF1_HUMAN
ENSP00000295025	Q04864	REL_HUMAN
ENSP00000250784	P22090	RS4Y1_HUMAN
ENSP00000442053	Q9Y4C8	RBM19_HUMAN
ENSP00000313050	O75323	NIPS2_HUMAN
ENSP00000361446	O14802	RPC1_HUMAN
ENSP00000451291	P07910	HNRPC_HUMAN
ENSP00000456218	Q5JPH6	SYEM_HUMAN
ENSP00000381588	O15393	TMPS2_HUMAN
ENSP00000315130	P10909	CLUS_HUMAN
ENSP00000252506	O95257	GA45G_HUMAN
ENSP00000484644	Q9BUX1	CHAC1_HUMAN
ENSP00000369689	Q9NZT1	CALL5_HUMAN
ENSP00000416269	Q13838	DX39B_HUMAN
ENSP00000363384	O00488	ZN593_HUMAN
ENSP00000311513	Q96T23	RSF1_HUMAN
ENSP00000371253	P22102	PUR2_HUMAN
ENSP00000404381	Q8TBM8	DJB14_HUMAN
ENSP00000325312	P50579	MAP2_HUMAN
ENSP00000245934	Q92797	SYMPK_HUMAN
ENSP00000339479	P49902	5NTC_HUMAN
ENSP00000366999	P68431	H31_HUMAN
ENSP00000273550	P02794	FRIH_HUMAN
ENSP00000311135	Q8IY37	DHX37_HUMAN
ENSP00000460348	Q6P2Q9	PRP8_HUMAN
ENSP00000366330	Q13886	KLF9_HUMAN
ENSP00000344431	P59910	DJB13_HUMAN
ENSP00000229769	Q9HB96	FANCE_HUMAN
ENSP00000362334	P49721	PSB2_HUMAN
ENSP00000318986	Q9H649	NSUN3_HUMAN
ENSP00000392257	Q8IXY8	PPIL6_HUMAN
ENSP00000346012	Q969Q0	RL36L_HUMAN
ENSP00000284727	P48201	AT5G3_HUMAN
ENSP00000342513	P09912	IFI6_HUMAN
ENSP00000223167	Q9BUA6	MYL10_HUMAN
ENSP00000262746	Q06830	PRDX1_HUMAN
ENSP00000331504	P07332	FES_HUMAN
ENSP00000296511	P08758	ANXA5_HUMAN
ENSP00000286175	Q9H2H8	PPIL3_HUMAN
ENSP00000258428	Q9UBZ9	REV1_HUMAN
ENSP00000250448	P55317	FOXA1_HUMAN
ENSP00000012443	P53041	PPP5_HUMAN
ENSP00000350815	P08235	MCR_HUMAN
ENSP00000360876	O14879	IFIT3_HUMAN
ENSP00000293860	Q9Y2Y1	RPC10_HUMAN
ENSP00000253023	P61081	UBC12_HUMAN
ENSP00000361927	P55795	HNRH2_HUMAN
ENSP00000314348	Q13206	DDX10_HUMAN
ENSP00000405620	Q7L2E3	DHX30_HUMAN
ENSP00000497641	P38919	IF4A3_HUMAN
ENSP00000305494	Q9BVQ7	AFG2B_HUMAN
ENSP00000359596	Q9UQC9	CLCA2_HUMAN
ENSP00000229268	P45974	UBP5_HUMAN
ENSP00000302232	Q96Q83	ALKB3_HUMAN
ENSP00000381216	Q92945	FUBP2_HUMAN
ENSP00000345571	Q01094	E2F1_HUMAN
ENSP00000348234	P17735	ATTY_HUMAN
ENSP00000257627	P0CE71	OCM2_HUMAN
ENSP00000379506	P50914	RL14_HUMAN
ENSP00000256383	P05198	IF2A_HUMAN
ENSP00000296509	Q13257	MD2L1_HUMAN
ENSP00000234310	P63098	CANB1_HUMAN
ENSP00000339835	Q6NXT2	H3C_HUMAN
ENSP00000264716	P15408	FOSL2_HUMAN
ENSP00000478754	P26196	DDX6_HUMAN
ENSP00000340278	Q99497	PARK7_HUMAN
ENSP00000377033	P05496	AT5G1_HUMAN
ENSP00000262839	Q9UL62	TRPC5_HUMAN
ENSP00000345347	P09429	HMGB1_HUMAN
ENSP00000316042	Q13151	ROA0_HUMAN
ENSP00000444810	Q13451	FKBP5_HUMAN
ENSP00000346027	P46778	RL21_HUMAN
ENSP00000498786	P08397	HEM3_HUMAN
ENSP00000257829	Q9H0A0	NAT10_HUMAN
ENSP00000409924	B3KSP9	B3KSP9_HUMAN
ENSP00000360938	Q9UL12	SARDH_HUMAN
ENSP00000259239	Q96G21	IMP4_HUMAN
ENSP00000367024	Q86UY6	NAA40_HUMAN
ENSP00000496695	P54252	ATX3_HUMAN
ENSP00000357980	Q92743	HTRA1_HUMAN
ENSP00000398350	Q9H3H3	CK068_HUMAN
ENSP00000309245	A0A075B6E9	A0A075B6E9_HUMAN
ENSP00000362463	Q04760	LGUL_HUMAN
ENSP00000302108	A0A8C8KBT8	A0A8C8KBT8_HUMAN
ENSP00000416255	Q04637	IF4G1_HUMAN
ENSP00000359645	P38159	RBMX_HUMAN
ENSP00000220062	Q9NYN1	RASLC_HUMAN
ENSP00000387365	Q13610	PWP1_HUMAN
ENSP00000447942	Q99471	PFD5_HUMAN
ENSP00000415416	J3KR25	J3KR25_HUMAN
ENSP00000496014	P0DPK2	H3Y1_HUMAN
ENSP00000477848	Q9NY61	AATF_HUMAN
ENSP00000495360	P35222	CTNB1_HUMAN
ENSP00000480826	P68431	H31_HUMAN
ENSP00000280190	Q8IZU2	WDR17_HUMAN
ENSP00000355607	O15228	GNPAT_HUMAN
ENSP00000308179	Q9UNX4	WDR3_HUMAN
ENSP00000215909	P09382	LEG1_HUMAN
ENSP00000346694	P22626	ROA2_HUMAN
ENSP00000426983	O15516	CLOCK_HUMAN
ENSP00000361458	Q99576	T22D3_HUMAN
ENSP00000261303	P62191	PRS4_HUMAN
ENSP00000339145	Q14684	RRP1B_HUMAN
ENSP00000355599	Q99598	TSNAX_HUMAN
ENSP00000225298	Q9Y5J1	UTP18_HUMAN
ENSP00000268712	O75376	NCOR1_HUMAN
ENSP00000313877	P43897	EFTS_HUMAN
ENSP00000371858	P46087	NOP2_HUMAN
ENSP00000353452	Q15746	MYLK_HUMAN
ENSP00000303057	P45877	PPIC_HUMAN
ENSP00000401645	P05120	PAI2_HUMAN
ENSP00000307940	P13639	EF2_HUMAN
ENSP00000304139	O75526	RMXL2_HUMAN
ENSP00000470560	Q92979	NEP1_HUMAN
ENSP00000352035	O43526	KCNQ2_HUMAN
ENSP00000306362	O75347	TBCA_HUMAN
ENSP00000312617	Q13952	NFYC_HUMAN
ENSP00000327054	Q03252	LMNB2_HUMAN
ENSP00000366488	P22612	KAPCG_HUMAN
ENSP00000487365	Q92598	HS105_HUMAN
ENSP00000405068	P78316	NOP14_HUMAN
ENSP00000354842	O94900	TOX_HUMAN
ENSP00000317232	Q96AY3	FKB10_HUMAN
ENSP00000411848	Q5T0T0	MARH8_HUMAN
ENSP00000231238	Q99614	TTC1_HUMAN
ENSP00000287820	P37231	PPARG_HUMAN
ENSP00000304643	Q8TD86	CALL6_HUMAN
ENSP00000483356	Q9H4K1	RIBC2_HUMAN
ENSP00000309474	Q99460	PSMD1_HUMAN
ENSP00000264263	Q96RP9	EFGM_HUMAN
ENSP00000368927	P47813	IF1AX_HUMAN
ENSP00000258149	Q00987	MDM2_HUMAN
ENSP00000313581	P20151	KLK2_HUMAN
ENSP00000254719	P27694	RFA1_HUMAN
ENSP00000382595	P22234	PUR6_HUMAN
ENSP00000324960	P57796	CABP4_HUMAN
ENSP00000326806	P52298	NCBP2_HUMAN
ENSP00000452871	Q04726	TLE3_HUMAN
ENSP00000314441	Q9UBP6	TRMB_HUMAN
ENSP00000293255	Q9NP86	CABP5_HUMAN
ENSP00000486109	Q9UBN4	TRPC4_HUMAN
ENSP00000222247	Q02543	RL18A_HUMAN
ENSP00000303766	P83110	HTRA3_HUMAN
ENSP00000348849	P62854	RS26_HUMAN
ENSP00000408295	P40937	RFC5_HUMAN
ENSP00000369927	P42330	AK1C3_HUMAN
ENSP00000287394	Q6PL18	ATAD2_HUMAN
ENSP00000267953	Q16548	B2LA1_HUMAN
ENSP00000326267	Q9BUY7	EFC11_HUMAN
ENSP00000357748	Q9P287	BCCIP_HUMAN
ENSP00000370968	Q9BQG0	MBB1A_HUMAN
ENSP00000386655	H7BZ11	H7BZ11_HUMAN
ENSP00000438574	O75925	PIAS1_HUMAN
ENSP00000362576	P54577	SYYC_HUMAN
ENSP00000332766	Q8NG41	NPB_HUMAN
ENSP00000263774	O75489	NDUS3_HUMAN
ENSP00000232888	O43818	U3IP2_HUMAN
ENSP00000408005	Q15599	NHRF2_HUMAN
ENSP00000430945	O14514	AGRB1_HUMAN
ENSP00000315017	Q9BYD6	RM01_HUMAN
ENSP00000216200	P20472	PRVA_HUMAN
ENSP00000399968	Q15596	NCOA2_HUMAN
ENSP00000376686	Q86VQ0	LCA5_HUMAN
ENSP00000291458	Q4VC31	MIX23_HUMAN
ENSP00000300113	O43745	CHP2_HUMAN
ENSP00000254803	Q9NQZ2	SAS10_HUMAN
ENSP00000481697	Q96IZ7	RSRC1_HUMAN
ENSP00000348565	Q9GZZ9	UBA5_HUMAN
ENSP00000355890	P07814	SYEP_HUMAN
ENSP00000274255	Q13309	SKP2_HUMAN
ENSP00000293328	P51692	STA5B_HUMAN
ENSP00000284981	P05067	A4_HUMAN
ENSP00000362329	Q15181	IPYR_HUMAN
ENSP00000242257	Q9UI43	MRM2_HUMAN
ENSP00000484638	P68431	H31_HUMAN
ENSP00000329757	P27449	VATL_HUMAN
ENSP00000339527	O43524	FOXO3_HUMAN
ENSP00000310129	Q13200	PSMD2_HUMAN
ENSP00000296658	Q96DG6	CMBL_HUMAN
ENSP00000286639	Q16520	BATF_HUMAN
ENSP00000448054	Q8NFH4	NUP37_HUMAN
ENSP00000409382	Q9BSW2	EFC4B_HUMAN
ENSP00000448012	O15078	CE290_HUMAN
ENSP00000439250	O95302	FKBP9_HUMAN
ENSP00000463379	A0A0A6YYL6	A0A0A6YYL6_HUMAN
ENSP00000309830	P63173	RL38_HUMAN
ENSP00000338862	Q8TDN6	BRX1_HUMAN
ENSP00000478255	P08183	MDR1_HUMAN
ENSP00000245255	Q96J94	PIWL1_HUMAN
ENSP00000295453	P10696	PPBN_HUMAN
ENSP00000431800	O00303	EIF3F_HUMAN
ENSP00000223029	Q13155	AIMP2_HUMAN
ENSP00000370521	Q9NZN9	AIPL1_HUMAN
ENSP00000309141	Q86UD3	MARH3_HUMAN
ENSP00000337691	Q8TD08	MK15_HUMAN
ENSP00000270225	Q9UBE0	SAE1_HUMAN
ENSP00000227507	P24385	CCND1_HUMAN
ENSP00000265963	P32780	TF2H1_HUMAN
ENSP00000401197	O94966	UBP19_HUMAN
ENSP00000318966	Q96BK5	PINX1_HUMAN
ENSP00000261047	O95843	GUC1C_HUMAN
ENSP00000217958	O75832	PSD10_HUMAN
ENSP00000363412	A0A024R161	A0A024R161_HUMAN
ENSP00000262238	P25490	TYY1_HUMAN
ENSP00000216038	Q9Y3I0	RTCB_HUMAN
ENSP00000363929	Q14686	NCOA6_HUMAN
ENSP00000275820	Q5C9Z4	NOM1_HUMAN
ENSP00000430656	P00915	CAH1_HUMAN
ENSP00000360412	Q8WTT2	NOC3L_HUMAN
ENSP00000446099	Q96E39	RMXL1_HUMAN
ENSP00000263925	Q8TBB1	LNX1_HUMAN
ENSP00000044462	P25789	PSA4_HUMAN
ENSP00000365576	Q9UMX0	UBQL1_HUMAN
ENSP00000471536	Q9P0N8	MARH2_HUMAN
ENSP00000361021	P60484	PTEN_HUMAN
ENSP00000306245	P01100	FOS_HUMAN
ENSP00000346120	Q9NR30	DDX21_HUMAN
ENSP00000397261	Q13228	SBP1_HUMAN
ENSP00000264234	O75841	UPK1B_HUMAN
ENSP00000201031	Q92754	AP2C_HUMAN
ENSP00000385479	Q71DI3	H32_HUMAN
ENSP00000265866	P31942	HNRH3_HUMAN
ENSP00000439244	F5H2X7	F5H2X7_HUMAN
ENSP00000359630	O60242	AGRB3_HUMAN
ENSP00000263635	Q9C0D5	TANC1_HUMAN
ENSP00000256001	Q9P1U1	ARP3B_HUMAN
ENSP00000287844	Q9UG63	ABCF2_HUMAN
ENSP00000395590	P80217	IN35_HUMAN
ENSP00000396673	Q8IY81	SPB1_HUMAN
ENSP00000349274	Q5T8A7	PPR26_HUMAN
ENSP00000359385	Q92990	GLMN_HUMAN
ENSP00000321449	Q9Y3A4	RRP7A_HUMAN
ENSP00000440502	Q9NY33	DPP3_HUMAN
ENSP00000239231	Q9H999	PANK3_HUMAN
ENSP00000375081	Q9BXA7	TSSK1_HUMAN
ENSP00000326604	Q8WVP7	LMBR1_HUMAN
ENSP00000364805	P34931	HS71L_HUMAN
ENSP00000431512	Q00613	HSF1_HUMAN
ENSP00000414886	Q9NZI2	KCIP1_HUMAN
ENSP00000263672	Q15005	SPCS2_HUMAN
ENSP00000323588	P48431	SOX2_HUMAN
ENSP00000217426	P23526	SAHH_HUMAN
ENSP00000253108	O75821	EIF3G_HUMAN
ENSP00000448310	Q8NFU1	BEST2_HUMAN
ENSP00000483283	P68431	H31_HUMAN
ENSP00000380033	A0A5H1ZRQ2	A0A5H1ZRQ2_HUMAN
ENSP00000262982	P55060	XPO2_HUMAN
ENSP00000338814	Q9UL15	BAG5_HUMAN
ENSP00000282020	O43424	GRID2_HUMAN
ENSP00000362935	Q9UKP3	ITBP2_HUMAN
ENSP00000345445	Q9Y512	SAM50_HUMAN
ENSP00000228347	Q9NW08	RPC2_HUMAN
ENSP00000360129	A8K855	EFCB7_HUMAN
ENSP00000334785	Q96BS2	CHP3_HUMAN
ENSP00000382544	Q96PF2	TSSK2_HUMAN
ENSP00000295688	P49368	TCPG_HUMAN
ENSP00000420418	Q8TD17	ZN398_HUMAN
ENSP00000383949	P55769	NH2L1_HUMAN
ENSP00000310723	Q9BUQ8	DDX23_HUMAN
ENSP00000245121	Q8IYT4	KATL2_HUMAN
ENSP00000304592	P49327	FAS_HUMAN
ENSP00000261015	Q9GZL7	WDR12_HUMAN
ENSP00000392094	Q15029	U5S1_HUMAN
ENSP00000383042	O60341	KDM1A_HUMAN
ENSP00000216218	P50502	F10A1_HUMAN
ENSP00000357535	P30084	ECHM_HUMAN
ENSP00000359221	Q9Y3V2	RWDD3_HUMAN
ENSP00000291576	Q15269	PWP2_HUMAN
ENSP00000362300	Q9UL18	AGO1_HUMAN
ENSP00000265729	P30626	SORCN_HUMAN
ENSP00000332111	Q8IY85	EFC13_HUMAN
ENSP00000463057	A0A0B4J2A2	PAL4C_HUMAN
ENSP00000410059	A0A8C8L741	A0A8C8L741_HUMAN
ENSP00000302476	Q16082	HSPB2_HUMAN
ENSP00000329558	Q8TAA5	GRPE2_HUMAN
ENSP00000319170	Q86XF0	DYR2_HUMAN
ENSP00000271308	P28066	PSA5_HUMAN
ENSP00000356832	O00141	SGK1_HUMAN
ENSP00000253237	Q9BQ67	GRWD1_HUMAN
ENSP00000434729	E9PNL3	E9PNL3_HUMAN
ENSP00000310219	P17066	HSP76_HUMAN
ENSP00000368887	Q9NWT1	PK1IP_HUMAN
ENSP00000369042	O95373	IPO7_HUMAN
ENSP00000229135	P01579	IFNG_HUMAN
ENSP00000345055	Q9NR82	KCNQ5_HUMAN
ENSP00000484095	P68431	H31_HUMAN
ENSP00000297185	P38646	HSPA9_HUMAN
ENSP00000378199	P54652	HSP72_HUMAN
ENSP00000416158	Q5T1M5	FKB15_HUMAN
ENSP00000475626	Q9UII6	DS13B_HUMAN
ENSP00000257245	P62072	TIM10_HUMAN
ENSP00000325239	Q96A32	MYL11_HUMAN
ENSP00000306449	O15354	GPR37_HUMAN
ENSP00000384092	P01189	COLI_HUMAN
ENSP00000383558	P47871	GLR_HUMAN
ENSP00000298746	Q8WWH5	TRUB1_HUMAN
ENSP00000441755	Q9NR20	DYRK4_HUMAN
ENSP00000362049	P43080	GUC1A_HUMAN
ENSP00000262916	P56696	KCNQ4_HUMAN
ENSP00000378699	P06493	CDK1_HUMAN
ENSP00000306512	P10145	IL8_HUMAN
ENSP00000275015	O00221	IKBE_HUMAN
ENSP00000370989	Q9NZQ7	PD1L1_HUMAN
ENSP00000221566	O43765	SGTA_HUMAN
ENSP00000373153	Q6Y1H2	HACD2_HUMAN
ENSP00000489262	Q15413	RYR3_HUMAN
ENSP00000396937	Q9UNM6	PSD13_HUMAN
ENSP00000234170	Q03701	CEBPZ_HUMAN
ENSP00000286918	Q96BM1	ANKR9_HUMAN
ENSP00000227322	O75312	ZPR1_HUMAN
ENSP00000284719	Q9NTK5	OLA1_HUMAN
ENSP00000354525	Q96A35	RM24_HUMAN
ENSP00000465039	Q92918	M4K1_HUMAN
ENSP00000261479	P60900	PSA6_HUMAN
ENSP00000363041	Q9NZ45	CISD1_HUMAN
ENSP00000497053	P0DPK5	H3Y2_HUMAN
ENSP00000314396	Q6P2P2	ANM9_HUMAN
ENSP00000261813	O60925	PFD1_HUMAN
ENSP00000297591	Q69YN4	VIR_HUMAN
ENSP00000370460	Q6UX04	CWC27_HUMAN
ENSP00000449404	P05787	K2C8_HUMAN
ENSP00000346550	P08133	ANXA6_HUMAN
ENSP00000454370	H3BMG3	SMKR1_HUMAN
ENSP00000305919	P83105	HTRA4_HUMAN
ENSP00000301364	Q2NL82	TSR1_HUMAN
ENSP00000346050	P61247	RS3A_HUMAN
ENSP00000467423	Q15424	SAFB1_HUMAN
ENSP00000262726	Q5THR3	EFCB6_HUMAN
ENSP00000294288	Q9NPB3	CABP2_HUMAN
ENSP00000450385	P14649	MYL6B_HUMAN
ENSP00000333203	P05154	IPSP_HUMAN
ENSP00000242104	P0CE72	ONCO_HUMAN
ENSP00000348838	O00762	UBE2C_HUMAN
ENSP00000199447	Q8N427	NDK8_HUMAN
ENSP00000323300	Q96R06	SPAG5_HUMAN
ENSP00000216037	P17861	XBP1_HUMAN
ENSP00000361405	P14780	MMP9_HUMAN
ENSP00000327070	P40926	MDHM_HUMAN
ENSP00000276571	P06850	CRF_HUMAN
ENSP00000282003	Q5W0B1	OBI1_HUMAN
ENSP00000493712	Q06609	RAD51_HUMAN
ENSP00000398568	P14222	PERF_HUMAN
ENSP00000360855	Q6ZSM3	MOT12_HUMAN
ENSP00000432119	Q6RFH5	WDR74_HUMAN
ENSP00000425979	Q9NRR4	RNC_HUMAN
ENSP00000321584	P12268	IMDH2_HUMAN
ENSP00000222567	Q3B726	RPA43_HUMAN
ENSP00000360329	O95801	CNS1_HUMAN
ENSP00000359991	P18669	PGAM1_HUMAN
ENSP00000348442	O00232	PSD12_HUMAN
ENSP00000246062	Q9NPJ1	MKKS_HUMAN
ENSP00000266970	P24941	CDK2_HUMAN
ENSP00000349078	P14324	FPPS_HUMAN
ENSP00000365625	O60231	DHX16_HUMAN
ENSP00000305426	P50607	TUB_HUMAN
ENSP00000363634	Q6A555	TXND8_HUMAN
ENSP00000253024	Q13263	TIF1B_HUMAN
ENSP00000479216	A0A087WV67	A0A087WV67_HUMAN
ENSP00000327821	O43592	XPOT_HUMAN
ENSP00000454836	Q12788	TBL3_HUMAN
ENSP00000398523	Q13137	CACO2_HUMAN
ENSP00000450909	Q9GZT3	SLIRP_HUMAN
ENSP00000329466	Q9NRC8	SIR7_HUMAN
ENSP00000286428	P61758	PFD3_HUMAN
ENSP00000382239	Q8IXT5	RB12B_HUMAN
ENSP00000465617	Q9BTL4	IER2_HUMAN
ENSP00000260443	Q9UHA3	RLP24_HUMAN
ENSP00000258091	Q99832	TCPH_HUMAN
ENSP00000261366	P20700	LMNB1_HUMAN
ENSP00000406909	Q8TCT1	PHOP1_HUMAN
ENSP00000268206	Q7Z2Z2	EFL1_HUMAN
ENSP00000410339	O96008	TOM40_HUMAN
ENSP00000354722	O14602	IF1AY_HUMAN
ENSP00000458986	O75153	CLU_HUMAN
ENSP00000227524	Q9UMS4	PRP19_HUMAN
ENSP00000383421	P57052	RBM11_HUMAN
ENSP00000231487	P63208	SKP1_HUMAN
ENSP00000312942	Q53EL9	SEZ6_HUMAN
ENSP00000296503	P26583	HMGB2_HUMAN
ENSP00000402849	Q12894	IFRD2_HUMAN
ENSP00000464359	J3QRS3	J3QRS3_HUMAN
ENSP00000433459	Q9NS37	ZHANG_HUMAN
ENSP00000377494	Q9UI15	TAGL3_HUMAN
ENSP00000368856	Q12986	NFX1_HUMAN
ENSP00000283921	P31260	HXA10_HUMAN
ENSP00000482075	A0A087WYT3	A0A087WYT3_HUMAN
ENSP00000054950	Q15293	RCN1_HUMAN
ENSP00000285848	J3KNA0	J3KNA0_HUMAN
ENSP00000411010	Q5QJE6	TDIF2_HUMAN
ENSP00000234831	Q9BXS4	TMM59_HUMAN
ENSP00000254322	P25685	DNJB1_HUMAN
ENSP00000416429	P62910	RL32_HUMAN
ENSP00000377958	P50991	TCPD_HUMAN
ENSP00000256367	Q92623	TTC9A_HUMAN
ENSP00000362092	Q9HB90	RRAGC_HUMAN
ENSP00000366934	Q5SY16	NOL9_HUMAN
ENSP00000317159	P08574	CY1_HUMAN
ENSP00000321259	P37837	TALDO_HUMAN
ENSP00000262105	P33991	MCM4_HUMAN
ENSP00000464813	P61353	RL27_HUMAN
ENSP00000358155	Q6FI13	H2A2A_HUMAN
ENSP00000247003	Q9Y6V7	DDX49_HUMAN
ENSP00000303754	Q08752	PPID_HUMAN
ENSP00000228841	P10916	MLRV_HUMAN
ENSP00000444136	Q9H9Y6	RPA2_HUMAN
ENSP00000336868	P49450	CENPA_HUMAN
ENSP00000235090	Q9BQA1	MEP50_HUMAN
ENSP00000346088	P35268	RL22_HUMAN
ENSP00000364543	Q15477	SKI2_HUMAN
ENSP00000322730	Q9NQX7	ITM2C_HUMAN
ENSP00000330148	Q9ULK0	GRID1_HUMAN
ENSP00000415056	Q8NHP7	EXD1_HUMAN
ENSP00000294189	P47914	RL29_HUMAN
ENSP00000384517	O00327	BMAL1_HUMAN
ENSP00000335632	Q99653	CHP1_HUMAN
ENSP00000419184	Q9H7B4	SMYD3_HUMAN
ENSP00000358812	Q14690	RRP5_HUMAN
ENSP00000485108	P0CB47	UBFL1_HUMAN
ENSP00000404375	J3KQN4	J3KQN4_HUMAN
ENSP00000363642	Q14692	BMS1_HUMAN
ENSP00000400870	Q9BTE6	AASD1_HUMAN
ENSP00000358154	Q71DI3	H32_HUMAN
ENSP00000311747	Q96PK6	RBM14_HUMAN
ENSP00000420588	Q00059	TFAM_HUMAN
ENSP00000499129	P13667	PDIA4_HUMAN
ENSP00000376309	P51991	ROA3_HUMAN
ENSP00000370950	Q6W5P4	NPSR1_HUMAN
ENSP00000383003	P62942	FKB1A_HUMAN
ENSP00000300650	Q8ND24	RN214_HUMAN
ENSP00000361076	P62424	RL7A_HUMAN
ENSP00000382779	Q96EE3	SEH1_HUMAN
ENSP00000315680	O00628	PEX7_HUMAN
ENSP00000317310	Q9NZU7	CABP1_HUMAN
ENSP00000377944	Q9BVJ6	UT14A_HUMAN
ENSP00000215574	P49427	UB2R1_HUMAN
ENSP00000360266	P05412	JUN_HUMAN
ENSP00000320147	Q15910	EZH2_HUMAN
ENSP00000355780	P84243	H33_HUMAN
ENSP00000348886	Q9UJZ1	STML2_HUMAN
ENSP00000364320	Q9UKD2	MRT4_HUMAN
ENSP00000267425	Q86U38	NOP9_HUMAN
ENSP00000352252	P68431	H31_HUMAN
ENSP00000248933	Q9BYH1	SE6L1_HUMAN
ENSP00000352565	P61296	HAND2_HUMAN
ENSP00000486252	Q8TD47	RS4Y2_HUMAN
ENSP00000269305	P04637	P53_HUMAN
ENSP00000386830	Q9H992	MARH7_HUMAN
ENSP00000346015	P46776	RL27A_HUMAN
ENSP00000273067	Q9P2E8	MARH4_HUMAN
ENSP00000263253	Q09472	EP300_HUMAN
ENSP00000414303	P23560	BDNF_HUMAN
ENSP00000480150	Q9Y4L1	HYOU1_HUMAN
ENSP00000481646	P46783	RS10_HUMAN
ENSP00000368908	Q9Y693	LHPL6_HUMAN
ENSP00000364476	Q8N443	RIBC1_HUMAN
ENSP00000427223	Q8TCQ1	MARH1_HUMAN
ENSP00000332371	Q02388	CO7A1_HUMAN
ENSP00000464342	Q9Y3U8	RL36_HUMAN
ENSP00000264657	P40763	STAT3_HUMAN
ENSP00000351777	P55072	TERA_HUMAN
ENSP00000317177	Q8N2A8	PLD6_HUMAN
ENSP00000385158	Q3B820	F161A_HUMAN
ENSP00000202816	Q9H501	ESF1_HUMAN
ENSP00000464619	A0A075B767	PAL4H_HUMAN
ENSP00000360782	Q10713	MPPA_HUMAN
ENSP00000384881	Q2M3G0	ABCB5_HUMAN
ENSP00000270586	P28072	PSB6_HUMAN
ENSP00000302640	P17480	UBF1_HUMAN
ENSP00000307786	P99999	CYC_HUMAN
ENSP00000228799	Q969R8	ITFG2_HUMAN
ENSP00000265056	P49736	MCM2_HUMAN
ENSP00000384273	Q04206	TF65_HUMAN
ENSP00000374332	Q15631	TSN_HUMAN
ENSP00000361982	O95900	TRUB2_HUMAN
ENSP00000335612	Q7Z572	SPT21_HUMAN
ENSP00000347717	Q9UBM7	DHCR7_HUMAN
ENSP00000302961	P34932	HSP74_HUMAN
ENSP00000359719	P22694	KAPCB_HUMAN
ENSP00000289528	Q8WV99	ZFN2B_HUMAN
ENSP00000362687	Q9BQ39	DDX50_HUMAN
ENSP00000307889	P26373	RL13_HUMAN
ENSP00000325448	Q15046	SYK_HUMAN
ENSP00000221496	P03971	AMH_HUMAN
ENSP00000470879	Q9UK28	TM59L_HUMAN
ENSP00000401470	P46060	RAGP1_HUMAN
ENSP00000369996	Q9H3M9	ATX3L_HUMAN
ENSP00000365806	P36915	GNL1_HUMAN
ENSP00000297265	Q96CF2	CHM4C_HUMAN
ENSP00000333277	Q71DI3	H32_HUMAN
ENSP00000264279	Q9Y2X3	NOP58_HUMAN
ENSP00000216185	Q99757	THIOM_HUMAN
ENSP00000305790	Q15393	SF3B3_HUMAN
ENSP00000166345	Q15645	PCH2_HUMAN
ENSP00000233893	P61604	CH10_HUMAN
ENSP00000358140	Q14152	EIF3A_HUMAN
ENSP00000264220	Q06203	PUR1_HUMAN
ENSP00000308622	Q53GS7	GLE1_HUMAN
ENSP00000298510	P30048	PRDX3_HUMAN
ENSP00000322323	Q8IXL6	FA20C_HUMAN
ENSP00000269878	Q96Q77	CIB3_HUMAN
ENSP00000296782	Q6R327	RICTR_HUMAN
ENSP00000236959	P31939	PUR9_HUMAN
ENSP00000385675	P05231	IL6_HUMAN
ENSP00000364293	Q969E8	TSR2_HUMAN
ENSP00000366058	Q9H7V2	SYNG1_HUMAN
ENSP00000261700	Q9Y224	RTRAF_HUMAN
ENSP00000425031	Q99729	ROAA_HUMAN
ENSP00000355533	Q92736	RYR2_HUMAN
ENSP00000231449	P05112	IL4_HUMAN
ENSP00000319255	Q9UHD1	CHRD1_HUMAN
ENSP00000355735	Q5T6L9	EMARD_HUMAN
ENSP00000322396	Q15050	RRS1_HUMAN
ENSP00000371278	Q7L3B6	CD37L_HUMAN
ENSP00000339795	P18124	RL7_HUMAN
ENSP00000222005	Q16543	CDC37_HUMAN
ENSP00000363054	Q86Y82	STX12_HUMAN
ENSP00000301522	P32119	PRDX2_HUMAN
ENSP00000463080	J3KTN9	J3KTN9_HUMAN
ENSP00000364412	P37058	DHB3_HUMAN
ENSP00000231509	P04150	GCR_HUMAN
ENSP00000360944	Q15468	STIL_HUMAN
ENSP00000361636	P02585	TNNC2_HUMAN
ENSP00000447001	Q07020	RL18_HUMAN
ENSP00000355865	O60260	PRKN_HUMAN
ENSP00000155840	P51787	KCNQ1_HUMAN
ENSP00000309186	Q8TEJ3	SH3R3_HUMAN
ENSP00000429243	Q93045	STMN2_HUMAN
ENSP00000295731	Q14623	IHH_HUMAN
ENSP00000254605	O43159	RRP8_HUMAN
ENSP00000345957	P63220	RS21_HUMAN
ENSP00000406197	Q8TEZ7	PAQR8_HUMAN
ENSP00000419740	Q96CB9	NSUN4_HUMAN
ENSP00000348645	A1KZ92	PXDNL_HUMAN
ENSP00000320309	Q9Y285	SYFA_HUMAN
ENSP00000356405	Q6P1J9	CDC73_HUMAN
ENSP00000216330	Q00688	FKBP3_HUMAN
ENSP00000352516	P26358	DNMT1_HUMAN
ENSP00000474725	Q969H0	FBXW7_HUMAN
ENSP00000368966	Q13507	TRPC3_HUMAN
ENSP00000372351	O96028	NSD2_HUMAN
ENSP00000358554	O75934	SPF27_HUMAN
ENSP00000327191	Q92526	TCPW_HUMAN
ENSP00000361626	P67809	YBOX1_HUMAN
ENSP00000306614	O43447	PPIH_HUMAN
ENSP00000358525	P01138	NGF_HUMAN
ENSP00000264954	Q9HAV7	GRPE1_HUMAN
ENSP00000254799	Q12849	GRSF1_HUMAN
ENSP00000378856	O00182	LEG9_HUMAN
ENSP00000322439	P49411	EFTU_HUMAN
ENSP00000343479	Q14596	NBR1_HUMAN
ENSP00000414321	P62847	RS24_HUMAN
ENSP00000385478	A4D126	ISPD_HUMAN
ENSP00000357292	Q9NRR5	UBQL4_HUMAN
ENSP00000471700	Q14318	FKBP8_HUMAN
ENSP00000363973	P05186	PPBT_HUMAN
ENSP00000331019	Q71UM5	RS27L_HUMAN
ENSP00000454038	H0YNJ6	H0YNJ6_HUMAN
ENSP00000473172	Q9Y230	RUVB2_HUMAN
ENSP00000357336	Q9BVN2	RUSC1_HUMAN
ENSP00000263377	O60885	BRD4_HUMAN
ENSP00000261464	O00463	TRAF5_HUMAN
ENSP00000393324	Q8N5X7	IF4E3_HUMAN
ENSP00000320347	Q96NJ6	ZFP3_HUMAN
ENSP00000353246	Q9BXY0	MAK16_HUMAN
ENSP00000483879	Q6UX68	XKR5_HUMAN
ENSP00000360034	Q8NC51	SERB1_HUMAN
ENSP00000337572	Q86XP1	DGKH_HUMAN
ENSP00000229214	Q13601	KRR1_HUMAN
ENSP00000400142	Q01844	EWS_HUMAN
ENSP00000333266	P41226	UBA7_HUMAN
ENSP00000363746	O15213	WDR46_HUMAN
ENSP00000368880	Q12778	FOXO1_HUMAN
ENSP00000288861	A0PJX0	CIB4_HUMAN
ENSP00000294119	Q04323	UBXN1_HUMAN
ENSP00000259457	Q99436	PSB7_HUMAN
ENSP00000302843	Q9H819	DJC18_HUMAN
ENSP00000419503	Q5VWC8	HACD4_HUMAN
ENSP00000371201	Q8NE18	NSUN7_HUMAN
ENSP00000259727	P36959	GMPR1_HUMAN
ENSP00000489189	Q99933	BAG1_HUMAN
ENSP00000489189	J3QTA2	J3QTA2_HUMAN
ENSP00000473383	A6NHQ2	FBLL1_HUMAN
ENSP00000387699	P16220	CREB1_HUMAN
ENSP00000377549	P51161	FABP6_HUMAN
ENSP00000221930	P01137	TGFB1_HUMAN
ENSP00000221930	A0A499FJK2	A0A499FJK2_HUMAN
ENSP00000345096	P20839	IMDH1_HUMAN
ENSP00000393453	Q8NB12	SMYD1_HUMAN
ENSP00000386134	Q8NEJ9	NGDN_HUMAN
ENSP00000339916	P53671	LIMK2_HUMAN
ENSP00000320006	O75970	MPDZ_HUMAN
ENSP00000481886	O15173	PGRC2_HUMAN
ENSP00000225698	Q07021	C1QBP_HUMAN
ENSP00000250615	Q16613	SNAT_HUMAN
ENSP00000376678	Q01995	TAGL_HUMAN
ENSP00000481917	A0A087WYL5	A0A087WYL5_HUMAN
ENSP00000453801	Q9GZS3	SKI8_HUMAN
ENSP00000225174	P30405	PPIF_HUMAN
ENSP00000370607	Q5HYJ1	TECRL_HUMAN
ENSP00000299001	Q7Z3Z4	PIWL4_HUMAN
ENSP00000230340	Q13895	BYST_HUMAN
ENSP00000355657	Q16695	H31T_HUMAN
ENSP00000264039	P35052	GPC1_HUMAN
ENSP00000362649	Q13547	HDAC1_HUMAN
ENSP00000377797	Q70CQ1	UBP49_HUMAN
ENSP00000296545	P40933	IL15_HUMAN
ENSP00000341030	P05814	CASB_HUMAN
ENSP00000217971	O00264	PGRC1_HUMAN
ENSP00000254810	P84243	H33_HUMAN
ENSP00000370193	Q16594	TAF9_HUMAN
ENSP00000265195	Q9H173	SIL1_HUMAN
ENSP00000265245	Q9H089	LSG1_HUMAN
ENSP00000263239	Q9NVP1	DDX18_HUMAN
ENSP00000240185	Q13148	TADBP_HUMAN
ENSP00000430919	Q8WW32	HMGB4_HUMAN
ENSP00000455444	Q7RTU0	TCF24_HUMAN
ENSP00000462664	Q9UNA4	POLI_HUMAN
ENSP00000385828	Q16762	THTR_HUMAN
ENSP00000378163	P49207	RL34_HUMAN
ENSP00000489282	P68431	H31_HUMAN
ENSP00000226193	P35243	RECO_HUMAN
ENSP00000398882	Q9BU89	DOHH_HUMAN
ENSP00000358903	P05093	CP17A_HUMAN
ENSP00000449038	Q12852	M3K12_HUMAN
ENSP00000361310	Q9Y253	POLH_HUMAN
ENSP00000359345	P46777	RL5_HUMAN
ENSP00000239223	P28562	DUS1_HUMAN
ENSP00000369682	Q9BYN8	RT26_HUMAN
ENSP00000455106	Q14137	BOP1_HUMAN
ENSP00000355308	B0YJ81	HACD1_HUMAN
ENSP00000225430	P84098	RL19_HUMAN
ENSP00000325677	O75150	BRE1B_HUMAN
ENSP00000264230	Q8NC60	NOA1_HUMAN
ENSP00000230050	P25398	RS12_HUMAN
ENSP00000347184	P42858	HD_HUMAN
ENSP00000457991	Q6ZVD8	PHLP2_HUMAN
ENSP00000405111	Q6P158	DHX57_HUMAN
ENSP00000314151	P07288	KLK3_HUMAN
ENSP00000480987	P25205	MCM3_HUMAN
ENSP00000416534	A0A0C4DG89	A0A0C4DG89_HUMAN
ENSP00000344942	A6NIH7	U119B_HUMAN
ENSP00000259469	P42766	RL35_HUMAN
ENSP00000379975	Q13418	ILK_HUMAN
ENSP00000499466	Q9Y237	PIN4_HUMAN
ENSP00000477868	O94842	TOX4_HUMAN
ENSP00000471191	P37198	NUP62_HUMAN
ENSP00000361092	O75683	SURF6_HUMAN
ENSP00000363641	P10599	THIO_HUMAN
ENSP00000263038	O14832	PAHX_HUMAN
ENSP00000342026	P30041	PRDX6_HUMAN
ENSP00000325120	P06401	PRGR_HUMAN
ENSP00000355325	P28074	PSB5_HUMAN
ENSP00000309334	P61313	RL15_HUMAN
ENSP00000407487	Q9H3U1	UN45A_HUMAN
ENSP00000437955	Q16665	HIF1A_HUMAN
ENSP00000352608	P21817	RYR1_HUMAN
ENSP00000370343	Q15306	IRF4_HUMAN
ENSP00000373648	O43525	KCNQ3_HUMAN
ENSP00000304908	Q86VQ3	TXND2_HUMAN
ENSP00000441369	Q9Y478	AAKB1_HUMAN
ENSP00000355480	Q5VUJ9	DRC8_HUMAN
ENSP00000370373	P68106	FKB1B_HUMAN
ENSP00000292169	P23297	S10A1_HUMAN
ENSP00000499501	Q5TEC6	H37_HUMAN
ENSP00000499406	P08590	MYL3_HUMAN
ENSP00000478982	P78345	RPP38_HUMAN
ENSP00000417451	Q8N7X1	RMXL3_HUMAN
ENSP00000405965	P61956	SUMO2_HUMAN
ENSP00000491537	A0A1W2PQ47	A0A1W2PQ47_HUMAN
ENSP00000338413	P22314	UBA1_HUMAN
ENSP00000330341	O14543	SOCS3_HUMAN
ENSP00000355601	Q9GZT9	EGLN1_HUMAN
ENSP00000476100	Q6ZYL4	TF2H5_HUMAN
ENSP00000264670	Q08J23	NSUN2_HUMAN
ENSP00000238146	Q8NHQ9	DDX55_HUMAN
ENSP00000381461	Q9Y570	PPME1_HUMAN
ENSP00000323678	Q8N4Q0	PTGR3_HUMAN
ENSP00000361777	Q01105	SET_HUMAN
ENSP00000449751	Q9NYL4	FKB11_HUMAN
ENSP00000220592	Q9UKV8	AGO2_HUMAN
ENSP00000313454	A0AVT1	UBA6_HUMAN
ENSP00000478121	Q15369	ELOC_HUMAN
ENSP00000357704	P26447	S10A4_HUMAN
ENSP00000497413	Q8TAM1	BBS10_HUMAN
ENSP00000216479	O95433	AHSA1_HUMAN
ENSP00000418287	O76071	CIAO1_HUMAN
ENSP00000263857	O95602	RPA1_HUMAN
ENSP00000418221	Q6DKI1	RL7L_HUMAN
ENSP00000226796	Q9NY12	GAR1_HUMAN
ENSP00000217109	Q05048	CSTF1_HUMAN
ENSP00000470972	P39019	RS19_HUMAN
ENSP00000376765	Q9Y6X2	PIAS3_HUMAN
ENSP00000485206	Q9Y536	PAL4A_HUMAN
ENSP00000275525	P08833	IBP1_HUMAN
ENSP00000237014	P02766	TTHY_HUMAN
ENSP00000319739	Q14257	RCN2_HUMAN
ENSP00000272067	P24666	PPAC_HUMAN
ENSP00000225831	P13500	CCL2_HUMAN
ENSP00000365380	Q9BZS1	FOXP3_HUMAN
ENSP00000228136	O00193	SMAP_HUMAN
ENSP00000368632	P23771	GATA3_HUMAN
ENSP00000258083	Q9BSG0	PADC1_HUMAN
ENSP00000381657	Q8TEK3	DOT1L_HUMAN
ENSP00000428619	Q5TAP6	UT14C_HUMAN
ENSP00000477587	P31213	S5A2_HUMAN
ENSP00000389787	Q96S99	PKHF1_HUMAN
ENSP00000084798	O75493	CAH11_HUMAN
ENSP00000305422	P17676	CEBPB_HUMAN
ENSP00000497574	P48506	GSH1_HUMAN
ENSP00000344989	Q5D0E6	DALD3_HUMAN
ENSP00000219439	Q3SXM5	HSDL1_HUMAN
ENSP00000309126	Q96P11	NSUN5_HUMAN
ENSP00000417464	P56182	RRP1_HUMAN
ENSP00000219548	Q9UNE7	CHIP_HUMAN
ENSP00000285667	P48723	HSP13_HUMAN
ENSP00000278483	Q53FT3	HIKES_HUMAN
ENSP00000340019	P10809	CH60_HUMAN
ENSP00000370589	O00567	NOP56_HUMAN
ENSP00000400591	P62304	RUXE_HUMAN
ENSP00000307305	Q9NX09	DDIT4_HUMAN
ENSP00000380982	Q15397	PUM3_HUMAN
ENSP00000449544	H0YIJ7	H0YIJ7_HUMAN
ENSP00000296181	P18084	ITB5_HUMAN
ENSP00000355759	P09874	PARP1_HUMAN
ENSP00000360242	P98170	XIAP_HUMAN
ENSP00000370625	P30876	RPB2_HUMAN
ENSP00000367029	Q9GZS1	RPA49_HUMAN
ENSP00000291700	P04271	S100B_HUMAN
ENSP00000428223	Q9UNX3	RL26L_HUMAN
ENSP00000297579	A0A087WT20	A0A087WT20_HUMAN
ENSP00000223321	P25787	PSA2_HUMAN
ENSP00000261601	P54578	UBP14_HUMAN
ENSP00000232978	P30414	NKTR_HUMAN
ENSP00000304467	P52888	THOP1_HUMAN
ENSP00000365950	P98179	RBM3_HUMAN
ENSP00000344220	O15530	PDPK1_HUMAN
ENSP00000361036	Q86WI0	LHPL1_HUMAN
ENSP00000396308	P00374	DYR_HUMAN
ENSP00000480998	A0A087WXG3	A0A087WXG3_HUMAN
ENSP00000262719	O60346	PHLP1_HUMAN
ENSP00000479889	Q9NWZ3	IRAK4_HUMAN
ENSP00000370745	Q92499	DDX1_HUMAN
ENSP00000380256	P41002	CCNF_HUMAN
ENSP00000304915	P35225	IL13_HUMAN
ENSP00000341208	P42229	STA5A_HUMAN
ENSP00000234701	A8K7I4	CLCA1_HUMAN
ENSP00000386636	P05455	LA_HUMAN
ENSP00000203001	Q9UJA5	TRM6_HUMAN
ENSP00000254940	Q9Y221	NIP7_HUMAN
ENSP00000375881	P05187	PPB1_HUMAN
ENSP00000290231	Q9HCD5	NCOA5_HUMAN
ENSP00000264883	Q7Z3B4	NUP54_HUMAN
ENSP00000365804	Q9UBN7	HDAC6_HUMAN
ENSP00000463419	A0A075B759	PAL4E_HUMAN
ENSP00000226730	P60568	IL2_HUMAN
ENSP00000374399	Q96FX7	TRM61_HUMAN
ENSP00000462521	Q9H3M7	TXNIP_HUMAN
ENSP00000333181	A6NNE9	MARHB_HUMAN
ENSP00000367893	P49903	SPS1_HUMAN
ENSP00000490956	A0A1B0GWK0	PVLEF_HUMAN
ENSP00000352835	P02144	MYG_HUMAN
ENSP00000261875	Q9P035	HACD3_HUMAN
ENSP00000391211	P35998	PRS7_HUMAN
ENSP00000221452	Q01201	RELB_HUMAN
ENSP00000262613	O14745	NHRF1_HUMAN
ENSP00000485525	P30566	PUR8_HUMAN
ENSP00000359910	O14818	PSA7_HUMAN
ENSP00000299198	P12277	KCRB_HUMAN
ENSP00000316786	P80365	DHI2_HUMAN
ENSP00000216410	Q96EK6	GNA1_HUMAN
ENSP00000301764	Q16531	DDB1_HUMAN
ENSP00000342710	Q7Z794	K2C1B_HUMAN
ENSP00000362744	P62701	RS4X_HUMAN
ENSP00000420040	Q9NS61	KCIP2_HUMAN
ENSP00000354812	Q5T280	SPOUT_HUMAN
ENSP00000495273	P62081	RS7_HUMAN
ENSP00000303147	P31153	METK2_HUMAN
ENSP00000246802	Q9NZM5	NOP53_HUMAN
ENSP00000381185	P10415	BCL2_HUMAN
ENSP00000261708	Q9NYH9	UTP6_HUMAN
ENSP00000230361	Q9UMX6	GUC1B_HUMAN
ENSP00000306752	A0A499FJE1	A0A499FJE1_HUMAN
ENSP00000357876	Q5VWC4	Q5VWC4_HUMAN
ENSP00000216225	P62877	RBX1_HUMAN
ENSP00000366800	Q9NVH1	DJC11_HUMAN
ENSP00000397927	F6VRR5	F6VRR5_HUMAN
ENSP00000245206	P00505	AATM_HUMAN
ENSP00000346725	O00541	PESC_HUMAN
ENSP00000296786	Q8WVY7	UBCP1_HUMAN
ENSP00000380432	P01308	INS_HUMAN
ENSP00000215829	P62318	SMD3_HUMAN
ENSP00000296233	Q9UIH9	KLF15_HUMAN
ENSP00000274031	Q8WTS6	SETD7_HUMAN
ENSP00000287936	P04035	HMDH_HUMAN
ENSP00000216144	Q86V35	CABP7_HUMAN
ENSP00000362153	Q13823	NOG2_HUMAN
ENSP00000298556	P00492	HPRT_HUMAN
ENSP00000300026	P23284	PPIB_HUMAN
ENSP00000216129	Q14166	TTL12_HUMAN
ENSP00000221486	O75792	RNH2A_HUMAN
ENSP00000494708	P02042	HBD_HUMAN
ENSP00000362803	Q9Y3C6	PPIL1_HUMAN
ENSP00000340913	Q9Y210	TRPC6_HUMAN
ENSP00000343023	P23497	SP100_HUMAN
ENSP00000407323	H7C2Q8	H7C2Q8_HUMAN
ENSP00000307280	P05976	MYL1_HUMAN
ENSP00000310623	Q9H1K1	ISCU_HUMAN
ENSP00000401749	Q7Z4N8	P4HA3_HUMAN
ENSP00000311032	P42574	CASP3_HUMAN
ENSP00000225792	P17844	DDX5_HUMAN
ENSP00000332194	Q16777	H2A2C_HUMAN
ENSP00000436864	G5EA30	G5EA30_HUMAN
ENSP00000307636	Q8NDC4	MORN4_HUMAN
ENSP00000365188	Q9ULL8	SHRM4_HUMAN
ENSP00000435299	Q8N4Y2	EFC4A_HUMAN
ENSP00000353048	Q96SF2	TCPQM_HUMAN
ENSP00000355231	Q14457	BECN1_HUMAN
ENSP00000370299	Q13796	SHRM2_HUMAN
ENSP00000226574	P19838	NFKB1_HUMAN
ENSP00000356015	Q9BWD1	THIC_HUMAN
ENSP00000243253	P61619	S61A1_HUMAN
ENSP00000364802	P0DMV8	HS71A_HUMAN
ENSP00000378563	O15212	PFD6_HUMAN
ENSP00000419313	P48995	TRPC1_HUMAN
ENSP00000307288	P33993	MCM7_HUMAN
ENSP00000270223	Q09019	DMWD_HUMAN
ENSP00000466025	D6W5Y5	D6W5Y5_HUMAN
ENSP00000287078	Q2T9J0	TYSD1_HUMAN
ENSP00000303394	Q12988	HSPB3_HUMAN
ENSP00000391090	E7EPP6	E7EPP6_HUMAN
ENSP00000364324	Q9NX05	F120C_HUMAN
ENSP00000265896	Q14534	ERG1_HUMAN
ENSP00000497916	Q99608	NECD_HUMAN
ENSP00000365227	P55008	AIF1_HUMAN
ENSP00000314619	Q8N6M9	ZFN2A_HUMAN
ENSP00000430598	O00244	ATOX1_HUMAN
ENSP00000371587	Q6PIL6	KCIP4_HUMAN
ENSP00000369855	Q96DX5	ASB9_HUMAN
ENSP00000205636	Q9NX76	CKLF6_HUMAN
ENSP00000274217	Q9NUU6	OTULL_HUMAN
ENSP00000498019	P08708	RS17_HUMAN
ENSP00000313603	Q8NE71	ABCF1_HUMAN
ENSP00000262971	Q8N2W9	PIAS4_HUMAN
ENSP00000428259	E5RJF8	E5RJF8_HUMAN
ENSP00000276414	P01148	GON1_HUMAN
ENSP00000284690	Q7L7V1	DHX32_HUMAN
ENSP00000230640	P42285	MTREX_HUMAN
ENSP00000478303	P19388	RPAB1_HUMAN
ENSP00000229390	Q13242	SRSF9_HUMAN
ENSP00000385216	Q15788	NCOA1_HUMAN
ENSP00000376500	Q13114	TRAF3_HUMAN
ENSP00000252037	O75344	FKBP6_HUMAN
ENSP00000265310	Q9NQA5	TRPV5_HUMAN
ENSP00000308258	Q9BVG9	PTSS2_HUMAN
ENSP00000269143	Q9Y4W6	AFG32_HUMAN
ENSP00000275603	P40227	TCPZ_HUMAN
ENSP00000362759	O60241	AGRB2_HUMAN
ENSP00000359469	Q9H582	ZN644_HUMAN
ENSP00000295225	Q9Y2W7	CSEN_HUMAN
ENSP00000380998	Q9HD42	CHM1A_HUMAN
ENSP00000428085	P62888	RL30_HUMAN
ENSP00000365883	Q8WV74	NUDT8_HUMAN
ENSP00000319169	O14744	ANM5_HUMAN
ENSP00000419081	Q96GE6	CALL4_HUMAN
ENSP00000419081	A0A804DNR1	A0A804DNR1_HUMAN
ENSP00000323720	O60244	MED14_HUMAN
ENSP00000331103	Q9UHH9	IP6K2_HUMAN
ENSP00000345341	Q9H7Z7	PGES2_HUMAN
ENSP00000327801	P07237	PDIA1_HUMAN
ENSP00000406157	O95340	PAPS2_HUMAN
ENSP00000440163	Q8IZU1	FAM9A_HUMAN
ENSP00000298630	Q86UX6	ST32C_HUMAN
ENSP00000359727	O95816	BAG2_HUMAN
ENSP00000318406	Q8IZA0	K319L_HUMAN
ENSP00000304292	Q96NW4	ANR27_HUMAN
ENSP00000265970	O00443	P3C2A_HUMAN
ENSP00000300738	P23921	RIR1_HUMAN
ENSP00000261712	O00231	PSD11_HUMAN
ENSP00000385523	Q07869	PPARA_HUMAN
ENSP00000260970	Q13427	PPIG_HUMAN
ENSP00000252071	Q9C0K3	ARP3C_HUMAN
ENSP00000216554	P55010	IF5_HUMAN
ENSP00000212015	Q96EB6	SIR1_HUMAN
ENSP00000365220	Q5VZU9	Q5VZU9_HUMAN
ENSP00000405330	P03372	ESR1_HUMAN
ENSP00000331907	Q14147	DHX34_HUMAN
ENSP00000314193	Q8IWA0	WDR75_HUMAN
ENSP00000484658	P68431	H31_HUMAN
ENSP00000318799	Q8NFJ8	BHE22_HUMAN
ENSP00000492033	A6PVI3	NCB2L_HUMAN
ENSP00000256442	P14635	CCNB1_HUMAN
ENSP00000343925	Q92731	ESR2_HUMAN
ENSP00000354125	P55884	EIF3B_HUMAN
ENSP00000430684	O14920	IKKB_HUMAN
ENSP00000463784	P61254	RL26_HUMAN
ENSP00000409906	Q70EK8	UBP53_HUMAN
ENSP00000358081	O95817	BAG3_HUMAN
ENSP00000369757	P62753	RS6_HUMAN
ENSP00000366863	O60343	TBCD4_HUMAN
ENSP00000296411	P53582	MAP11_HUMAN
ENSP00000492441	A0A1W2PQS6	A0A1W2PQS6_HUMAN
ENSP00000300175	P05408	7B2_HUMAN
ENSP00000398597	Q5RKV6	EXOS6_HUMAN
ENSP00000262103	Q9HAE3	CLXN_HUMAN
ENSP00000340691	Q13541	4EBP1_HUMAN
ENSP00000497422	A6NMX2	I4E1B_HUMAN
ENSP00000258080	O43464	HTRA2_HUMAN
ENSP00000440485	O00233	PSMD9_HUMAN
ENSP00000358563	O60832	DKC1_HUMAN
ENSP00000379683	P11511	CP19A_HUMAN
ENSP00000356989	Q9UHV9	PFD2_HUMAN
ENSP00000377640	P83731	RL24_HUMAN
ENSP00000161863	Q9H6S0	YTDC2_HUMAN
ENSP00000363944	Q9Y4W2	LAS1L_HUMAN
ENSP00000344724	Q96NM4	TOX2_HUMAN
ENSP00000253329	Q8WUA2	PPIL4_HUMAN
ENSP00000242776	O00148	DX39A_HUMAN
ENSP00000292574	Q8IYK2	TEKL1_HUMAN
ENSP00000305161	Q9BRZ2	TRI56_HUMAN
ENSP00000219169	P61970	NTF2_HUMAN
ENSP00000260563	O00442	RTCA_HUMAN
ENSP00000466010	K7ELC2	K7ELC2_HUMAN
ENSP00000360020	O95661	DIRA3_HUMAN
ENSP00000268138	Q7Z2Z1	TICRR_HUMAN
ENSP00000493382	O43175	SERA_HUMAN
ENSP00000433623	Q9Y4K3	TRAF6_HUMAN
ENSP00000297293	Q8IWU2	LMTK2_HUMAN
ENSP00000346080	Q6P5R6	RL22L_HUMAN
ENSP00000300291	O43809	CPSF5_HUMAN
ENSP00000288022	Q9HBH1	DEFM_HUMAN
ENSP00000385410	Q14978	NOLC1_HUMAN
ENSP00000375639	P0C1Z6	TFPT_HUMAN
ENSP00000350512	Q92905	CSN5_HUMAN
ENSP00000323858	Q8TDD1	DDX54_HUMAN
ENSP00000444586	F5GZB4	F5GZB4_HUMAN
ENSP00000251607	Q96Q11	TRNT1_HUMAN
ENSP00000457870	Q9BVC4	LST8_HUMAN
ENSP00000379888	P62241	RS8_HUMAN
ENSP00000365230	Q07817	B2CL1_HUMAN
ENSP00000500990	P37840	SYUA_HUMAN
ENSP00000252804	Q92626	PXDN_HUMAN
ENSP00000341826	P09651	ROA1_HUMAN
ENSP00000310572	P62195	PRS8_HUMAN
ENSP00000421985	Q8TF40	FNIP1_HUMAN
ENSP00000265174	O43252	PAPS1_HUMAN
ENSP00000262375	Q96EY1	DNJA3_HUMAN
ENSP00000279146	O00170	AIP_HUMAN
ENSP00000285814	Q9BYG3	MK67I_HUMAN
ENSP00000276449	P49675	STAR_HUMAN
ENSP00000303511	Q13608	PEX6_HUMAN
ENSP00000481029	P17980	PRS6A_HUMAN
ENSP00000011898	O75954	TSN9_HUMAN
ENSP00000348056	P63279	UBC9_HUMAN
ENSP00000365007	Q9Y2G8	DJC16_HUMAN
ENSP00000260803	Q9UK59	DBR1_HUMAN
ENSP00000287647	Q9BXW9	FACD2_HUMAN
ENSP00000339801	P22304	IDS_HUMAN
ENSP00000340820	A0A7I2PLE3	A0A7I2PLE3_HUMAN
ENSP00000490263	A0A1B0GUV7	TEX48_HUMAN
ENSP00000434024	P16104	H2AX_HUMAN
ENSP00000361918	Q9UNP9	PPIE_HUMAN
ENSP00000290167	P56705	WNT4_HUMAN
ENSP00000357709	P06703	S10A6_HUMAN
ENSP00000268876	Q8IWX7	UN45B_HUMAN
ENSP00000363822	P10275	ANDR_HUMAN
ENSP00000219746	O15405	TOX3_HUMAN
ENSP00000364801	P0DMV9	HS71B_HUMAN
ENSP00000363773	P02745	C1QA_HUMAN
ENSP00000284320	O94826	TOM70_HUMAN
ENSP00000458770	O14561	ACPM_HUMAN
ENSP00000363018	P62906	RL10A_HUMAN
ENSP00000366939	Q9BQP7	MGME1_HUMAN
ENSP00000333837	P52815	RM12_HUMAN
ENSP00000341625	P00167	CYB5_HUMAN
ENSP00000295121	Q96MX6	DAA10_HUMAN
ENSP00000221801	P22087	FBRL_HUMAN
ENSP00000320650	Q9H1X3	DJC25_HUMAN
ENSP00000486725	Q13356	PPIL2_HUMAN
ENSP00000290158	Q14974	IMB1_HUMAN
ENSP00000326948	Q9UET6	TRM7_HUMAN
ENSP00000444788	P48775	T23O_HUMAN
ENSP00000327179	Q969X6	UTP4_HUMAN
ENSP00000356652	Q9HB71	CYBP_HUMAN
ENSP00000333433	Q8WVK7	SKA2_HUMAN
ENSP00000357000	P22415	USF1_HUMAN
ENSP00000280326	P48643	TCPE_HUMAN
ENSP00000322788	P03956	MMP1_HUMAN
ENSP00000363689	Q02535	ID3_HUMAN
ENSP00000363794	Q92506	DHB8_HUMAN
ENSP00000321347	Q96SI9	STRBP_HUMAN
ENSP00000381333	P34998	CRFR1_HUMAN
ENSP00000263341	P01584	IL1B_HUMAN
ENSP00000363559	P56537	IF6_HUMAN
ENSP00000398698	P01375	TNFA_HUMAN
ENSP00000355541	Q9H583	HEAT1_HUMAN
ENSP00000435096	P62851	RS25_HUMAN
ENSP00000307567	P47897	SYQ_HUMAN
ENSP00000268482	Q92620	PRP16_HUMAN
ENSP00000370253	Q99801	NKX31_HUMAN
ENSP00000343885	Q9H2U2	IPYR2_HUMAN
ENSP00000310205	Q9NQ35	NRIP3_HUMAN
ENSP00000001146	Q9NR63	CP26B_HUMAN
ENSP00000358535	Q15431	SYCP1_HUMAN
ENSP00000296486	Q8TBG4	AT2L1_HUMAN
ENSP00000396198	Q92913	FGF13_HUMAN
ENSP00000377833	P09525	ANXA4_HUMAN
ENSP00000216756	Q9BW66	CINP_HUMAN
ENSP00000263278	Q9BPX1	DHB14_HUMAN
ENSP00000261405	P04275	VWF_HUMAN
ENSP00000444198	A0A0A0MTM3	A0A0A0MTM3_HUMAN
ENSP00000316329	Q86SK9	SCD5_HUMAN
ENSP00000369647	P01185	NEU2_HUMAN
ENSP00000462717	Q9NWM3	CUED1_HUMAN
ENSP00000369251	Q13394	MB211_HUMAN
ENSP00000261693	Q8WTV0	SCRB1_HUMAN
ENSP00000333018	Q5I0X7	TTC32_HUMAN
ENSP00000371728	Q9GZP1	NRSN2_HUMAN
ENSP00000386908	A6BM72	MEG11_HUMAN
ENSP00000358698	Q93097	WNT2B_HUMAN
ENSP00000359380	O00767	SCD_HUMAN
ENSP00000398273	P35711	SOX5_HUMAN
ENSP00000309515	Q5SRE7	PHYD1_HUMAN
ENSP00000380093	P56693	SOX10_HUMAN
ENSP00000209929	Q99518	FMO2_HUMAN
ENSP00000263519	Q16720	AT2B3_HUMAN
ENSP00000393275	Q8WY41	NANO1_HUMAN
ENSP00000353959	Q96NY7	CLIC6_HUMAN
ENSP00000379773	Q8IWR0	Z3H7A_HUMAN
ENSP00000355315	P62891	RL39_HUMAN
ENSP00000356795	O60806	TBX19_HUMAN
ENSP00000352414	O60258	FGF17_HUMAN
ENSP00000310721	O75881	CP7B1_HUMAN
ENSP00000215531	O75264	SIM24_HUMAN
ENSP00000321684	P50221	MEOX1_HUMAN
ENSP00000477567	P98187	CP4F8_HUMAN
ENSP00000265605	Q9H2A2	AL8A1_HUMAN
ENSP00000498246	Q9UNQ0	ABCG2_HUMAN
ENSP00000384197	Q6ZMN7	PZRN4_HUMAN
ENSP00000371985	Q09470	KCNA1_HUMAN
ENSP00000370750	Q8TC12	RDH11_HUMAN
ENSP00000228027	Q96PD7	DGAT2_HUMAN
ENSP00000403293	Q4G163	FBX43_HUMAN
ENSP00000335285	Q86Z23	C1QL4_HUMAN
ENSP00000303978	A0A0B4J1R9	A0A0B4J1R9_HUMAN
ENSP00000356218	Q9UHQ9	NB5R1_HUMAN
ENSP00000392985	Q9BUP3	HTAI2_HUMAN
ENSP00000416996	O00590	ACKR2_HUMAN
ENSP00000367942	O60383	GDF9_HUMAN
ENSP00000418532	P35503	UD13_HUMAN
ENSP00000368104	P12643	BMP2_HUMAN
ENSP00000371870	Q13117	DAZ2_HUMAN
ENSP00000273450	O75891	AL1L1_HUMAN
ENSP00000308772	Q8N8V4	ANS4B_HUMAN
ENSP00000346768	O60656	UD19_HUMAN
ENSP00000064724	O75508	CLD11_HUMAN
ENSP00000355140	P14653	HXB1_HUMAN
ENSP00000296589	Q9UMX9	S45A2_HUMAN
ENSP00000317333	Q9H2A3	NGN2_HUMAN
ENSP00000333496	Q9NZV8	KCND2_HUMAN
ENSP00000306991	Q92819	HYAS2_HUMAN
ENSP00000260682	P11712	CP2C9_HUMAN
ENSP00000339179	Q6SA08	TSSK4_HUMAN
ENSP00000355517	O15229	KMO_HUMAN
ENSP00000362410	Q9Y5Q3	MAFB_HUMAN
ENSP00000281182	Q9UKU7	ACAD8_HUMAN
ENSP00000480443	A0A087WWR3	A0A087WWR3_HUMAN
ENSP00000478220	Q9H3C7	GGNB2_HUMAN
ENSP00000371790	P31371	FGF9_HUMAN
ENSP00000323580	Q13099	IFT88_HUMAN
ENSP00000360522	P02753	RET4_HUMAN
ENSP00000497326	P36551	HEM6_HUMAN
ENSP00000261835	Q9Y6A2	CP46A_HUMAN
ENSP00000491941	A0A1W2PQG2	A0A1W2PQG2_HUMAN
ENSP00000253382	Q9NR19	ACSA_HUMAN
ENSP00000233813	P24593	IBP5_HUMAN
ENSP00000306894	P41161	ETV5_HUMAN
ENSP00000240328	Q13207	TBX2_HUMAN
ENSP00000363817	P28702	RXRB_HUMAN
ENSP00000424630	P08319	ADH4_HUMAN
ENSP00000414237	Q9H0H0	INT2_HUMAN
ENSP00000300527	P12110	CO6A2_HUMAN
ENSP00000417207	P14651	HXB3_HUMAN
ENSP00000360958	Q5TCH4	CP4AM_HUMAN
ENSP00000310928	Q03181	PPARD_HUMAN
ENSP00000326159	A0A0C4DFQ5	A0A0C4DFQ5_HUMAN
ENSP00000495061	Q99697	PITX2_HUMAN
ENSP00000370224	Q6UWI2	PARM1_HUMAN
ENSP00000215530	Q9HCT0	FGF22_HUMAN
ENSP00000317214	Q9Y6Q1	CAN6_HUMAN
ENSP00000494321	A0A2R8Y4V0	A0A2R8Y4V0_HUMAN
ENSP00000040584	P31273	HXC8_HUMAN
ENSP00000327975	A6NNS2	DRS7C_HUMAN
ENSP00000386881	O75923	DYSF_HUMAN
ENSP00000449253	Q96PR1	KCNC2_HUMAN
ENSP00000302548	P09016	HXD4_HUMAN
ENSP00000381003	Q96AY4	TTC28_HUMAN
ENSP00000242261	Q15672	TWST1_HUMAN
ENSP00000305613	O14810	CPLX1_HUMAN
ENSP00000355760	Q5SW24	DACT2_HUMAN
ENSP00000339250	Q6W0C5	DPPA3_HUMAN
ENSP00000268679	O75081	MTG16_HUMAN
ENSP00000362549	Q9HAW9	UD18_HUMAN
ENSP00000364490	P30038	AL4A1_HUMAN
ENSP00000370395	Q96EQ0	SGTB_HUMAN
ENSP00000272895	Q86UK0	ABCAC_HUMAN
ENSP00000438468	Q5VTY9	HHAT_HUMAN
ENSP00000367972	P47928	ID4_HUMAN
ENSP00000287538	O60481	ZIC3_HUMAN
ENSP00000377384	Q9P2W1	HOP2_HUMAN
ENSP00000450482	P30411	BKRB2_HUMAN
ENSP00000362386	Q8NEE8	TTC16_HUMAN
ENSP00000272520	Q7Z5L3	C1QL2_HUMAN
ENSP00000357255	P02818	OSTCN_HUMAN
ENSP00000290552	P78412	IRX6_HUMAN
ENSP00000253407	O75973	C1QRF_HUMAN
ENSP00000360869	P09914	IFIT1_HUMAN
ENSP00000319851	Q8NE62	CHDH_HUMAN
ENSP00000450962	Q04743	EMX2_HUMAN
ENSP00000322300	Q8N394	TMTC2_HUMAN
ENSP00000402257	A0A0A0MSU1	A0A0A0MSU1_HUMAN
ENSP00000451419	Q92813	IOD2_HUMAN
ENSP00000435712	P43694	GATA4_HUMAN
ENSP00000355330	P21980	TGM2_HUMAN
ENSP00000397900	Q9BYG7	MSTRO_HUMAN
ENSP00000242839	P35670	ATP7B_HUMAN
ENSP00000251864	Q9BXT4	TDRD1_HUMAN
ENSP00000290354	O75828	CBR3_HUMAN
ENSP00000337450	P24462	CP3A7_HUMAN
ENSP00000271651	P43235	CATK_HUMAN
ENSP00000376458	Q4KMG0	CDON_HUMAN
ENSP00000366354	Q9GZK7	O11A1_HUMAN
ENSP00000222718	O43364	HXA2_HUMAN
ENSP00000356404	O43825	B3GT2_HUMAN
ENSP00000305675	O95810	CAVN2_HUMAN
ENSP00000266085	P35625	TIMP3_HUMAN
ENSP00000311697	P12034	FGF5_HUMAN
ENSP00000242480	P11161	EGR2_HUMAN
ENSP00000440689	P05181	CP2E1_HUMAN
ENSP00000379430	Q330K2	NDUF6_HUMAN
ENSP00000385592	A1L1A6	IGS23_HUMAN
ENSP00000482639	Q99735	MGST2_HUMAN
ENSP00000254958	P78504	JAG1_HUMAN
ENSP00000262653	O43439	MTG8R_HUMAN
ENSP00000225235	O60347	TBC12_HUMAN
ENSP00000231706	Q8TBB6	S7A14_HUMAN
ENSP00000387739	Q8IY63	AMOL1_HUMAN
ENSP00000332296	P10826	RARB_HUMAN
ENSP00000421801	D6RAR4	D6RAR4_HUMAN
ENSP00000320949	A5YKK6	CNOT1_HUMAN
ENSP00000240361	Q8IWB6	TEX14_HUMAN
ENSP00000352900	P48443	RXRG_HUMAN
ENSP00000378405	O14874	BCKD_HUMAN
ENSP00000333640	O00167	EYA2_HUMAN
ENSP00000330218	O00570	SOX1_HUMAN
ENSP00000381231	P35520	CBS_HUMAN
ENSP00000270593	Q9BZG2	PPAT_HUMAN
ENSP00000241416	P27037	AVR2A_HUMAN
ENSP00000268533	P0C024	NUDT7_HUMAN
ENSP00000322568	P35716	SOX11_HUMAN
ENSP00000256319	Q9UKR5	ERG28_HUMAN
ENSP00000261883	O75339	CILP1_HUMAN
ENSP00000408002	Q86Y07	VRK2_HUMAN
ENSP00000255688	Q9UL19	PLAT4_HUMAN
ENSP00000379140	P48061	SDF1_HUMAN
ENSP00000303830	P06213	INSR_HUMAN
ENSP00000261503	Q5M775	CYTSB_HUMAN
ENSP00000321797	P55075	FGF8_HUMAN
ENSP00000324842	Q86V21	AACS_HUMAN
ENSP00000242592	P16219	ACADS_HUMAN
ENSP00000211287	O15264	MK13_HUMAN
ENSP00000290015	O14905	WNT9B_HUMAN
ENSP00000234392	Q9UIW0	VAX2_HUMAN
ENSP00000318867	Q9UNU6	CP8B1_HUMAN
ENSP00000335261	Q9NVH6	TMLH_HUMAN
ENSP00000450353	F8VP50	F8VP50_HUMAN
ENSP00000222982	P20815	CP3A5_HUMAN
ENSP00000314792	Q8N9W6	BOLL_HUMAN
ENSP00000317721	Q9P0Z9	SOX_HUMAN
ENSP00000343656	A8MQ07	A8MQ07_HUMAN
ENSP00000360502	P51160	PDE6C_HUMAN
ENSP00000225688	Q9Y272	RASD1_HUMAN
ENSP00000458762	Q9HBL8	NMRL1_HUMAN
ENSP00000235628	Q9BXI3	5NT1A_HUMAN
ENSP00000219368	Q7L5A8	FA2H_HUMAN
ENSP00000296591	O43854	EDIL3_HUMAN
ENSP00000333275	P13056	NR2C1_HUMAN
ENSP00000292035	Q6P2C8	MED27_HUMAN
ENSP00000216024	Q14565	DMC1_HUMAN
ENSP00000459451	Q08AH3	ACS2A_HUMAN
ENSP00000265433	O60934	NBN_HUMAN
ENSP00000331462	Q6ZNC4	ZN704_HUMAN
ENSP00000254624	Q14156	EFR3A_HUMAN
ENSP00000265441	P09544	WNT2_HUMAN
ENSP00000293894	P57073	SOX8_HUMAN
ENSP00000229633	Q9NQE9	HINT3_HUMAN
ENSP00000216127	Q96D21	RHES_HUMAN
ENSP00000419970	P16435	NCPR_HUMAN
ENSP00000258873	Q96GR2	ACBG1_HUMAN
ENSP00000384588	Q9HBI6	CP4FB_HUMAN
ENSP00000064571	Q9NTU7	CBLN4_HUMAN
ENSP00000381206	O75452	RDH16_HUMAN
ENSP00000373450	Q07617	SPAG1_HUMAN
ENSP00000424838	Q9NQI0	DDX4_HUMAN
ENSP00000272371	Q9HC10	OTOF_HUMAN
ENSP00000338272	Q9Y5J3	HEY1_HUMAN
ENSP00000263026	O00418	EF2K_HUMAN
ENSP00000357873	P45954	ACDSB_HUMAN
ENSP00000443827	Q8TDD2	SP7_HUMAN
ENSP00000363868	O95477	ABCA1_HUMAN
ENSP00000262041	P50222	MEOX2_HUMAN
ENSP00000358207	Q5SQQ9	VAX1_HUMAN
ENSP00000299529	P29762	RABP1_HUMAN
ENSP00000349790	P20849	CO9A1_HUMAN
ENSP00000347730	O15090	ZN536_HUMAN
ENSP00000379644	P35712	SOX6_HUMAN
ENSP00000283871	Q93099	HGD_HUMAN
ENSP00000482704	Q6UWP2	DHR11_HUMAN
ENSP00000311005	Q13164	MK07_HUMAN
ENSP00000351035	Q8NBQ5	DHB11_HUMAN
ENSP00000350036	Q8NDV3	SMC1B_HUMAN
ENSP00000328423	Q7Z4M0	RE114_HUMAN
ENSP00000498671	W0Z7M9	W0Z7M9_HUMAN
ENSP00000322706	Q01581	HMCS1_HUMAN
ENSP00000482264	O75907	DGAT1_HUMAN
ENSP00000410294	P21802	FGFR2_HUMAN
ENSP00000271971	O14815	CAN9_HUMAN
ENSP00000355180	P12109	CO6A1_HUMAN
ENSP00000219197	P23435	CBLN1_HUMAN
ENSP00000258168	Q9HAY6	BCDO1_HUMAN
ENSP00000409007	P39905	GDNF_HUMAN
ENSP00000404438	Q5JUK2	SOLH1_HUMAN
ENSP00000465589	Q5FVE4	ACBG2_HUMAN
ENSP00000371483	O95436	NPT2B_HUMAN
ENSP00000430846	Q92953	KCNB2_HUMAN
ENSP00000484343	A0A087X1N8	A0A087X1N8_HUMAN
ENSP00000222725	Q8NES3	LFNG_HUMAN
ENSP00000333685	Q15759	MK11_HUMAN
ENSP00000434343	Q6IPT4	NB5R5_HUMAN
ENSP00000274242	P61927	RL37_HUMAN
ENSP00000295082	Q9H3M0	KCNF1_HUMAN
ENSP00000406674	Q96PD6	MOGT1_HUMAN
ENSP00000368066	Q9UJM8	HAOX1_HUMAN
ENSP00000473990	P43353	AL3B1_HUMAN
ENSP00000290349	P16152	CBR1_HUMAN
ENSP00000299440	P15918	RAG1_HUMAN
ENSP00000384434	B5MCP8	B5MCP8_HUMAN
ENSP00000303525	Q8N4T8	CBR4_HUMAN
ENSP00000301180	Q9P265	DIP2B_HUMAN
ENSP00000362799	Q96QF7	GCNA_HUMAN
ENSP00000346065	O60522	TDRD6_HUMAN
ENSP00000296522	P15428	PGDH_HUMAN
ENSP00000355377	O95154	ARK73_HUMAN
ENSP00000257290	P16234	PGFRA_HUMAN
ENSP00000265340	P78337	PITX1_HUMAN
ENSP00000428994	P42261	GRIA1_HUMAN
ENSP00000363345	Q9BY10	S46A2_HUMAN
ENSP00000228510	Q03426	KIME_HUMAN
ENSP00000319591	Q9UK17	KCND3_HUMAN
ENSP00000498260	Q9UKU0	ACSL6_HUMAN
ENSP00000368370	P19544	WT1_HUMAN
ENSP00000362863	Q6NUK4	REEP3_HUMAN
ENSP00000245451	P12644	BMP4_HUMAN
ENSP00000495986	P57082	TBX4_HUMAN
ENSP00000265395	P31937	3HIDH_HUMAN
ENSP00000304331	Q9H4S2	GSX1_HUMAN
ENSP00000294638	Q68G74	LHX8_HUMAN
ENSP00000301455	Q9BY76	ANGL4_HUMAN
ENSP00000354960	Q8IYK4	GT252_HUMAN
ENSP00000321026	Q8IV03	LUR1L_HUMAN
ENSP00000420269	P40394	ADH7_HUMAN
ENSP00000452763	H0YKD8	H0YKD8_HUMAN
ENSP00000352584	O60218	AK1BA_HUMAN
ENSP00000338533	Q6PID6	TTC33_HUMAN
ENSP00000288135	P10721	KIT_HUMAN
ENSP00000300433	Q6UXU6	TMM92_HUMAN
ENSP00000327048	O75444	MAF_HUMAN
ENSP00000301039	Q8NCQ7	PRCA1_HUMAN
ENSP00000356919	P18850	ATF6A_HUMAN
ENSP00000264051	Q8N5V2	NGEF_HUMAN
ENSP00000370473	P17936	IBP3_HUMAN
ENSP00000355896	P61812	TGFB2_HUMAN
ENSP00000358786	Q16322	KCA10_HUMAN
ENSP00000360317	P10632	CP2C8_HUMAN
ENSP00000333097	Q6QHK4	FIGLA_HUMAN
ENSP00000334642	Q8NEN9	PDZD8_HUMAN
ENSP00000290765	P0CG30	GSTT2_HUMAN
ENSP00000345793	Q9UGR2	Z3H7B_HUMAN
ENSP00000272134	O75610	LFTY1_HUMAN
ENSP00000209668	P07327	ADH1A_HUMAN
ENSP00000205214	Q4L235	ACSF4_HUMAN
ENSP00000318057	Q06889	EGR3_HUMAN
ENSP00000221700	P78329	CP4F2_HUMAN
ENSP00000354468	A0A8J8YWN6	A0A8J8YWN6_HUMAN
ENSP00000366178	Q9H4G1	CST9L_HUMAN
ENSP00000277010	Q99720	SGMR1_HUMAN
ENSP00000322460	Q8IWT1	SCN4B_HUMAN
ENSP00000239165	P09629	HXB7_HUMAN
ENSP00000466845	Q92947	GCDH_HUMAN
ENSP00000434614	P30260	CDC27_HUMAN
ENSP00000265969	P48547	KCNC1_HUMAN
ENSP00000332679	Q16696	CP2AD_HUMAN
ENSP00000308032	Q96SQ9	CP2S1_HUMAN
ENSP00000274192	P18405	S5A1_HUMAN
ENSP00000333836	Q5HY92	FIGN_HUMAN
ENSP00000200691	P25713	MT3_HUMAN
ENSP00000344674	Q13268	DHRS2_HUMAN
ENSP00000240285	Q8IZV5	RDH10_HUMAN
ENSP00000356723	P31512	FMO4_HUMAN
ENSP00000463574	Q9NPH0	PPA6_HUMAN
ENSP00000220764	Q16698	DECR_HUMAN
ENSP00000340361	Q13705	AVR2B_HUMAN
ENSP00000387654	Q9UHG3	PCYOX_HUMAN
ENSP00000457733	Q6NUK1	SCMC1_HUMAN
ENSP00000297785	P00352	AL1A1_HUMAN
ENSP00000299237	Q9P2F9	ZN319_HUMAN
ENSP00000301956	Q08AH1	ACSM1_HUMAN
ENSP00000360425	Q14206	RCAN2_HUMAN
ENSP00000417038	O75167	PHAR2_HUMAN
ENSP00000388510	P13631	RARG_HUMAN
ENSP00000493273	A0A286YF18	SMI44_HUMAN
ENSP00000224356	O43174	CP26A_HUMAN
ENSP00000350314	Q9BYV7	BCDO2_HUMAN
ENSP00000442046	Q8IUR5	TMTC1_HUMAN
ENSP00000318032	Q8N4K4	RPRML_HUMAN
ENSP00000434241	Q14003	KCNC3_HUMAN
ENSP00000371686	Q9Y5R5	DMRT2_HUMAN
ENSP00000405032	Q2KHT4	GSG1_HUMAN
ENSP00000359567	P41225	SOX3_HUMAN
ENSP00000304133	P13521	SCG2_HUMAN
ENSP00000344479	P43354	NR4A2_HUMAN
ENSP00000498424	Q6V0L0	CP26C_HUMAN
ENSP00000210633	Q9NTN9	SEM4G_HUMAN
ENSP00000435954	Q6PIU1	KCNV1_HUMAN
ENSP00000498711	K7ELF7	K7ELF7_HUMAN
ENSP00000263182	O75936	BODG_HUMAN
ENSP00000301645	P22680	CP7A1_HUMAN
ENSP00000254090	P49326	FMO5_HUMAN
ENSP00000275016	Q9NYL5	CP39A_HUMAN
ENSP00000256759	P19883	FST_HUMAN
ENSP00000363398	Q92935	EXTL1_HUMAN
ENSP00000316924	Q9NUB1	ACS2L_HUMAN
ENSP00000261733	P05091	ALDH2_HUMAN
ENSP00000494896	Q96PL2	TECTB_HUMAN
ENSP00000480291	P35680	HNF1B_HUMAN
ENSP00000449535	Q9H6R3	ACSS3_HUMAN
ENSP00000232892	P22760	AAAD_HUMAN
ENSP00000354888	Q4G0S7	CC152_HUMAN
ENSP00000341280	Q92833	JARD2_HUMAN
ENSP00000302625	Q9Y2T1	AXIN2_HUMAN
ENSP00000252595	Q6PCB7	S27A1_HUMAN
ENSP00000340935	Q13316	DMP1_HUMAN
ENSP00000225929	A0A0A0MQS7	A0A0A0MQS7_HUMAN
ENSP00000416606	P01225	FSHB_HUMAN
ENSP00000325146	Q99715	COCA1_HUMAN
ENSP00000257566	O15119	TBX3_HUMAN
ENSP00000362513	P35504	UD15_HUMAN
ENSP00000480004	P07099	HYEP_HUMAN
ENSP00000304845	P22309	UD11_HUMAN
ENSP00000389356	Q96EH5	RL39L_HUMAN
ENSP00000320401	O75795	UDB17_HUMAN
ENSP00000257215	Q9Y4D2	DGLA_HUMAN
ENSP00000440847	O15231	ZN185_HUMAN
ENSP00000354109	Q8NE09	RGS22_HUMAN
ENSP00000297316	Q9H6I2	SOX17_HUMAN
ENSP00000357219	A2A3L6	TTC24_HUMAN
ENSP00000418096	Q9Y2W3	S45A1_HUMAN
ENSP00000400894	P01210	PENK_HUMAN
ENSP00000495507	Q9H5Y7	SLIK6_HUMAN
ENSP00000314480	A6NJT0	UNC4_HUMAN
ENSP00000476384	Q7RTU7	SCX_HUMAN
ENSP00000498116	P56178	DLX5_HUMAN
ENSP00000348380	Q6UW02	CP20A_HUMAN
ENSP00000311492	Q2M1V0	ISX_HUMAN
ENSP00000421926	Q96RL1	UIMC1_HUMAN
ENSP00000482581	Q8WVJ9	TWST2_HUMAN
ENSP00000264498	P09038	FGF2_HUMAN
ENSP00000264498	A0A0A0MQV6	A0A0A0MQV6_HUMAN
ENSP00000334128	Q4G0S4	C27C1_HUMAN
ENSP00000370115	P30740	ILEU_HUMAN
ENSP00000320648	A6NE52	WDR97_HUMAN
ENSP00000497274	Q92887	MRP2_HUMAN
ENSP00000328928	P17483	HXB4_HUMAN
ENSP00000361929	Q5T4B2	GT253_HUMAN
ENSP00000275300	O75751	S22A3_HUMAN
ENSP00000231572	P54136	SYRC_HUMAN
ENSP00000229583	Q96IZ2	ADTRP_HUMAN
ENSP00000263368	P30043	BLVRB_HUMAN
ENSP00000461947	Q15762	CD226_HUMAN
ENSP00000426296	A6NKN8	PC4L1_HUMAN
ENSP00000265052	A0A0C4DFN3	A0A0C4DFN3_HUMAN
ENSP00000350102	Q9NXH8	TOR4A_HUMAN
ENSP00000305924	Q6NUP7	PP4R4_HUMAN
ENSP00000478396	Q6NXR4	TTI2_HUMAN
ENSP00000376465	Q14435	GALT3_HUMAN
ENSP00000268125	P12271	RLBP1_HUMAN
ENSP00000387123	P49419	AL7A1_HUMAN
ENSP00000411821	P30838	AL3A1_HUMAN
ENSP00000318085	Q9BQA5	HINFP_HUMAN
ENSP00000331608	P78415	IRX3_HUMAN
ENSP00000261514	P51790	CLCN3_HUMAN
ENSP00000296412	P11766	ADHX_HUMAN
ENSP00000368079	Q6ZWL3	CP4V2_HUMAN
ENSP00000416515	A0A0A0MT64	A0A0A0MT64_HUMAN
ENSP00000295802	Q6NUM9	RETST_HUMAN
ENSP00000331040	Q13516	OLIG2_HUMAN
ENSP00000233331	Q9C086	IN80B_HUMAN
ENSP00000273859	Q9P241	AT10D_HUMAN
ENSP00000295228	P09529	INHBB_HUMAN
ENSP00000296452	Q9UPA5	BSN_HUMAN
ENSP00000457230	Q9NZC7	WWOX_HUMAN
ENSP00000267843	P21781	FGF7_HUMAN
ENSP00000348385	Q8IZC6	CORA1_HUMAN
ENSP00000322238	Q9NWQ9	CN119_HUMAN
ENSP00000420927	Q15119	PDK2_HUMAN
ENSP00000403042	Q8N3S3	PHTF2_HUMAN
ENSP00000419652	J3KR69	J3KR69_HUMAN
ENSP00000364524	P23759	PAX7_HUMAN
ENSP00000272369	O00470	MEIS1_HUMAN
ENSP00000355996	P27469	G0S2_HUMAN
ENSP00000344967	A0A0C4DFS6	A0A0C4DFS6_HUMAN
ENSP00000222726	P20719	HXA5_HUMAN
ENSP00000366927	P30837	AL1B1_HUMAN
ENSP00000359245	P78363	ABCA4_HUMAN
ENSP00000370718	O95671	ASML_HUMAN
ENSP00000258415	Q02318	CP27A_HUMAN
ENSP00000402584	Q8NFP4	MDGA1_HUMAN
ENSP00000481728	Q9H172	ABCG4_HUMAN
ENSP00000480439	O75911	DHRS3_HUMAN
ENSP00000360372	P33261	CP2CJ_HUMAN
ENSP00000358718	Q5T655	CFA58_HUMAN
ENSP00000370648	Q9HBH5	RDH14_HUMAN
ENSP00000392066	Q14689	DIP2A_HUMAN
ENSP00000319651	Q5VZB9	DMRTA_HUMAN
ENSP00000336817	Q86TE4	LUZP2_HUMAN
ENSP00000249504	P31277	HXD11_HUMAN
ENSP00000168712	P08620	FGF4_HUMAN
ENSP00000219481	Q9NUI1	DECR2_HUMAN
ENSP00000242462	Q9Y4Z2	NGN3_HUMAN
ENSP00000263187	O15457	MSH4_HUMAN
ENSP00000325526	O96014	WNT11_HUMAN
ENSP00000282928	Q15915	ZIC1_HUMAN
ENSP00000361107	P36894	BMR1A_HUMAN
ENSP00000459533	Q99732	LITAF_HUMAN
ENSP00000360493	Q13950	RUNX2_HUMAN
ENSP00000250863	Q92904	DAZL_HUMAN
ENSP00000384484	A0A0A0MSC1	A0A0A0MSC1_HUMAN
ENSP00000379904	P10828	THB_HUMAN
ENSP00000360797	Q9H257	CARD9_HUMAN
ENSP00000348775	O15254	ACOX3_HUMAN
ENSP00000266560	P82980	RET5_HUMAN
ENSP00000473036	Q9ULN7	PNM8B_HUMAN
ENSP00000367462	Q9NV23	SAST_HUMAN
ENSP00000261845	Q16659	MK06_HUMAN
ENSP00000354910	O14511	NRG2_HUMAN
ENSP00000363314	Q9H9Z2	LN28A_HUMAN
ENSP00000333534	P24903	CP2F1_HUMAN
ENSP00000409964	Q9P2B7	CFA97_HUMAN
ENSP00000348429	Q9ULC5	ACSL5_HUMAN
ENSP00000384115	Q5TIA1	MEI1_HUMAN
ENSP00000379204	P18075	BMP7_HUMAN
ENSP00000261507	Q15800	MSMO1_HUMAN
ENSP00000362717	P50458	LHX2_HUMAN
ENSP00000494686	Q15475	SIX1_HUMAN
ENSP00000303482	Q9H6H4	REEP4_HUMAN
ENSP00000356857	O43680	TCF21_HUMAN
ENSP00000359392	Q587J8	KHDC3_HUMAN
ENSP00000360687	P41222	PTGDS_HUMAN
ENSP00000296145	P13385	TDGF1_HUMAN
ENSP00000215659	P53778	MK12_HUMAN
ENSP00000490935	P09913	IFIT2_HUMAN
ENSP00000362160	Q6KCM7	SCMC2_HUMAN
ENSP00000268261	O15305	PMM2_HUMAN
ENSP00000497112	P31271	HXA13_HUMAN
ENSP00000380872	Q96DM1	PGBD4_HUMAN
ENSP00000289416	Q53FZ2	ACSM3_HUMAN
ENSP00000260113	O43692	PI15_HUMAN
ENSP00000420168	P09210	GSTA2_HUMAN
ENSP00000334592	Q6VVX0	CP2R1_HUMAN
ENSP00000358695	Q7L1T6	NB5R4_HUMAN
ENSP00000333946	Q9Y2Z9	COQ6_HUMAN
ENSP00000362540	Q96A70	AZIN2_HUMAN
ENSP00000334276	Q9BY64	UDB28_HUMAN
ENSP00000222382	Q9HB55	CP343_HUMAN
ENSP00000380401	Q8IWF2	FXRD2_HUMAN
ENSP00000356331	O00482	NR5A2_HUMAN
ENSP00000330488	Q8TB03	CX038_HUMAN
ENSP00000006015	P31270	HXA11_HUMAN
ENSP00000464145	P55107	GDF10_HUMAN
ENSP00000356037	P04003	C4BPA_HUMAN
ENSP00000420849	Q8IY84	NIM1_HUMAN
ENSP00000345728	Q04656	ATP7A_HUMAN
ENSP00000369889	P02458	CO2A1_HUMAN
ENSP00000377311	Q6P4F2	FDX2_HUMAN
ENSP00000272164	O14904	WNT9A_HUMAN
ENSP00000380027	Q96LJ7	DHRS1_HUMAN
ENSP00000356729	P31513	FMO3_HUMAN
ENSP00000346693	Q9NXB9	ELOV2_HUMAN
ENSP00000345826	Q969W9	PMEPA_HUMAN
ENSP00000447149	Q96RI1	NR1H4_HUMAN
ENSP00000279263	O76062	ERG24_HUMAN
ENSP00000442397	Q8N130	NPT2C_HUMAN
ENSP00000356807	O75663	TIPRL_HUMAN
ENSP00000328364	Q8NHW3	MAFA_HUMAN
ENSP00000310431	Q9HAT1	LMA1L_HUMAN
ENSP00000430128	Q86SE5	RALYL_HUMAN
ENSP00000228476	P14920	OXDA_HUMAN
ENSP00000246532	Q9H665	IGFR1_HUMAN
ENSP00000342007	P05177	CP1A2_HUMAN
ENSP00000358896	Q9HBK9	AS3MT_HUMAN
ENSP00000270172	Q9UJW3	DNM3L_HUMAN
ENSP00000278853	P60852	ZP1_HUMAN
ENSP00000497483	O43323	DHH_HUMAN
ENSP00000413156	E7ES60	E7ES60_HUMAN
ENSP00000474182	Q6ZMV7	LEKR1_HUMAN
ENSP00000323511	Q96T60	PNKP_HUMAN
ENSP00000402674	C9JSJ3	MEIOS_HUMAN
ENSP00000230658	P61371	ISL1_HUMAN
ENSP00000305221	P06133	UD2B4_HUMAN
ENSP00000225964	P02452	CO1A1_HUMAN
ENSP00000413150	A1L170	CA226_HUMAN
ENSP00000295886	P78426	NKX61_HUMAN
ENSP00000361998	Q5H9L4	TAF7L_HUMAN
ENSP00000498268	Q8WVC6	DCAKD_HUMAN
ENSP00000387683	O75310	UDB11_HUMAN
ENSP00000325785	Q69YQ0	CYTSA_HUMAN
ENSP00000229795	Q16539	MK14_HUMAN
ENSP00000264637	P10827	THA_HUMAN
ENSP00000281821	P54764	EPHA4_HUMAN
ENSP00000325822	P19099	C11B2_HUMAN
ENSP00000368727	P47989	XDH_HUMAN
ENSP00000460971	Q05996	ZP2_HUMAN
ENSP00000259915	Q01860	PO5F1_HUMAN
ENSP00000282249	P33402	GCYA2_HUMAN
ENSP00000371802	Q9NR90	DAZ3_HUMAN
ENSP00000297477	Q6ZMB5	T184A_HUMAN
ENSP00000293805	Q8N143	BCL6B_HUMAN
ENSP00000461388	Q8WZ82	OVCA2_HUMAN
ENSP00000239151	P09067	HXB5_HUMAN
ENSP00000264664	O15520	FGF10_HUMAN
ENSP00000494576	Q8NEW7	TMIE_HUMAN
ENSP00000216862	Q07973	CP24A_HUMAN
ENSP00000360968	Q8N118	CP4X1_HUMAN
ENSP00000497069	P08069	IGF1R_HUMAN
ENSP00000492363	Q7Z3G6	PRIC2_HUMAN
ENSP00000296777	Q16568	CART_HUMAN
ENSP00000307697	Q99424	ACOX2_HUMAN
ENSP00000401477	C9JQI7	TM232_HUMAN
ENSP00000221307	Q08477	CP4F3_HUMAN
ENSP00000356432	Q76B58	BRNP3_HUMAN
ENSP00000399324	O43320	FGF16_HUMAN
ENSP00000440100	F5GY88	F5GY88_HUMAN
ENSP00000297142	Q96NK8	NDF6_HUMAN
ENSP00000296424	Q9BUT1	DHRS6_HUMAN
ENSP00000245479	P48436	SOX9_HUMAN
ENSP00000370748	Q13907	IDI1_HUMAN
ENSP00000333212	Q7Z449	CP2U1_HUMAN
ENSP00000367309	P27338	AOFB_HUMAN
ENSP00000217420	Q9H598	VIAAT_HUMAN
ENSP00000480791	P05230	FGF1_HUMAN
ENSP00000448220	P19013	K2C4_HUMAN
ENSP00000244289	Q05469	LIPS_HUMAN
ENSP00000341170	P21246	PTN_HUMAN
ENSP00000246186	Q9Y5R2	MMP24_HUMAN
ENSP00000403067	Q7Z6J6	FRMD5_HUMAN
ENSP00000384179	Q8WW38	FOG2_HUMAN
ENSP00000310149	Q8TAV3	CP2W1_HUMAN
ENSP00000438689	P49748	ACADV_HUMAN
ENSP00000331470	Q6ZNG2	DBX2_HUMAN
ENSP00000228606	O15528	CP27B_HUMAN
ENSP00000356357	Q9NQ69	LHX9_HUMAN
ENSP00000241052	P04040	CATA_HUMAN
ENSP00000407761	Q9NUZ1	ACOXL_HUMAN
ENSP00000430269	P34913	HYES_HUMAN
ENSP00000498864	Q15120	PDK3_HUMAN
ENSP00000280886	Q9Y2E4	DIP2C_HUMAN
ENSP00000237696	P49788	TIG1_HUMAN
ENSP00000492766	A0A1W2PRP0	FOXL3_HUMAN
ENSP00000338157	Q05516	ZBT16_HUMAN
ENSP00000498939	P08684	CP3A4_HUMAN
ENSP00000497423	P78383	S35B1_HUMAN
ENSP00000415786	P07093	GDN_HUMAN
ENSP00000266674	O75473	LGR5_HUMAN
ENSP00000320604	Q96IV6	FXDC2_HUMAN
ENSP00000354691	Q96RD9	FCRL5_HUMAN
ENSP00000496150	P10635	CP2D6_HUMAN
ENSP00000251566	Q6UWM9	UD2A3_HUMAN
ENSP00000311165	P29972	AQP1_HUMAN
ENSP00000223215	Q5EB52	MEST_HUMAN
ENSP00000453793	O14770	MEIS2_HUMAN
ENSP00000362508	P22310	UD14_HUMAN
ENSP00000378488	P04798	CP1A1_HUMAN
ENSP00000384708	P23945	FSHR_HUMAN
ENSP00000363832	Q06278	AOXA_HUMAN
ENSP00000355013	Q6PD62	CTR9_HUMAN
ENSP00000500443	A0A5F9ZHM0	A0A5F9ZHM0_HUMAN
ENSP00000350012	O95573	ACSL3_HUMAN
ENSP00000387303	Q8NDG6	TDRD9_HUMAN
ENSP00000359319	Q02962	PAX2_HUMAN
ENSP00000369017	P51460	INSL3_HUMAN
ENSP00000370023	P40939	ECHA_HUMAN
ENSP00000345774	P51648	AL3A2_HUMAN
ENSP00000302251	P52951	GBX2_HUMAN
ENSP00000378887	Q6IAN0	PEXRP_HUMAN
ENSP00000431010	G3V145	G3V145_HUMAN
ENSP00000384537	Q02952	AKA12_HUMAN
ENSP00000266077	Q9NR83	S2A4R_HUMAN
ENSP00000311648	Q16880	CGT_HUMAN
ENSP00000331791	O43435	TBX1_HUMAN
ENSP00000293350	Q8IZ83	A16A1_HUMAN
ENSP00000228938	P08493	MGP_HUMAN
ENSP00000338258	Q9H3Q1	BORG4_HUMAN
ENSP00000322716	Q49A26	GLYR1_HUMAN
ENSP00000379258	P10071	GLI3_HUMAN
ENSP00000326219	Q9BTZ2	DHRS4_HUMAN
ENSP00000265165	Q9UJU2	LEF1_HUMAN
ENSP00000341045	P54855	UDB15_HUMAN
ENSP00000385477	D3DX19	D3DX19_HUMAN
ENSP00000378650	O95947	TBX6_HUMAN
ENSP00000304930	Q6X4U4	SOSD1_HUMAN
ENSP00000267406	Q6UW01	CBLN3_HUMAN
ENSP00000478589	Q96NG3	ODAD4_HUMAN
ENSP00000382349	P0C7M7	ACSM4_HUMAN
ENSP00000301454	Q9BV35	SCMC3_HUMAN
ENSP00000364995	Q92529	SHC3_HUMAN
ENSP00000422607	P33121	ACSL1_HUMAN
ENSP00000360918	O95992	CH25H_HUMAN
ENSP00000287042	Q9ULS6	KCNS2_HUMAN
ENSP00000343838	Q9HAW8	UD110_HUMAN
ENSP00000266058	O75093	SLIT1_HUMAN
ENSP00000375909	Q2M3C7	SPKAP_HUMAN
ENSP00000356205	P30542	AA1R_HUMAN
ENSP00000327916	Q6NUN0	ACSM5_HUMAN
ENSP00000355621	Q8NBP0	TTC13_HUMAN
ENSP00000340494	Q9H8N7	ZN395_HUMAN
ENSP00000441954	Q99717	SMAD5_HUMAN
ENSP00000378058	Q12805	FBLN3_HUMAN
ENSP00000358414	P54868	HMCS2_HUMAN
ENSP00000391669	P56945	BCAR1_HUMAN
ENSP00000281243	P09417	DHPR_HUMAN
ENSP00000260361	Q9Y375	CIA30_HUMAN
ENSP00000272190	P00797	RENI_HUMAN
ENSP00000375733	Q8N414	PGBD5_HUMAN
ENSP00000276431	O14763	TR10B_HUMAN
ENSP00000262188	Q6STE5	SMRD3_HUMAN
ENSP00000360874	Q5T764	IFT1B_HUMAN
ENSP00000297261	Q15465	SHH_HUMAN
ENSP00000339883	Q14739	LBR_HUMAN
ENSP00000322991	O15382	BCAT2_HUMAN
ENSP00000360247	P51589	CP2J2_HUMAN
ENSP00000265825	Q9NQT6	FSCN3_HUMAN
ENSP00000292427	P15538	C11B1_HUMAN
ENSP00000339787	O60488	ACSL4_HUMAN
ENSP00000325819	P10589	COT1_HUMAN
ENSP00000321424	Q06495	NPT2A_HUMAN
ENSP00000499074	P26440	IVD_HUMAN
ENSP00000346827	P49189	AL9A1_HUMAN
ENSP00000331397	Q6ZT52	FA43B_HUMAN
ENSP00000198801	Q3SYC2	MOGT2_HUMAN
ENSP00000445595	Q96KK3	KCNS1_HUMAN
ENSP00000265403	P36537	UDB10_HUMAN
ENSP00000334113	Q8N5I4	DHRSX_HUMAN
ENSP00000317404	Q8NET6	CHSTD_HUMAN
ENSP00000380837	P48449	LSS_HUMAN
ENSP00000247706	Q96I13	ABHD8_HUMAN
ENSP00000215885	Q9NZ20	PA2G3_HUMAN
ENSP00000228837	P10767	FGF6_HUMAN
ENSP00000358831	Q9GZR5	ELOV4_HUMAN
ENSP00000359018	Q5T1N1	AKND1_HUMAN
ENSP00000445366	Q8IYX4	DND1_HUMAN
ENSP00000262300	Q99640	PMYT1_HUMAN
ENSP00000498217	Q9H161	ALX4_HUMAN
ENSP00000180166	Q9NP95	FGF20_HUMAN
ENSP00000419901	Q5T7N2	LITD1_HUMAN
ENSP00000352904	Q96P26	5NT1B_HUMAN
ENSP00000312304	P51580	TPMT_HUMAN
ENSP00000309913	Q99593	TBX5_HUMAN
ENSP00000488520	A0A0J9YXS1	A0A0J9YXS1_HUMAN
ENSP00000283547	Q8N6K0	TEX29_HUMAN
ENSP00000422591	O94813	SLIT2_HUMAN
ENSP00000368253	P51843	NR0B1_HUMAN
ENSP00000408025	P09467	F16P1_HUMAN
ENSP00000285670	Q9NSI8	SAMN1_HUMAN
ENSP00000285979	P33260	CP2CI_HUMAN
ENSP00000341442	A6NMZ2	SNTAN_HUMAN
ENSP00000317580	Q92886	NGN1_HUMAN
ENSP00000289004	P32754	HPPD_HUMAN
ENSP00000354314	Q9NYQ3	HAOX2_HUMAN
ENSP00000301146	P20853	CP2A7_HUMAN
ENSP00000323036	P15309	PPAP_HUMAN
ENSP00000448998	Q9HCS2	CP4FC_HUMAN
ENSP00000260953	Q9NRN9	METL5_HUMAN
ENSP00000383234	P31152	MK04_HUMAN
ENSP00000083182	Q92624	APBP2_HUMAN
ENSP00000384573	Q9NQZ3	DAZ1_HUMAN
ENSP00000284154	Q13588	GRAP_HUMAN
ENSP00000269703	Q6NT55	CP4FN_HUMAN
ENSP00000300305	Q01196	RUNX1_HUMAN
ENSP00000005178	Q16654	PDK4_HUMAN
ENSP00000258494	Q3SY69	AL1L2_HUMAN
ENSP00000376658	Q8IZU3	SYCP3_HUMAN
ENSP00000301464	P24592	IBP6_HUMAN
ENSP00000362690	Q13285	STF1_HUMAN
ENSP00000343676	P35212	CXA4_HUMAN
ENSP00000449079	Q96NR8	RDH12_HUMAN
ENSP00000339824	P22607	FGFR3_HUMAN
ENSP00000354481	Q9C0B6	BRNP2_HUMAN
ENSP00000323275	Q8WXU2	DAAF4_HUMAN
ENSP00000361915	P34820	BMP8B_HUMAN
ENSP00000460236	Q9HCB6	SPON1_HUMAN
ENSP00000478561	Q16678	CP1B1_HUMAN
ENSP00000497294	P01229	LSHB_HUMAN
ENSP00000264020	Q9NQC8	IFT46_HUMAN
ENSP00000297354	Q8IVN8	SBSPO_HUMAN
ENSP00000354476	Q12772	SRBP2_HUMAN
ENSP00000439065	E7EVH7	E7EVH7_HUMAN
ENSP00000389241	Q9BPW9	DHRS9_HUMAN
ENSP00000425497	P0DTE4	UD2A1_HUMAN
ENSP00000425497	A0A140T9Z0	A0A140T9Z0_HUMAN
ENSP00000312385	Q03828	EVX2_HUMAN
ENSP00000301141	P11509	CP2A6_HUMAN
ENSP00000366170	Q5W186	CST9_HUMAN
ENSP00000493515	Q99805	TM9S2_HUMAN
ENSP00000306606	P00325	ADH1B_HUMAN
ENSP00000285018	O00755	WNT7A_HUMAN
ENSP00000334122	P11487	FGF3_HUMAN
ENSP00000419457	O60393	NOBOX_HUMAN
ENSP00000252677	O95972	BMP15_HUMAN
ENSP00000371711	Q9Y5R6	DMRT1_HUMAN
ENSP00000411565	A0PJE2	DHR12_HUMAN
ENSP00000411565	A0A8C8L8Z5	A0A8C8L8Z5_HUMAN
ENSP00000253496	P00748	FA12_HUMAN
ENSP00000221403	Q9UQ10	DHDH_HUMAN
ENSP00000332164	O75094	SLIT3_HUMAN
ENSP00000346829	Q5T9L3	WLS_HUMAN
ENSP00000242208	P08476	INHBA_HUMAN
ENSP00000304811	P16662	UD2B7_HUMAN
ENSP00000313243	Q4G112	HSF5_HUMAN
ENSP00000376523	Q9NY72	SCN3B_HUMAN
ENSP00000336528	O75469	NR1I2_HUMAN
ENSP00000377854	Q9UPM6	LHX6_HUMAN
ENSP00000262340	Q16518	RPE65_HUMAN
ENSP00000376352	Q15118	PDK1_HUMAN
ENSP00000440864	F5GXF0	F5GXF0_HUMAN
ENSP00000442656	P36896	ACV1B_HUMAN
ENSP00000347454	Q5XXA6	ANO1_HUMAN
ENSP00000269216	Q92908	GATA6_HUMAN
ENSP00000216500	Q9Y394	DHRS7_HUMAN
ENSP00000359474	Q9NY43	BARH2_HUMAN
ENSP00000324648	P20813	CP2B6_HUMAN
ENSP00000311095	Q02928	CP4AB_HUMAN
ENSP00000347684	O60663	LMX1B_HUMAN
ENSP00000301012	P53602	MVD1_HUMAN
ENSP00000360310	Q9Y5K1	SPO11_HUMAN
ENSP00000292180	Q8NFF5	FAD1_HUMAN
ENSP00000333292	Q8IVW8	SPNS2_HUMAN
ENSP00000264167	O00116	ADAS_HUMAN
ENSP00000276659	Q6UXX9	RSPO2_HUMAN
ENSP00000372170	P28360	MSX1_HUMAN
ENSP00000426083	P00326	ADH1G_HUMAN
ENSP00000353414	Q01814	AT2B2_HUMAN
ENSP00000332325	Q9H7S9	ZN703_HUMAN
ENSP00000217086	Q9UJQ4	SALL4_HUMAN
ENSP00000295757	Q96DB2	HDA11_HUMAN
ENSP00000251268	Q7Z7M0	MEGF8_HUMAN
ENSP00000347433	Q8J025	APCD1_HUMAN
ENSP00000332565	Q9BR01	ST4A1_HUMAN
ENSP00000430100	O00591	GBRP_HUMAN
ENSP00000279575	E9PAL0	E9PAL0_HUMAN
ENSP00000362287	Q9H9G7	AGO3_HUMAN
ENSP00000348459	Q8TDX5	ACMSD_HUMAN
ENSP00000447211	Q3ZCN5	OTOGL_HUMAN
ENSP00000496491	O15041	SEM3E_HUMAN
ENSP00000295256	O60760	HPGDS_HUMAN
ENSP00000293502	Q8NEX9	DR9C7_HUMAN
ENSP00000254759	Q9NZJ6	COQ3_HUMAN
ENSP00000232217	P50120	RET2_HUMAN
ENSP00000501254	P48448	AL3B2_HUMAN
ENSP00000375647	P62955	CCG7_HUMAN
ENSP00000361355	Q8TBM7	TM254_HUMAN
ENSP00000300051	Q86WU2	LDHD_HUMAN
ENSP00000324901	Q8N0W5	IQCK_HUMAN
ENSP00000333300	Q7Z5P4	DHB13_HUMAN
ENSP00000350256	P51686	CCR9_HUMAN
ENSP00000260270	P10109	ADX_HUMAN
ENSP00000366093	Q92753	RORB_HUMAN
ENSP00000419692	P19793	RXRA_HUMAN
ENSP00000495951	P21583	SCF_HUMAN
ENSP00000334246	Q86W10	CP4Z1_HUMAN
ENSP00000496625	P08686	CP21A_HUMAN
ENSP00000327453	Q68CK6	ACS2B_HUMAN
ENSP00000216259	Q92871	PMM1_HUMAN
ENSP00000344816	Q9NW68	BSDC1_HUMAN
ENSP00000239243	P35548	MSX2_HUMAN
ENSP00000334801	Q6PKH6	DR4L2_HUMAN
ENSP00000356591	P35610	SOAT1_HUMAN
ENSP00000223114	Q86VF5	MOGT3_HUMAN
ENSP00000475028	P0DTE5	UD2A2_HUMAN
ENSP00000275764	Q7Z7C7	STRA8_HUMAN
ENSP00000433112	F6SYF8	F6SYF8_HUMAN
ENSP00000385968	Q9BQ31	KCNS3_HUMAN
ENSP00000354039	A0A8C8MQ70	A0A8C8MQ70_HUMAN
ENSP00000346901	Q01740	FMO1_HUMAN
ENSP00000424123	A1L3X0	ELOV7_HUMAN
ENSP00000190165	Q9NQL9	DMRT3_HUMAN
ENSP00000487785	P16389	KCNA2_HUMAN
ENSP00000477829	P48742	LHX1_HUMAN
ENSP00000237837	Q9GZV9	FGF23_HUMAN
ENSP00000296921	O43711	TLX3_HUMAN
ENSP00000484411	O43365	HXA3_HUMAN
ENSP00000391121	Q8NBN7	RDH13_HUMAN
ENSP00000254227	Q15466	NR0B2_HUMAN
ENSP00000445675	P78395	PRAME_HUMAN
ENSP00000492024	P26367	PAX6_HUMAN
ENSP00000370826	O43593	HAIR_HUMAN
ENSP00000308750	Q14781	CBX2_HUMAN
ENSP00000334463	Q86Y78	LYPD6_HUMAN
ENSP00000372547	Q05066	SRY_HUMAN
ENSP00000332256	P47895	AL1A3_HUMAN
ENSP00000356954	P29279	CCN2_HUMAN
ENSP00000347591	P56159	GFRA1_HUMAN
ENSP00000497217	P58012	FOXL2_HUMAN
ENSP00000356959	Q14994	NR1I3_HUMAN
ENSP00000185206	Q9NZA1	CLIC5_HUMAN
ENSP00000388550	Q9Y225	RNF24_HUMAN
ENSP00000361721	Q96RK1	CITE4_HUMAN
ENSP00000345681	P23769	GATA2_HUMAN
ENSP00000337224	O95237	LRAT_HUMAN
ENSP00000328511	P22459	KCNA4_HUMAN
ENSP00000350686	Q86XL3	ANKL2_HUMAN
ENSP00000318437	Q8NFU4	FDSCP_HUMAN
ENSP00000360991	P13584	CP4B1_HUMAN
ENSP00000265322	Q9BY49	PECR_HUMAN
ENSP00000254521	P56937	DHB7_HUMAN
ENSP00000249750	O94788	AL1A2_HUMAN
ENSP00000261647	Q6DKK2	TTC19_HUMAN
ENSP00000436881	A6NMT0	DBX1_HUMAN
ENSP00000295108	Q13562	NDF1_HUMAN
ENSP00000361138	Q5U3C3	TM164_HUMAN
ENSP00000255882	P42356	PI4KA_HUMAN
ENSP00000368173	Q6UX07	DHR13_HUMAN
ENSP00000482546	O95072	REC8_HUMAN
ENSP00000257895	Q92781	RDH5_HUMAN
ENSP00000348944	Q2MKA7	RSPO1_HUMAN
ENSP00000266712	Q6ZXV5	TMTC3_HUMAN
ENSP00000244043	Q16647	PTGIS_HUMAN
ENSP00000264634	P41221	WNT5A_HUMAN
ENSP00000360421	Q9Y546	LRC42_HUMAN
ENSP00000358931	P51854	TKTL1_HUMAN
ENSP00000341021	P60321	NANO2_HUMAN
ENSP00000362525	Q9HAW7	UD17_HUMAN
ENSP00000254066	P10276	RARA_HUMAN
ENSP00000251691	Q5TH69	BIG3_HUMAN
ENSP00000343871	Q5T4D3	TMTC4_HUMAN
ENSP00000341992	P60323	NANO3_HUMAN
ENSP00000357067	Q92806	KCNJ9_HUMAN
ENSP00000362122	Q9H2S6	TNMD_HUMAN
ENSP00000368682	P78562	PHEX_HUMAN
ENSP00000497164	Q16517	NNAT_HUMAN
ENSP00000446485	Q8WW33	GTSF1_HUMAN
ENSP00000303174	P19224	UD16_HUMAN
ENSP00000401831	Q96CM8	ACSF2_HUMAN
ENSP00000252997	Q9BWX5	GATA5_HUMAN
ENSP00000431049	Q9Y2Q3	GSTK1_HUMAN
ENSP00000456609	Q9BX79	STRA6_HUMAN
ENSP00000482841	P29373	RABP2_HUMAN
ENSP00000353114	Q8IVF2	AHNK2_HUMAN
ENSP00000005386	Q9H6T3	RPAP3_HUMAN
ENSP00000443459	P54687	BCAT1_HUMAN
ENSP00000262644	Q9NX62	IMPA3_HUMAN
ENSP00000362195	Q99062	CSF3R_HUMAN
ENSP00000335623	Q86VR7	VS10L_HUMAN
ENSP00000437041	Q6BCY4	NB5R2_HUMAN
ENSP00000493906	Q12948	FOXC1_HUMAN
ENSP00000312618	Q9H845	ACAD9_HUMAN
ENSP00000376921	Q96CW9	NTNG2_HUMAN
ENSP00000369210	Q9NX45	SOLH2_HUMAN
ENSP00000338766	Q7Z494	NPHP3_HUMAN
ENSP00000365858	P15976	GATA1_HUMAN
ENSP00000233710	P28330	ACADL_HUMAN
ENSP00000274625	O76093	FGF18_HUMAN
ENSP00000258443	Q9UNE0	EDAR_HUMAN
ENSP00000382323	Q6ZRI0	OTOG_HUMAN
ENSP00000479130	Q4G176	ACSF3_HUMAN
ENSP00000261584	Q86YC2	PALB2_HUMAN
ENSP00000433560	P02511	CRYAB_HUMAN
ENSP00000297258	Q01469	FABP5_HUMAN
ENSP00000340226	Q8TE12	LMX1A_HUMAN
ENSP00000002125	Q7L592	NDUF7_HUMAN
ENSP00000427888	Q8IZT8	HS3S5_HUMAN
ENSP00000002596	O14792	HS3S1_HUMAN
ENSP00000323076	Q9BU61	NDUF3_HUMAN
ENSP00000363205	Q9Y697	NFS1_HUMAN
ENSP00000257700	Q6NUQ1	RINT1_HUMAN
ENSP00000384653	H7BYY4	H7BYY4_HUMAN
ENSP00000360939	P30085	KCY_HUMAN
ENSP00000260129	Q96RS0	TGS1_HUMAN
ENSP00000262507	O75208	COQ9_HUMAN
ENSP00000281038	Q96I59	SYNM_HUMAN
ENSP00000494360	Q9P2R7	SUCB1_HUMAN
ENSP00000361914	Q9BYC2	SCOT2_HUMAN
ENSP00000429707	P09669	COX6C_HUMAN
ENSP00000407613	Q8TCB7	METL6_HUMAN
ENSP00000367815	Q8NEP3	DAAF1_HUMAN
ENSP00000286317	O43513	MED7_HUMAN
ENSP00000299413	Q96DX7	TRI44_HUMAN
ENSP00000398064	Q9Y241	HIG1A_HUMAN
ENSP00000301457	O95182	NDUA7_HUMAN
ENSP00000333376	Q70EL2	UBP45_HUMAN
ENSP00000444433	O43819	SCO2_HUMAN
ENSP00000342676	Q9NWT8	AKIP_HUMAN
ENSP00000331879	O60678	ANM3_HUMAN
ENSP00000215565	P17568	NDUB7_HUMAN
ENSP00000389160	Q86Y39	NDUAB_HUMAN
ENSP00000311538	P36575	ARRC_HUMAN
ENSP00000390647	Q9H3J6	MTRFR_HUMAN
ENSP00000364404	Q5H9S7	DCA17_HUMAN
ENSP00000361042	Q15526	SURF1_HUMAN
ENSP00000313350	O60930	RNH1_HUMAN
ENSP00000219240	Q02127	PYRD_HUMAN
ENSP00000285298	Q9Y2R5	RT17_HUMAN
ENSP00000319992	P17152	TMM11_HUMAN
ENSP00000360492	O15239	NDUA1_HUMAN
ENSP00000384851	P11474	ERR1_HUMAN
ENSP00000263629	P46199	IF2M_HUMAN
ENSP00000273359	Q9NUJ1	ABHDA_HUMAN
ENSP00000169551	Q9BVV7	TIM21_HUMAN
ENSP00000446828	O95861	BPNT1_HUMAN
ENSP00000498358	P22830	HEMH_HUMAN
ENSP00000481862	Q9P227	RHG23_HUMAN
ENSP00000379838	Q9Y2V2	CHSP1_HUMAN
ENSP00000241041	Q9Y5Y5	PEX16_HUMAN
ENSP00000369465	Q9NUQ3	TXLNG_HUMAN
ENSP00000261427	P61086	UBE2K_HUMAN
ENSP00000268379	P22695	QCR2_HUMAN
ENSP00000366828	Q9H1D9	RPC6_HUMAN
ENSP00000263702	Q9BV79	MECR_HUMAN
ENSP00000354632	P00846	ATP6_HUMAN
ENSP00000327467	Q9H4I9	EMRE_HUMAN
ENSP00000440703	A8MRT5	NPIB5_HUMAN
ENSP00000497587	P49821	NDUV1_HUMAN
ENSP00000039007	P00480	OTC_HUMAN
ENSP00000263202	Q92890	UFD1_HUMAN
ENSP00000354728	P03901	NU4LM_HUMAN
ENSP00000264689	Q9NUQ7	UFSP2_HUMAN
ENSP00000227474	Q9BZE2	PUS3_HUMAN
ENSP00000363591	Q16611	BAK_HUMAN
ENSP00000260508	Q6YP21	KAT3_HUMAN
ENSP00000321338	Q8NGB2	OR4C5_HUMAN
ENSP00000384223	P0DPD8	EFCE2_HUMAN
ENSP00000353165	Q9H3S4	TPK1_HUMAN
ENSP00000341082	Q9BYC9	RM20_HUMAN
ENSP00000378487	P21796	VDAC1_HUMAN
ENSP00000354687	P03886	NU1M_HUMAN
ENSP00000351937	Q9BSJ5	CQ080_HUMAN
ENSP00000357928	O60508	PRP17_HUMAN
ENSP00000359151	P11182	ODB2_HUMAN
ENSP00000306080	Q9HC36	MRM3_HUMAN
ENSP00000386766	Q9ULF5	S39AA_HUMAN
ENSP00000462963	Q96QE5	TEFM_HUMAN
ENSP00000276689	Q9Y6M9	NDUB9_HUMAN
ENSP00000353058	Q6ZMY9	ZN517_HUMAN
ENSP00000418438	O95167	NDUA3_HUMAN
ENSP00000338641	Q5H9M0	PWP3B_HUMAN
ENSP00000387262	Q16891	MIC60_HUMAN
ENSP00000285871	Q8IYE0	CC146_HUMAN
ENSP00000372067	Q9NR22	ANM8_HUMAN
ENSP00000355046	P03891	NU2M_HUMAN
ENSP00000368030	Q9NVI7	ATD3A_HUMAN
ENSP00000306397	P47985	UCRI_HUMAN
ENSP00000382511	O14628	ZN195_HUMAN
ENSP00000357829	Q5JPI9	EFMT2_HUMAN
ENSP00000416741	Q96QI5	HS3S6_HUMAN
ENSP00000295119	Q8NFH5	NUP35_HUMAN
ENSP00000358616	O75940	SPF30_HUMAN
ENSP00000378015	O00522	KRIT1_HUMAN
ENSP00000282032	Q8N8R7	AL14E_HUMAN
ENSP00000390011	Q7Z7A3	CTU1_HUMAN
ENSP00000419325	Q96I99	SUCB2_HUMAN
ENSP00000355969	Q7Z3Z2	RD3_HUMAN
ENSP00000320236	Q9Y584	TIM22_HUMAN
ENSP00000235372	Q13029	PRDM2_HUMAN
ENSP00000358575	Q8IYR0	CF206_HUMAN
ENSP00000358549	Q5T160	SYRM_HUMAN
ENSP00000023939	A0A0A0MQR2	A0A0A0MQR2_HUMAN
ENSP00000365663	P01160	ANF_HUMAN
ENSP00000423276	Q8TBK6	ZCH10_HUMAN
ENSP00000438993	Q6NZY4	ZCHC8_HUMAN
ENSP00000215882	P53007	TXTP_HUMAN
ENSP00000481559	Q6IN84	MRM1_HUMAN
ENSP00000482773	A0A087WZN1	A0A087WZN1_HUMAN
ENSP00000476119	O95989	NUDT3_HUMAN
ENSP00000280701	Q9NWU1	OXSM_HUMAN
ENSP00000420714	O60783	RT14_HUMAN
ENSP00000402038	Q9Y2Z2	MTO1_HUMAN
ENSP00000368356	O94806	KPCD3_HUMAN
ENSP00000424381	Q9BU23	LMF2_HUMAN
ENSP00000188312	Q9GZN1	ARP6_HUMAN
ENSP00000391747	Q8IV20	LACC1_HUMAN
ENSP00000373331	Q6P087	RUSD3_HUMAN
ENSP00000325562	Q5TGZ0	MIC10_HUMAN
ENSP00000329614	P58557	YBEY_HUMAN
ENSP00000268668	O96000	NDUBA_HUMAN
ENSP00000315713	Q8WYL5	SSH1_HUMAN
ENSP00000451583	Q99766	ATP5S_HUMAN
ENSP00000377115	Q9Y234	LIPT_HUMAN
ENSP00000493218	Q8NHS3	MFSD8_HUMAN
ENSP00000272342	Q9NY74	ETAA1_HUMAN
ENSP00000433343	Q9BPY3	F118B_HUMAN
ENSP00000301761	Q9NX18	SDHF2_HUMAN
ENSP00000487136	C9JLB7	C9JLB7_HUMAN
ENSP00000223836	Q5T9B7	Q5T9B7_HUMAN
ENSP00000263578	Q96CU9	FXRD1_HUMAN
ENSP00000257347	Q9HA77	SYCM_HUMAN
ENSP00000333934	Q7Z4G4	TRM11_HUMAN
ENSP00000344829	Q16769	QPCT_HUMAN
ENSP00000387006	Q9HCG8	CWC22_HUMAN
ENSP00000220166	P09668	CATH_HUMAN
ENSP00000413507	G3V1Q4	G3V1Q4_HUMAN
ENSP00000330289	Q86SZ2	TPC6B_HUMAN
ENSP00000261296	O95455	TGDS_HUMAN
ENSP00000381698	Q9H0F6	SHRPN_HUMAN
ENSP00000264867	Q9UBK2	PRGC1_HUMAN
ENSP00000368688	Q5U5X0	LYRM7_HUMAN
ENSP00000363506	Q9NVA1	UQCC1_HUMAN
ENSP00000362873	P51970	NDUA8_HUMAN
ENSP00000480378	Q7Z6M4	MTEF4_HUMAN
ENSP00000263663	Q53T94	TAF1B_HUMAN
ENSP00000261600	Q96FV9	THOC1_HUMAN
ENSP00000259873	Q9Y676	RT18B_HUMAN
ENSP00000464522	O14925	TIM23_HUMAN
ENSP00000494965	A0A2R8Y5P7	A0A2R8Y5P7_HUMAN
ENSP00000363478	O95807	TM50A_HUMAN
ENSP00000443900	F5H189	F5H189_HUMAN
ENSP00000343103	Q9NVM4	ANM7_HUMAN
ENSP00000274712	Q96NC0	ZMAT2_HUMAN
ENSP00000384182	Q8WU76	SCFD2_HUMAN
ENSP00000252102	O43678	NDUA2_HUMAN
ENSP00000262794	Q9BXT6	M10L1_HUMAN
ENSP00000354762	Q9Y2R0	COA3_HUMAN
ENSP00000356972	O75306	NDUS2_HUMAN
ENSP00000362058	O43920	NDUS5_HUMAN
ENSP00000303468	Q9H5U6	ZCHC4_HUMAN
ENSP00000355486	Q5RI15	COX20_HUMAN
ENSP00000356134	Q8WVM0	TFB1M_HUMAN
ENSP00000332887	Q9UDW1	QCR9_HUMAN
ENSP00000326240	Q9NPC7	MYNN_HUMAN
ENSP00000364694	Q9BXN1	ASPN_HUMAN
ENSP00000336750	O94864	ST65G_HUMAN
ENSP00000498875	A0A1B0GTU1	ZC11B_HUMAN
ENSP00000498853	Q9GZT8	NIF3L_HUMAN
ENSP00000266980	Q6ZMH5	S39A5_HUMAN
ENSP00000281543	Q8N442	GUF1_HUMAN
ENSP00000418803	Q9NPL8	TIDC1_HUMAN
ENSP00000311336	O60423	AT8B3_HUMAN
ENSP00000418661	Q86Y79	PTH_HUMAN
ENSP00000341324	Q8NEF9	SRFB1_HUMAN
ENSP00000355672	Q5T440	CAF17_HUMAN
ENSP00000360327	Q7L3T8	SYPM_HUMAN
ENSP00000255189	Q9UI17	M2GD_HUMAN
ENSP00000320658	Q9Y2Z4	SYYM_HUMAN
ENSP00000403910	Q9NW81	DMAC2_HUMAN
ENSP00000217901	P51553	IDH3G_HUMAN
ENSP00000323635	Q96ND0	F210A_HUMAN
ENSP00000252711	O95299	NDUAA_HUMAN
ENSP00000255390	O75880	SCO1_HUMAN
ENSP00000245564	Q9BUK6	MSTO1_HUMAN
ENSP00000315774	O00217	NDUS8_HUMAN
ENSP00000400646	Q8TCS8	PNPT1_HUMAN
ENSP00000309610	Q96IZ6	MET2A_HUMAN
ENSP00000470539	P0DJ07	PT100_HUMAN
ENSP00000261854	Q8TCT8	SPP2A_HUMAN
ENSP00000358272	Q9P032	NDUF4_HUMAN
ENSP00000252011	Q9H5Z1	DHX35_HUMAN
ENSP00000345848	Q92688	AN32B_HUMAN
ENSP00000401770	P56378	ATP68_HUMAN
ENSP00000365266	Q5VTA0	PRA17_HUMAN
ENSP00000498700	Q96G01	BICD1_HUMAN
ENSP00000483888	O75438	NDUB1_HUMAN
ENSP00000233627	O75251	NDUS7_HUMAN
ENSP00000290374	Q9UKL4	CXD2_HUMAN
ENSP00000358247	Q9UKA2	FBXL4_HUMAN
ENSP00000295645	Q8N4E4	PDCL2_HUMAN
ENSP00000443130	F5H5T6	F5H5T6_HUMAN
ENSP00000368793	O75570	RF1M_HUMAN
ENSP00000246166	P49356	FNTB_HUMAN
ENSP00000364699	O14521	DHSD_HUMAN
ENSP00000337445	Q9BQ52	RNZ2_HUMAN
ENSP00000340596	Q7Z3V4	UBE3B_HUMAN
ENSP00000321810	Q9H3H1	MOD5_HUMAN
ENSP00000359098	H0UI06	H0UI06_HUMAN
ENSP00000276569	Q9NVT9	ARMC1_HUMAN
ENSP00000354501	Q9NRM2	ZN277_HUMAN
ENSP00000368716	Q6N069	NAA16_HUMAN
ENSP00000425759	P15954	COX7C_HUMAN
ENSP00000283109	Q9BVS4	RIOK2_HUMAN
ENSP00000437621	F5H6H0	F5H6H0_HUMAN
ENSP00000374562	Q9P0S2	COX16_HUMAN
ENSP00000307975	O95568	MET18_HUMAN
ENSP00000292907	P24310	CX7A1_HUMAN
ENSP00000333374	Q8IWA6	CCD60_HUMAN
ENSP00000323811	Q9UJ83	HACL1_HUMAN
ENSP00000444096	Q92617	NPIB3_HUMAN
ENSP00000345464	Q6VVB1	NHLC1_HUMAN
ENSP00000297540	Q9H814	PHAX_HUMAN
ENSP00000318176	O75569	PRKRA_HUMAN
ENSP00000352678	Q8IYB8	SUV3_HUMAN
ENSP00000265563	P13861	KAP2_HUMAN
ENSP00000272839	H7BXH9	H7BXH9_HUMAN
ENSP00000455026	Q9UJJ7	RUSD1_HUMAN
ENSP00000016171	Q7KZN9	COX15_HUMAN
ENSP00000352706	Q6NVY1	HIBCH_HUMAN
ENSP00000225941	Q9P2A4	ABI3_HUMAN
ENSP00000305721	Q9P2D0	IBTK_HUMAN
ENSP00000371345	Q9BUU2	MET22_HUMAN
ENSP00000339613	Q9Y2G5	OFUT2_HUMAN
ENSP00000397881	Q6UWS5	PT117_HUMAN
ENSP00000244571	Q5JTZ9	SYAM_HUMAN
ENSP00000359859	Q9H4K7	MTG2_HUMAN
ENSP00000346955	Q70HW3	SAMC_HUMAN
ENSP00000339881	Q9NXC5	MIOS_HUMAN
ENSP00000448083	Q9ULQ1	TPC1_HUMAN
ENSP00000306887	Q9H061	T126A_HUMAN
ENSP00000441126	O43677	NDUC1_HUMAN
ENSP00000426654	Q9UJX5	APC4_HUMAN
ENSP00000199320	Q9UNQ2	DIM1_HUMAN
ENSP00000354580	Q7Z2W9	RM21_HUMAN
ENSP00000273077	Q8N490	PNKD_HUMAN
ENSP00000306003	P56385	ATP5I_HUMAN
ENSP00000258455	P82933	RT09_HUMAN
ENSP00000426638	Q16134	ETFD_HUMAN
ENSP00000482457	P16885	PLCG2_HUMAN
ENSP00000288050	Q8NCN5	PDPR_HUMAN
ENSP00000356381	O75449	KTNA1_HUMAN
ENSP00000407336	O43676	NDUB3_HUMAN
ENSP00000317780	P20674	COX5A_HUMAN
ENSP00000418734	Q5VVJ2	MYSM1_HUMAN
ENSP00000481920	A0A087WYL7	A0A087WYL7_HUMAN
ENSP00000315397	Q92665	RT31_HUMAN
ENSP00000325136	P55084	ECHB_HUMAN
ENSP00000367552	Q8NDN9	RCBT1_HUMAN
ENSP00000322316	Q99807	COQ7_HUMAN
ENSP00000423933	Q9BTF0	THUM2_HUMAN
ENSP00000310620	Q86XE0	SNX32_HUMAN
ENSP00000351737	Q8IUX1	T126B_HUMAN
ENSP00000326052	Q96I36	COX14_HUMAN
ENSP00000327268	P19404	NDUV2_HUMAN
ENSP00000307254	K4DI89	K4DI89_HUMAN
ENSP00000395340	Q8N0U4	F185A_HUMAN
ENSP00000318351	P21953	ODBB_HUMAN
ENSP00000338988	Q96N28	PLD3A_HUMAN
ENSP00000252050	Q8IWT3	CUL9_HUMAN
ENSP00000382163	Q9NVD3	SETD4_HUMAN
ENSP00000439768	P56557	TM50B_HUMAN
ENSP00000499935	P54819	KAD2_HUMAN
ENSP00000417190	Q8N5M1	ATPF2_HUMAN
ENSP00000312356	Q7L0Y3	TM10C_HUMAN
ENSP00000367346	Q5TEU4	NDUF5_HUMAN
ENSP00000373474	Q9HCE5	MET14_HUMAN
ENSP00000314295	P0DPD7	EFMT4_HUMAN
ENSP00000290429	Q8IVS2	FABD_HUMAN
ENSP00000264157	O60583	CCNT2_HUMAN
ENSP00000258484	Q52LR7	EPC2_HUMAN
ENSP00000319673	B7ZAQ6	GPHRA_HUMAN
ENSP00000359095	Q96LA8	ANM6_HUMAN
ENSP00000400184	A1L188	NDUF8_HUMAN
ENSP00000412708	Q9NWS8	RMND1_HUMAN
ENSP00000320815	Q6W3E5	GDPD4_HUMAN
ENSP00000483489	Q9BV86	NTM1A_HUMAN
ENSP00000387219	Q9UMS0	NFU1_HUMAN
ENSP00000292114	Q8N511	VMA12_HUMAN
ENSP00000349456	Q96S66	CLCC1_HUMAN
ENSP00000278070	Q5VV67	PPRC1_HUMAN
ENSP00000216214	Q9NWS6	F118A_HUMAN
ENSP00000498408	A0A494C071	PWWP4_HUMAN
ENSP00000340176	Q93062	RBPMS_HUMAN
ENSP00000354665	P03923	NU6M_HUMAN
ENSP00000297534	Q96HJ9	FMC1_HUMAN
ENSP00000350353	Q8IXQ9	ETKMT_HUMAN
ENSP00000254037	Q8N567	ZCHC9_HUMAN
ENSP00000497474	P24311	COX7B_HUMAN
ENSP00000312599	Q9BUB7	TMM70_HUMAN
ENSP00000431287	A8MUP2	CSKMT_HUMAN
ENSP00000261308	Q96BP3	PPWD1_HUMAN
ENSP00000357052	Q5TAQ9	DCAF8_HUMAN
ENSP00000495795	Q9UQ90	SPG7_HUMAN
ENSP00000354961	P03905	NU4M_HUMAN
ENSP00000354671	Q6P0Q8	MAST2_HUMAN
ENSP00000319817	Q9H6K4	OPA3_HUMAN
ENSP00000368468	Q96AQ8	MCUR1_HUMAN
ENSP00000355206	P03897	NU3M_HUMAN
ENSP00000281081	Q8TB37	NUBPL_HUMAN
ENSP00000009041	O95772	STR3N_HUMAN
ENSP00000427407	Q8N5G0	SIM20_HUMAN
ENSP00000199814	Q9NW64	RBM22_HUMAN
ENSP00000420860	Q96LW4	PRIPO_HUMAN
ENSP00000357448	Q96AQ6	PBIP1_HUMAN
ENSP00000440396	Q8WVL7	ANR49_HUMAN
ENSP00000309262	Q86UV5	UBP48_HUMAN
ENSP00000269856	Q9BSK4	FEM1A_HUMAN
ENSP00000355471	Q9H5Q4	TFB2M_HUMAN
ENSP00000367755	Q7Z624	CMKMT_HUMAN
ENSP00000379201	Q9H867	MT21D_HUMAN
ENSP00000262962	Q9BW85	YJU2_HUMAN
ENSP00000369162	Q9BRS2	RIOK1_HUMAN
ENSP00000296597	Q8N183	NDUF2_HUMAN
ENSP00000476140	Q9BRT2	UQCC2_HUMAN
ENSP00000368881	O60870	KIN17_HUMAN
ENSP00000259037	O43674	NDUB5_HUMAN
ENSP00000281031	O95298	NDUC2_HUMAN
ENSP00000369145	Q7Z2E3	APTX_HUMAN
ENSP00000427004	Q969S9	RRF2M_HUMAN
ENSP00000359505	Q5VUM1	SDHF4_HUMAN
ENSP00000263985	O75879	GATB_HUMAN
ENSP00000379218	Q9GZY4	COA1_HUMAN
ENSP00000426354	E9PCX5	E9PCX5_HUMAN
ENSP00000366513	O94985	CSTN1_HUMAN
ENSP00000419087	O95178	NDUB2_HUMAN
ENSP00000264151	Q9H4B0	OSGL1_HUMAN
ENSP00000355574	Q5JTJ3	COA6_HUMAN
ENSP00000349142	P36542	ATPG_HUMAN
ENSP00000380352	O94830	DDHD2_HUMAN
ENSP00000262432	Q6P1Q9	MET2B_HUMAN
ENSP00000368165	A6NFY7	SDHF1_HUMAN
ENSP00000356953	Q99643	C560_HUMAN
ENSP00000359204	Q7Z2D5	PLPR4_HUMAN
ENSP00000281701	O15381	NVL_HUMAN
ENSP00000330240	Q96HJ3	CCD34_HUMAN
ENSP00000497829	Q04844	ACHE_HUMAN
ENSP00000336842	Q9H981	ARP8_HUMAN
ENSP00000350874	Q9H1A3	METL9_HUMAN
ENSP00000428878	Q8TF20	ZN721_HUMAN
ENSP00000339532	Q9BV44	THUM3_HUMAN
ENSP00000356202	Q9UGC7	RF1ML_HUMAN
ENSP00000330737	Q9UI09	NDUAC_HUMAN
ENSP00000492260	O43766	LIAS_HUMAN
ENSP00000468304	Q05BQ5	MBTD1_HUMAN
ENSP00000360593	Q96BR5	COA7_HUMAN
ENSP00000414022	Q5SV97	PERM1_HUMAN
ENSP00000429734	A6NJU9	NPB13_HUMAN
ENSP00000497310	O95076	ALX3_HUMAN
ENSP00000206542	Q9NPF4	OSGEP_HUMAN
ENSP00000386702	A6NDP7	MADL2_HUMAN
ENSP00000354972	Q5VZE5	NAA35_HUMAN
ENSP00000248643	Q99551	MTEF1_HUMAN
ENSP00000269214	Q5FWF5	ESCO1_HUMAN
ENSP00000497160	Q13144	EI2BE_HUMAN
ENSP00000368062	Q5T2N8	ATD3C_HUMAN
ENSP00000380759	P55345	ANM2_HUMAN
ENSP00000363873	Q5BKU9	OXLD1_HUMAN
ENSP00000358840	Q96IX5	ATPMK_HUMAN
ENSP00000445162	Q13889	TF2H3_HUMAN
ENSP00000498161	Q86W33	TPRA1_HUMAN
ENSP00000330730	Q86WW8	COA5_HUMAN
ENSP00000318861	Q13435	SF3B2_HUMAN
ENSP00000500094	Q5T9A4	ATD3B_HUMAN
ENSP00000418348	Q7Z7K0	COXM1_HUMAN
ENSP00000355629	Q14746	COG2_HUMAN
ENSP00000297994	Q6PF06	TM10B_HUMAN
ENSP00000276062	A0A8J8YU24	A0A8J8YU24_HUMAN
ENSP00000359507	Q9NTM9	CUTC_HUMAN
ENSP00000264932	P31040	SDHA_HUMAN
ENSP00000378782	Q15274	NADC_HUMAN
ENSP00000474230	Q96S79	RSLAB_HUMAN
ENSP00000346627	A2RUC4	TYW5_HUMAN
ENSP00000274137	O75380	NDUS6_HUMAN
ENSP00000441000	Q5ST30	SYVM_HUMAN
ENSP00000227868	O00330	ODPX_HUMAN
ENSP00000348211	Q96AG3	S2546_HUMAN
ENSP00000299166	O95169	NDUB8_HUMAN
ENSP00000292475	P56134	ATPK_HUMAN
ENSP00000385927	Q96DB5	RMD1_HUMAN
ENSP00000349244	Q3B7T1	EDRF1_HUMAN
ENSP00000361084	Q6P1L8	RM14_HUMAN
ENSP00000357199	Q96FB5	MT25B_HUMAN
ENSP00000270517	Q9BQ95	ECSIT_HUMAN
ENSP00000378743	P27144	KAD4_HUMAN
ENSP00000356978	P50336	PPOX_HUMAN
ENSP00000359160	Q9NUP7	TRM13_HUMAN
ENSP00000262510	Q86WI3	NLRC5_HUMAN
ENSP00000483494	Q7Z5L2	R3HCL_HUMAN
ENSP00000413908	Q9Y276	BCS1_HUMAN
ENSP00000361616	Q86VU5	CMTD1_HUMAN
ENSP00000406162	Q99873	ANM1_HUMAN
ENSP00000419088	Q96A26	F162A_HUMAN
ENSP00000419126	Q9H8K7	PAAT_HUMAN
ENSP00000301939	Q8N2U0	TM256_HUMAN
ENSP00000386992	Q9UI26	IPO11_HUMAN
ENSP00000364649	P21912	SDHB_HUMAN
ENSP00000498656	J3KNX4	J3KNX4_HUMAN
ENSP00000266544	Q16795	NDUA9_HUMAN
ENSP00000012049	Q9NXS2	QPCTL_HUMAN
ENSP00000432692	Q6UW78	UQCC3_HUMAN
ENSP00000425261	B7ZL88	B7ZL88_HUMAN
ENSP00000443216	P61165	TM258_HUMAN
ENSP00000354813	P03915	NU5M_HUMAN
ENSP00000259667	Q9BX68	HINT2_HUMAN
ENSP00000482599	Q86XA0	MET23_HUMAN
ENSP00000338389	Q9NZE8	RM35_HUMAN
ENSP00000269844	A0AB56DNF6	A0AB56DNF6_HUMAN
ENSP00000384367	Q719H9	KCTD1_HUMAN
ENSP00000483484	O95478	NSA2_HUMAN
ENSP00000478645	Q8NDH6	ICA1L_HUMAN
ENSP00000280362	Q03393	PTPS_HUMAN
ENSP00000229758	Q9UKT4	FBX5_HUMAN
ENSP00000358042	Q9H0R6	GATA_HUMAN
ENSP00000234296	Q13416	ORC2_HUMAN
ENSP00000354920	Q8N6R0	EFNMT_HUMAN
ENSP00000299335	Q9Y6N1	COX11_HUMAN
ENSP00000447091	Q6J4K2	NCLX_HUMAN
ENSP00000399851	P54098	DPOG1_HUMAN
ENSP00000480056	B3KW44	B3KW44_HUMAN
ENSP00000350961	Q96GE9	DMAC1_HUMAN
ENSP00000361363	Q9NPF5	DMAP1_HUMAN
ENSP00000398637	Q5H913	AR13A_HUMAN
ENSP00000331640	Q96B77	TM186_HUMAN
ENSP00000417142	Q16718	NDUA5_HUMAN
ENSP00000299192	Q7Z4Q2	HEAT3_HUMAN
ENSP00000002165	Q9BTY2	FUCO2_HUMAN
ENSP00000333725	P17031	ZNF26_HUMAN
ENSP00000387164	Q9H3G5	CPVL_HUMAN
ENSP00000262776	Q08380	LG3BP_HUMAN
ENSP00000371152	Q13510	ASAH1_HUMAN
ENSP00000244137	P12955	PEPD_HUMAN
ENSP00000311427	Q8WV41	SNX33_HUMAN
ENSP00000437402	P09104	ENOG_HUMAN
ENSP00000226091	Q15768	EFNB3_HUMAN
ENSP00000376024	Q9Y5X1	SNX9_HUMAN
ENSP00000233840	Q9Y3R4	NEUR2_HUMAN
ENSP00000383392	O15394	NCAM2_HUMAN
ENSP00000333441	Q9BQ50	TREX2_HUMAN
ENSP00000331044	Q8TC29	ENKUR_HUMAN
ENSP00000264381	P06276	CHLE_HUMAN
ENSP00000414055	Q9NSY0	NRBP2_HUMAN
ENSP00000363452	Q9NR34	MA1C1_HUMAN
ENSP00000266025	Q12893	TM115_HUMAN
ENSP00000364643	P59826	BPIB3_HUMAN
ENSP00000220616	P01266	THYG_HUMAN
ENSP00000452948	P49641	MA2A2_HUMAN
ENSP00000358727	P78417	GSTO1_HUMAN
ENSP00000205194	Q8WUY8	NAT14_HUMAN
ENSP00000421566	Q9NQW7	XPP1_HUMAN
ENSP00000341565	Q6SJ93	F111B_HUMAN
ENSP00000222390	P14210	HGF_HUMAN
ENSP00000462333	Q8NFI3	ENASE_HUMAN
ENSP00000464814	Q13057	COASY_HUMAN
ENSP00000467843	Q8IYS8	BD1L2_HUMAN
ENSP00000357766	Q5TA78	LCE4A_HUMAN
ENSP00000262053	P18846	ATF1_HUMAN
ENSP00000348668	Q8NCL4	GALT6_HUMAN
ENSP00000416787	Q8NCW6	GLT11_HUMAN
ENSP00000175091	Q15012	LAP4A_HUMAN
ENSP00000329846	J3KNN1	J3KNN1_HUMAN
ENSP00000361064	Q9UNW1	MINP1_HUMAN
ENSP00000358515	Q8IZD6	S22AF_HUMAN
ENSP00000340736	P46976	GLYG_HUMAN
ENSP00000387498	Q10981	FUT2_HUMAN
ENSP00000361664	Q5T1R4	ZEP3_HUMAN
ENSP00000366827	P61647	SIA8F_HUMAN
ENSP00000394936	P19652	A1AG2_HUMAN
ENSP00000363081	O94907	DKK1_HUMAN
ENSP00000364150	Q8IXK2	GLT12_HUMAN
ENSP00000479664	A0A087WVT3	A0A087WVT3_HUMAN
ENSP00000216264	Q8TCT0	CERK1_HUMAN
ENSP00000468308	Q96MK3	FA20A_HUMAN
ENSP00000353203	Q5T7P3	LCE1B_HUMAN
ENSP00000436604	Q8N4A0	GALT4_HUMAN
ENSP00000295759	Q6UWU2	GLB1L_HUMAN
ENSP00000314299	Q03591	FHR1_HUMAN
ENSP00000377582	Q9BQ66	KR412_HUMAN
ENSP00000398629	P50150	GBG4_HUMAN
ENSP00000474621	A0A087WY01	A0A087WY01_HUMAN
ENSP00000287916	P56749	CLD12_HUMAN
ENSP00000355124	P08727	K1C19_HUMAN
ENSP00000226247	O15353	FOXN1_HUMAN
ENSP00000156626	Q9NSC7	SIA7A_HUMAN
ENSP00000261534	Q9UKY4	POMT2_HUMAN
ENSP00000299157	Q70UQ0	IKIP_HUMAN
ENSP00000358824	P49184	DNSL1_HUMAN
ENSP00000360184	Q9HD45	TM9S3_HUMAN
ENSP00000423313	Q49A17	GLTL6_HUMAN
ENSP00000323313	Q14554	PDIA5_HUMAN
ENSP00000264613	P00450	CERU_HUMAN
ENSP00000361965	P00813	ADA_HUMAN
ENSP00000378053	Q13609	DNSL3_HUMAN
ENSP00000319464	P22792	CPN2_HUMAN
ENSP00000223061	Q15113	PCOC1_HUMAN
ENSP00000281703	Q96MS3	GL1D1_HUMAN
ENSP00000387239	Q8IUC8	GLT13_HUMAN
ENSP00000356702	Q92535	PIGC_HUMAN
ENSP00000356574	O00391	QSOX1_HUMAN
ENSP00000442464	A0A0A0MTJ9	A0A0A0MTJ9_HUMAN
ENSP00000242505	Q96BN6	F149B_HUMAN
ENSP00000332073	P26572	MGAT1_HUMAN
ENSP00000286523	Q6PJG2	MDEAS_HUMAN
ENSP00000472308	Q9BY14	TX101_HUMAN
ENSP00000420449	Q2M2H8	MGAL_HUMAN
ENSP00000366416	P24530	EDNRB_HUMAN
ENSP00000380437	Q8WUG5	S22AH_HUMAN
ENSP00000345282	Q8TD30	ALAT2_HUMAN
ENSP00000336729	Q8N428	GLT16_HUMAN
ENSP00000237275	Q5TFG8	ZC21B_HUMAN
ENSP00000201586	O00204	ST2B1_HUMAN
ENSP00000455607	P15735	PHKG2_HUMAN
ENSP00000273784	C9JV77	C9JV77_HUMAN
ENSP00000354294	P17538	CTRB1_HUMAN
ENSP00000285930	P15121	ALDR_HUMAN
ENSP00000420161	O60513	B4GT4_HUMAN
ENSP00000425809	O95394	AGM1_HUMAN
ENSP00000230036	P80108	PHLD_HUMAN
ENSP00000360645	Q9UKM7	MA1B1_HUMAN
ENSP00000482335	A0A087WZ40	A0A087WZ40_HUMAN
ENSP00000309644	Q96IK1	BOD1_HUMAN
ENSP00000265732	Q5RL73	RBM48_HUMAN
ENSP00000445757	A0A0C4DFX9	A0A0C4DFX9_HUMAN
ENSP00000493231	Q8NH80	O10D3_HUMAN
ENSP00000378426	Q9BQB6	VKOR1_HUMAN
ENSP00000420037	P57054	PIGP_HUMAN
ENSP00000229329	Q8NFW8	NEUA_HUMAN
ENSP00000304501	P29275	AA2BR_HUMAN
ENSP00000363616	Q9BV94	EDEM2_HUMAN
ENSP00000466690	Q9H2F9	CCD68_HUMAN
ENSP00000483228	Q5MIZ7	P4R3B_HUMAN
ENSP00000357759	Q5T753	LCE1E_HUMAN
ENSP00000269195	Q10472	GALT1_HUMAN
ENSP00000379138	P02771	FETA_HUMAN
ENSP00000389176	Q9NS00	C1GLT_HUMAN
ENSP00000376899	Q9P2B2	FPRP_HUMAN
ENSP00000216139	P10323	ACRO_HUMAN
ENSP00000261483	Q16706	MA2A1_HUMAN
ENSP00000320318	Q8WWR8	NEUR4_HUMAN
ENSP00000313318	Q96A29	FUCT1_HUMAN
ENSP00000330484	P0DTE7	AMY1B_HUMAN
ENSP00000314946	Q9NS64	RPRM_HUMAN
ENSP00000458977	Q9H4A9	DPEP2_HUMAN
ENSP00000395473	O00754	MA2B1_HUMAN
ENSP00000379680	P17050	NAGAB_HUMAN
ENSP00000496044	O15160	RPAC1_HUMAN
ENSP00000361302	Q9Y6A1	POMT1_HUMAN
ENSP00000276055	Q9NS84	CHST7_HUMAN
ENSP00000296702	O14776	TCRG1_HUMAN
ENSP00000428402	Q8IUQ0	CLVS1_HUMAN
ENSP00000353910	Q9BYC5	FUT8_HUMAN
ENSP00000222381	P27169	PON1_HUMAN
ENSP00000368965	Q68CP4	HGNAT_HUMAN
ENSP00000327943	P31639	SC5A2_HUMAN
ENSP00000481842	O00422	SAP18_HUMAN
ENSP00000431076	E7ETB3	E7ETB3_HUMAN
ENSP00000498441	P02671	FIBA_HUMAN
ENSP00000391227	Q3V5L5	MGT5B_HUMAN
ENSP00000297625	Q6NSJ0	MYORG_HUMAN
ENSP00000288699	Q9BPU6	DPYL5_HUMAN
ENSP00000216027	Q8IWL3	HSC20_HUMAN
ENSP00000396615	Q8NCI6	GLBL3_HUMAN
ENSP00000310696	O60909	B4GT2_HUMAN
ENSP00000270560	O14894	T4S5_HUMAN
ENSP00000447006	Q12860	CNTN1_HUMAN
ENSP00000479504	Q9Y2R4	DDX52_HUMAN
ENSP00000484640	Q6ZMB0	B3GN6_HUMAN
ENSP00000483375	Q14376	GALE_HUMAN
ENSP00000444628	Q8IW92	GLBL2_HUMAN
ENSP00000301420	P06870	KLK1_HUMAN
ENSP00000268695	P34059	GALNS_HUMAN
ENSP00000297689	Q16649	NFIL3_HUMAN
ENSP00000341819	Q2TAL6	VWC2_HUMAN
ENSP00000225388	Q7Z417	NUFP2_HUMAN
ENSP00000339834	Q6IEG0	SNR48_HUMAN
ENSP00000264595	P20933	ASPG_HUMAN
ENSP00000493338	Q8NGI2	O52N4_HUMAN
ENSP00000362123	Q9BX93	PG12B_HUMAN
ENSP00000445725	Q96K19	RN170_HUMAN
ENSP00000495530	A0A2R8Y6G6	A0A2R8Y6G6_HUMAN
ENSP00000466214	O14737	PDCD5_HUMAN
ENSP00000297623	Q8NCR6	SMIP6_HUMAN
ENSP00000216124	A0A0C4DFZ2	A0A0C4DFZ2_HUMAN
ENSP00000358747	Q12889	OVGP1_HUMAN
ENSP00000452280	Q8N8N7	PTGR2_HUMAN
ENSP00000481096	Q9UBM8	MGT4C_HUMAN
ENSP00000363603	P04066	FUCO_HUMAN
ENSP00000400057	Q7L266	ASGL1_HUMAN
ENSP00000338487	Q9UQ53	MGT4B_HUMAN
ENSP00000489770	Q6ZMV5	P4R3C_HUMAN
ENSP00000379678	Q15124	PGM5_HUMAN
ENSP00000321874	Q9Y2A9	B3GN3_HUMAN
ENSP00000385028	A1A5C7	S22AN_HUMAN
ENSP00000376807	P16444	DPEP1_HUMAN
ENSP00000362711	P40222	TXLNA_HUMAN
ENSP00000338624	Q9H6P5	TASP1_HUMAN
ENSP00000324105	P13929	ENOB_HUMAN
ENSP00000237283	Q7Z6V5	ADAT2_HUMAN
ENSP00000354453	Q6ZN57	ZFP2_HUMAN
ENSP00000310241	Q9Y226	S22AD_HUMAN
ENSP00000369346	Q6UWY0	ARSK_HUMAN
ENSP00000336733	Q9H4F1	SIA7D_HUMAN
ENSP00000285599	Q9Y2E5	MA2B2_HUMAN
ENSP00000340328	Q9GZU5	NYX_HUMAN
ENSP00000287143	Q9Y2Y8	PRG3_HUMAN
ENSP00000181383	Q96IY4	CBPB2_HUMAN
ENSP00000356576	P31629	ZEP2_HUMAN
ENSP00000348959	O60476	MA1A2_HUMAN
ENSP00000376337	Q96KE9	BTBD6_HUMAN
ENSP00000376337	A0A8C8KHP4	A0A8C8KHP4_HUMAN
ENSP00000321334	P08519	APOA_HUMAN
ENSP00000302599	Q9Y231	FUT9_HUMAN
ENSP00000220763	Q9Y646	CBPQ_HUMAN
ENSP00000040738	Q8NFC6	BD1L1_HUMAN
ENSP00000357069	Q9H3S5	PIGM_HUMAN
ENSP00000388864	Q96HQ0	ZN419_HUMAN
ENSP00000288078	Q8N0W3	FCSK_HUMAN
ENSP00000305595	Q9NY97	B3GN2_HUMAN
ENSP00000334869	Q5T7P2	LCE1A_HUMAN
ENSP00000246151	Q9GZP4	PITH1_HUMAN
ENSP00000416583	Q9Y315	DEOC_HUMAN
ENSP00000221992	P06731	CEAM5_HUMAN
ENSP00000360124	P36871	PGM1_HUMAN
ENSP00000301740	Q9UQ35	SRRM2_HUMAN
ENSP00000310338	Q9HCM1	RESF1_HUMAN
ENSP00000225576	Q96ET8	TV23C_HUMAN
ENSP00000309565	P07919	QCR6_HUMAN
ENSP00000378408	P24298	ALAT1_HUMAN
ENSP00000355632	Q10471	GALT2_HUMAN
ENSP00000310565	Q8IZU8	DSEL_HUMAN
ENSP00000265342	Q6MZW2	FSTL4_HUMAN
ENSP00000334448	P59768	GBG2_HUMAN
ENSP00000364782	Q99519	NEUR1_HUMAN
ENSP00000480851	A0A087WXA3	A0A087WXA3_HUMAN
ENSP00000370194	O60547	GMDS_HUMAN
ENSP00000369948	Q96BI1	S67A1_HUMAN
ENSP00000231751	P02788	TRFL_HUMAN
ENSP00000169298	P15907	SIAT1_HUMAN
ENSP00000370588	P14209	CD99_HUMAN
ENSP00000360776	O43286	B4GT5_HUMAN
ENSP00000428864	Q6NT32	EST5A_HUMAN
ENSP00000361932	Q495W5	OFUT4_HUMAN
ENSP00000252318	Q9NY28	GALT8_HUMAN
ENSP00000322343	Q8IZL9	CDK20_HUMAN
ENSP00000359664	Q01459	DIAC_HUMAN
ENSP00000385451	P21741	MK_HUMAN
ENSP00000428540	Q11201	SIA4A_HUMAN
ENSP00000264029	O43280	TREA_HUMAN
ENSP00000305603	P21217	FUT3_HUMAN
ENSP00000400041	Q701N4	KRA52_HUMAN
ENSP00000376911	Q99538	LGMN_HUMAN
ENSP00000367992	P10768	ESTD_HUMAN
ENSP00000318142	Q11130	FUT7_HUMAN
ENSP00000278025	A2VDF0	FUCM_HUMAN
ENSP00000264377	O75077	ADA23_HUMAN
ENSP00000495247	O00462	MANBA_HUMAN
ENSP00000349446	P05089	ARGI1_HUMAN
ENSP00000346032	P07355	ANXA2_HUMAN
ENSP00000259396	P02763	A1AG1_HUMAN
ENSP00000033079	Q9NYF5	FA13B_HUMAN
ENSP00000005286	Q24JP5	T132A_HUMAN
ENSP00000436812	Q9HC84	MUC5B_HUMAN
ENSP00000306920	P16278	BGAL_HUMAN
ENSP00000281923	Q09328	MGT5A_HUMAN
ENSP00000377836	P51654	GPC3_HUMAN
ENSP00000227065	A5PLN7	F149A_HUMAN
ENSP00000389903	Q6P1Q0	LTMD1_HUMAN
ENSP00000364902	Q9H488	OFUT1_HUMAN
ENSP00000356563	P56589	PEX3_HUMAN
ENSP00000317027	Q9P109	GCNT4_HUMAN
ENSP00000343002	Q6Y288	B3GLT_HUMAN
ENSP00000497308	Q9HCK1	ZDBF2_HUMAN
ENSP00000264914	P15848	ARSB_HUMAN
ENSP00000308541	P00734	THRB_HUMAN
ENSP00000493663	A0A2R8YCJ5	SIM41_HUMAN
ENSP00000384296	Q03154	ACY1_HUMAN
ENSP00000305692	P10253	LYAG_HUMAN
ENSP00000281741	Q9P2K2	TXD16_HUMAN
ENSP00000426941	Q92552	RT27_HUMAN
ENSP00000350757	P60983	GMFB_HUMAN
ENSP00000343706	Q9H213	MAGH1_HUMAN
ENSP00000500237	A0A5F9ZHB4	A0A5F9ZHB4_HUMAN
ENSP00000348170	P00738	HPT_HUMAN
ENSP00000373364	Q8NBJ4	GOLM1_HUMAN
ENSP00000314500	Q96FL9	GLT14_HUMAN
ENSP00000351206	Q8N3L3	TXLNB_HUMAN
ENSP00000361511	F6UJY1	F6UJY1_HUMAN
ENSP00000381699	Q9Y2C3	B3GT5_HUMAN
ENSP00000381699	A0A0A0MS93	A0A0A0MS93_HUMAN
ENSP00000349658	Q9NQH7	XPP3_HUMAN
ENSP00000351602	P22083	FUT4_HUMAN
ENSP00000382592	Q6L8H2	KRA53_HUMAN
ENSP00000356444	Q5TGI4	SAMD5_HUMAN
ENSP00000497588	Q93096	TP4A1_HUMAN
ENSP00000261369	Q9Y343	SNX24_HUMAN
ENSP00000261783	P78540	ARGI2_HUMAN
ENSP00000303211	P22303	ACES_HUMAN
ENSP00000286733	Q02083	NAAA_HUMAN
ENSP00000238497	O75351	VPS4B_HUMAN
ENSP00000335247	Q9Y365	STA10_HUMAN
ENSP00000378517	P10451	OSTP_HUMAN
ENSP00000304364	Q96EU7	C1GLC_HUMAN
ENSP00000337854	Q8WVB3	HEXD_HUMAN
ENSP00000384763	P32418	NAC1_HUMAN
ENSP00000219069	O14978	ZN263_HUMAN
ENSP00000264249	O43529	CHSTA_HUMAN
ENSP00000384551	P58417	NXPH1_HUMAN
ENSP00000356906	O14796	SH21B_HUMAN
ENSP00000353007	Q8IWU5	SULF2_HUMAN
ENSP00000263094	Q8IZY2	ABCA7_HUMAN
ENSP00000329214	Q8NDV1	SIA7C_HUMAN
ENSP00000278550	Q6N022	TEN4_HUMAN
ENSP00000259254	P04921	GLPC_HUMAN
ENSP00000375829	O00515	LAD1_HUMAN
ENSP00000254190	Q86X52	CHSS1_HUMAN
ENSP00000357894	Q8N5W8	FA24B_HUMAN
ENSP00000362609	Q96BR9	ZBT8A_HUMAN
ENSP00000307132	P28325	CYTD_HUMAN
ENSP00000297737	Q9H898	ZMAT4_HUMAN
ENSP00000359581	Q7LGA3	HS2ST_HUMAN
ENSP00000320663	Q9HC35	EMAL4_HUMAN
ENSP00000356671	P01008	ANT3_HUMAN
ENSP00000400921	A0A0A0MSS3	A0A0A0MSS3_HUMAN
ENSP00000360966	Q9UGQ3	GTR6_HUMAN
ENSP00000390784	O96024	B3GT4_HUMAN
ENSP00000263174	Q9NP74	PALMD_HUMAN
ENSP00000355157	Q96LA5	FCRL2_HUMAN
ENSP00000402576	O75335	LIPA4_HUMAN
ENSP00000327336	P21810	PGS1_HUMAN
ENSP00000264025	Q15223	NECT1_HUMAN
ENSP00000333310	Q6IMI6	ST1C3_HUMAN
ENSP00000264363	Q9H3R1	NDST4_HUMAN
ENSP00000307911	Q9Y4C5	CHST2_HUMAN
ENSP00000364709	P00742	FA10_HUMAN
ENSP00000225614	P51570	GALK1_HUMAN
ENSP00000351318	Q9ULL1	PKHG1_HUMAN
ENSP00000379326	Q1EHB4	SC5AC_HUMAN
ENSP00000367770	Q969S0	S35B4_HUMAN
ENSP00000361231	Q8NG11	TSN14_HUMAN
ENSP00000379377	O95395	GCNT3_HUMAN
ENSP00000279441	P09238	MMP10_HUMAN
ENSP00000277575	Q92738	US6NL_HUMAN
ENSP00000366050	Q8IXQ3	CI040_HUMAN
ENSP00000229304	P41238	ABEC1_HUMAN
ENSP00000331210	Q96GW7	PGCB_HUMAN
ENSP00000329318	Q9BXQ6	T121B_HUMAN
ENSP00000299162	Q96NZ1	FOXN4_HUMAN
ENSP00000261374	Q9Y278	HS3S2_HUMAN
ENSP00000316173	Q9BYG0	B3GN5_HUMAN
ENSP00000376188	O75462	CRLF1_HUMAN
ENSP00000226951	Q7Z7G1	CLNK_HUMAN
ENSP00000367446	Q16394	EXT1_HUMAN
ENSP00000357158	Q96LA6	FCRL1_HUMAN
ENSP00000407552	O60861	GAS7_HUMAN
ENSP00000262648	P23352	KALM_HUMAN
ENSP00000265131	P24821	TENA_HUMAN
ENSP00000385452	Q99674	CGRE1_HUMAN
ENSP00000359583	Q8WWQ2	HPSE2_HUMAN
ENSP00000261884	Q15650	TRIP4_HUMAN
ENSP00000353462	Q9NQ75	CASS4_HUMAN
ENSP00000374036	Q9Y2J0	RP3A_HUMAN
ENSP00000387393	Q7Z3B3	KANL1_HUMAN
ENSP00000436047	Q11206	SIA4C_HUMAN
ENSP00000452773	Q9BV29	CCD32_HUMAN
ENSP00000319501	O60701	UGDH_HUMAN
ENSP00000352264	Q9Y5K6	CD2AP_HUMAN
ENSP00000309270	O43916	CHST1_HUMAN
ENSP00000361160	Q9H7U1	CCSE2_HUMAN
ENSP00000216101	Q92737	RSLAA_HUMAN
ENSP00000268164	Q92186	SIA8B_HUMAN
ENSP00000310657	P52849	NDST2_HUMAN
ENSP00000328397	Q7Z5L0	VMO1_HUMAN
ENSP00000429473	Q96MM7	H6ST2_HUMAN
ENSP00000359729	Q92581	SL9A6_HUMAN
ENSP00000254051	Q8IZW8	TENS4_HUMAN
ENSP00000379396	Q8IVL1	NAV2_HUMAN
ENSP00000368496	Q96L58	B3GT6_HUMAN
ENSP00000306459	Q9UBX8	B4GT6_HUMAN
ENSP00000052754	P07585	PGS2_HUMAN
ENSP00000362205	Q9NZC2	TREM2_HUMAN
ENSP00000387228	B8ZZ84	B8ZZ84_HUMAN
ENSP00000368981	Q9H1N7	S35B3_HUMAN
ENSP00000352798	P39060	COIA1_HUMAN
ENSP00000319622	O00338	ST1C2_HUMAN
ENSP00000334314	O00423	EMAL1_HUMAN
ENSP00000347948	Q92956	TNR14_HUMAN
ENSP00000307297	Q8NCH0	CHSTE_HUMAN
ENSP00000220562	O43909	EXTL3_HUMAN
ENSP00000426237	Q86VE9	SERC5_HUMAN
ENSP00000480884	Q9Y274	SIA10_HUMAN
ENSP00000480884	A0A087WXB8	A0A087WXB8_HUMAN
ENSP00000414350	Q8N307	MUC20_HUMAN
ENSP00000263073	Q86US8	EST1A_HUMAN
ENSP00000292377	Q8N158	GPC2_HUMAN
ENSP00000405338	Q92835	SHIP1_HUMAN
ENSP00000366246	Q9Y625	GPC6_HUMAN
ENSP00000360525	P61326	MGN_HUMAN
ENSP00000365176	Q9NW97	TMM51_HUMAN
ENSP00000353582	O60462	NRP2_HUMAN
ENSP00000252486	P02649	APOE_HUMAN
ENSP00000333917	Q8NEJ0	DUS18_HUMAN
ENSP00000352447	Q9BW04	SARG_HUMAN
ENSP00000303042	Q8N4X5	AF1L2_HUMAN
ENSP00000314606	P51688	SPHM_HUMAN
ENSP00000296755	P46821	MAP1B_HUMAN
ENSP00000423014	Q56VL3	OCAD2_HUMAN
ENSP00000359131	Q9UBQ6	EXTL2_HUMAN
ENSP00000243776	Q8IZ52	CHSS2_HUMAN
ENSP00000357979	Q9Y466	NR2E1_HUMAN
ENSP00000450444	Q86WZ0	HEAT4_HUMAN
ENSP00000428746	E7ET48	E7ET48_HUMAN
ENSP00000419411	Q8N0V5	GNT2A_HUMAN
ENSP00000418767	Q5T2D2	TRML2_HUMAN
ENSP00000361818	P31431	SDC4_HUMAN
ENSP00000355580	O00180	KCNK1_HUMAN
ENSP00000365895	Q8IZP7	H6ST3_HUMAN
ENSP00000494162	Q9ULV8	CBLC_HUMAN
ENSP00000408342	Q96QH2	PRAM_HUMAN
ENSP00000317743	Q96MB7	HARB1_HUMAN
ENSP00000265471	O94766	B3GA3_HUMAN
ENSP00000468312	O95834	EMAL2_HUMAN
ENSP00000379702	Q9H7R5	ZN665_HUMAN
ENSP00000264144	Q13753	LAMC2_HUMAN
ENSP00000356433	Q9Y2C2	UST_HUMAN
ENSP00000335614	O75145	LIPA3_HUMAN
ENSP00000377257	Q16842	SIA4B_HUMAN
ENSP00000035307	Q9P2E5	CHPF2_HUMAN
ENSP00000461269	Q6UWF3	SCIMP_HUMAN
ENSP00000342858	Q96AC1	FERM2_HUMAN
ENSP00000431840	Q8NFF2	NCKX4_HUMAN
ENSP00000017003	Q9H1B5	XYLT2_HUMAN
ENSP00000346959	Q8IZM9	S38A6_HUMAN
ENSP00000345824	O95153	RIMB1_HUMAN
ENSP00000295092	Q96KN4	LRAT1_HUMAN
ENSP00000388823	P42857	NSG1_HUMAN
ENSP00000307423	Q10469	MGAT2_HUMAN
ENSP00000427687	O75083	WDR1_HUMAN
ENSP00000240499	Q15928	ZN141_HUMAN
ENSP00000259053	Q8IX05	CD302_HUMAN
ENSP00000356065	Q9NYY1	IL20_HUMAN
ENSP00000381109	Q9H0M4	ZCPW1_HUMAN
ENSP00000319636	Q9C0J1	B3GN4_HUMAN
ENSP00000343248	Q52WX2	SBK1_HUMAN
ENSP00000393312	A0A8I3B1S4	A0A8I3B1S4_HUMAN
ENSP00000290551	P78543	BTG2_HUMAN
ENSP00000261745	Q14CX7	NAA25_HUMAN
ENSP00000317614	Q9C0D4	Z518B_HUMAN
ENSP00000295057	Q86UE6	LRRT1_HUMAN
ENSP00000398632	P16070	CD44_HUMAN
ENSP00000423602	Q9UN19	DAPP1_HUMAN
ENSP00000284110	Q9Y663	HS3SA_HUMAN
ENSP00000266383	Q6L9W6	B4GN3_HUMAN
ENSP00000305725	Q9NPF2	CHSTB_HUMAN
ENSP00000316527	O15014	ZN609_HUMAN
ENSP00000494147	Q9UL01	DSE_HUMAN
ENSP00000253925	Q13136	LIPA1_HUMAN
ENSP00000361761	Q14508	WFDC2_HUMAN
ENSP00000422896	Q9NVA2	SEP11_HUMAN
ENSP00000285013	Q68D06	SLN13_HUMAN
ENSP00000286353	Q8TE99	PXYP1_HUMAN
ENSP00000261381	Q86Y38	XYLT1_HUMAN
ENSP00000242465	P10124	SRGN_HUMAN
ENSP00000476145	P42685	FRK_HUMAN
ENSP00000366248	O00230	CORT_HUMAN
ENSP00000371875	P78367	NKX32_HUMAN
ENSP00000274711	O43300	LRRT2_HUMAN
ENSP00000363590	Q8N6G5	CGAT2_HUMAN
ENSP00000265077	P13611	CSPG2_HUMAN
ENSP00000377401	Q8TB61	S35B2_HUMAN
ENSP00000344468	O75056	SDC3_HUMAN
ENSP00000262717	Q9HBT6	CAD20_HUMAN
ENSP00000418018	Q86WN2	IFNE_HUMAN
ENSP00000359864	O75487	GPC4_HUMAN
ENSP00000435844	E9PSA9	E9PSA9_HUMAN
ENSP00000444211	Q15198	PGFRL_HUMAN
ENSP00000302144	Q6P9G4	TM154_HUMAN
ENSP00000341206	Q8NCG5	CHST4_HUMAN
ENSP00000328551	P51157	RAB28_HUMAN
ENSP00000356476	Q7Z2T5	TRM1L_HUMAN
ENSP00000330606	Q9Y661	HS3S4_HUMAN
ENSP00000433847	Q9P2W7	B3GA1_HUMAN
ENSP00000261797	P52848	NDST1_HUMAN
ENSP00000307046	P34741	SDC2_HUMAN
ENSP00000466967	Q9NXH9	TRM1_HUMAN
ENSP00000368517	Q96DC8	ECHD3_HUMAN
ENSP00000341562	Q00973	B4GN1_HUMAN
ENSP00000384545	Q9Y2F9	BTBD3_HUMAN
ENSP00000201647	Q8TE68	ES8L1_HUMAN
ENSP00000261858	O94923	GLCE_HUMAN
ENSP00000252483	Q92692	NECT2_HUMAN
ENSP00000354213	Q9Y662	HS3SB_HUMAN
ENSP00000481912	Q9NRB3	CHSTC_HUMAN
ENSP00000361278	Q8WWB3	DYDC1_HUMAN
ENSP00000411816	Q8TDX6	CGAT1_HUMAN
ENSP00000284674	Q8NDV2	GPR26_HUMAN
ENSP00000239462	Q9UQP3	TENN_HUMAN
ENSP00000394794	Q12923	PTN13_HUMAN
ENSP00000261879	Q8WW43	APH1B_HUMAN
ENSP00000306340	J3KNE8	J3KNE8_HUMAN
ENSP00000301908	Q13519	PNOC_HUMAN
ENSP00000356646	Q92752	TENR_HUMAN
ENSP00000368964	Q96T17	MA7D2_HUMAN
ENSP00000304440	O00219	HYAS3_HUMAN
ENSP00000407193	Q96EG1	ARSG_HUMAN
ENSP00000261523	P35398	RORA_HUMAN
ENSP00000366267	P78333	GPC5_HUMAN
ENSP00000258991	Q8IWB9	TEX2_HUMAN
ENSP00000328977	Q9UNE2	RPH3L_HUMAN
ENSP00000319240	Q96A72	MGN2_HUMAN
ENSP00000262622	Q9H2A9	CHST8_HUMAN
ENSP00000357103	Q16570	ACKR1_HUMAN
ENSP00000250378	P23946	CMA1_HUMAN
ENSP00000360299	Q5T601	AGRF1_HUMAN
ENSP00000312506	Q6UVK1	CSPG4_HUMAN
ENSP00000384262	Q9Y251	HPSE_HUMAN
ENSP00000315870	Q86XF7	ZN575_HUMAN
ENSP00000363827	P98160	PGBM_HUMAN
ENSP00000379032	Q93063	EXT2_HUMAN
ENSP00000370542	P18827	SDC1_HUMAN
ENSP00000362207	Q7LGC8	CHST3_HUMAN
ENSP00000296499	O95803	NDST3_HUMAN
ENSP00000221498	Q9UK85	DKKL1_HUMAN
ENSP00000308770	O43704	ST1B1_HUMAN
ENSP00000272452	O75897	ST1C4_HUMAN
ENSP00000263733	O75063	XYLK_HUMAN
ENSP00000371710	Q13634	CAD18_HUMAN
ENSP00000265371	O14786	NRP1_HUMAN
ENSP00000384794	Q9NPC4	A4GAT_HUMAN
ENSP00000394178	Q6ZP80	TM182_HUMAN
ENSP00000260128	Q8IWU6	SULF1_HUMAN
ENSP00000234091	Q02363	ID2_HUMAN
ENSP00000216487	Q8TB24	RIN3_HUMAN
ENSP00000259241	O60243	H6ST1_HUMAN
ENSP00000315098	Q14507	EP3A_HUMAN
ENSP00000002829	Q13275	SEM3F_HUMAN
ENSP00000296129	Q9H5V8	CDCP1_HUMAN
ENSP00000480132	A0A087WWD4	A0A087WWD4_HUMAN
ENSP00000397297	P20783	NTF3_HUMAN
ENSP00000020945	O43623	SNAI2_HUMAN
ENSP00000350547	O95754	SEM4F_HUMAN
ENSP00000354478	P56177	DLX1_HUMAN
ENSP00000362332	Q6VUC0	AP2E_HUMAN
ENSP00000244050	O95863	SNAI1_HUMAN
ENSP00000393978	Q9BZL6	KPCD2_HUMAN
ENSP00000357206	P48681	NEST_HUMAN
ENSP00000373472	Q9UKP4	ATS7_HUMAN
ENSP00000362444	O95886	DLGP3_HUMAN
ENSP00000440945	Q9UKS6	PACN3_HUMAN
ENSP00000240093	Q9NPG1	FZD3_HUMAN
ENSP00000204604	Q9H2X0	CHRD_HUMAN
ENSP00000467290	Q9H3T3	SEM6B_HUMAN
ENSP00000428340	Q15389	ANGP1_HUMAN
ENSP00000295694	Q9BSE2	TMM79_HUMAN
ENSP00000232496	O75896	TUSC2_HUMAN
ENSP00000381034	O14544	SOCS6_HUMAN
ENSP00000219070	P08253	MMP2_HUMAN
ENSP00000350928	Q99259	DCE1_HUMAN
ENSP00000387435	Q5T4W7	ARTN_HUMAN
ENSP00000415743	P16671	CD36_HUMAN
ENSP00000366243	Q9UHN6	CEIP2_HUMAN
ENSP00000273179	O15194	CTDSL_HUMAN
ENSP00000306844	Q9C0C4	SEM4C_HUMAN
ENSP00000348769	O95376	ARI2_HUMAN
ENSP00000328777	P52803	EFNA5_HUMAN
ENSP00000321606	Q14194	DPYL1_HUMAN
ENSP00000375778	Q13751	LAMB3_HUMAN
ENSP00000444271	B4DPQ0	B4DPQ0_HUMAN
ENSP00000308461	Q92730	RND1_HUMAN
ENSP00000263388	Q9UM47	NOTC3_HUMAN
ENSP00000295992	Q9UKZ9	PCOC2_HUMAN
ENSP00000306864	Q6EMK4	VASN_HUMAN
ENSP00000330633	Q02246	CNTN2_HUMAN
ENSP00000312455	O15519	CFLAR_HUMAN
ENSP00000420321	Q9Y6N7	ROBO1_HUMAN
ENSP00000428646	Q8TF61	FBX41_HUMAN
ENSP00000377372	P17677	NEUM_HUMAN
ENSP00000386593	Q86U86	PB1_HUMAN
ENSP00000435466	Q8IZU9	KIRR3_HUMAN
ENSP00000369816	P04278	SHBG_HUMAN
ENSP00000264012	P22223	CADH3_HUMAN
ENSP00000334329	Q8IZJ1	UNC5B_HUMAN
ENSP00000394720	Q9NPR2	SEM4B_HUMAN
ENSP00000328036	Q6ZPD8	DG2L6_HUMAN
ENSP00000219271	P51511	MMP15_HUMAN
ENSP00000497290	P33151	CADH5_HUMAN
ENSP00000480680	A0A0C4DGV8	A0A0C4DGV8_HUMAN
ENSP00000311405	O43306	ADCY6_HUMAN
ENSP00000414378	P52798	EFNA4_HUMAN
ENSP00000259371	Q5VWQ8	DAB2P_HUMAN
ENSP00000300873	Q9UK08	GBG8_HUMAN
ENSP00000308208	P50281	MMP14_HUMAN
ENSP00000247271	P23515	OMGP_HUMAN
ENSP00000383303	O60469	DSCAM_HUMAN
ENSP00000230538	Q16363	LAMA4_HUMAN
ENSP00000374205	Q16650	TBR1_HUMAN
ENSP00000333993	Q9BYP8	KR171_HUMAN
ENSP00000311127	P49765	VEGFB_HUMAN
ENSP00000334941	Q92729	PTPRU_HUMAN
ENSP00000355751	P35442	TSP2_HUMAN
ENSP00000366307	P07204	TRBM_HUMAN
ENSP00000280527	Q9NZV1	CRIM1_HUMAN
ENSP00000358501	P19256	LFA3_HUMAN
ENSP00000368314	Q92823	NRCAM_HUMAN
ENSP00000380920	A8MVS5	HIDE1_HUMAN
ENSP00000380942	Q9NZN5	ARHGC_HUMAN
ENSP00000266031	Q12794	HYAL1_HUMAN
ENSP00000380602	Q8IWV2	CNTN4_HUMAN
ENSP00000289104	O14807	RASM_HUMAN
ENSP00000328478	Q16280	CNGA2_HUMAN
ENSP00000365514	O95409	ZIC2_HUMAN
ENSP00000357393	P52797	EFNA3_HUMAN
ENSP00000264042	O94887	FARP2_HUMAN
ENSP00000231004	P28300	LYOX_HUMAN
ENSP00000376457	Q9H8V3	ECT2_HUMAN
ENSP00000357669	P16066	ANPRA_HUMAN
ENSP00000357177	O15085	ARHGB_HUMAN
ENSP00000359506	Q06787	FMR1_HUMAN
ENSP00000261937	P35916	VGFR3_HUMAN
ENSP00000437271	Q9C0C2	TB182_HUMAN
ENSP00000354607	Q13467	FZD5_HUMAN
ENSP00000480043	P49767	VEGFC_HUMAN
ENSP00000256178	Q9Y5Y7	LYVE1_HUMAN
ENSP00000365437	Q05329	DCE2_HUMAN
ENSP00000363593	Q4LDE5	SVEP1_HUMAN
ENSP00000357152	P29017	CD1C_HUMAN
ENSP00000440428	Q8WTT0	CLC4C_HUMAN
ENSP00000366306	O43597	SPY2_HUMAN
ENSP00000455169	Q8NC67	NETO2_HUMAN
ENSP00000307156	P55268	LAMB2_HUMAN
ENSP00000497260	P63096	GNAI1_HUMAN
ENSP00000347451	Q96FE5	LIGO1_HUMAN
ENSP00000249373	Q99835	SMO_HUMAN
ENSP00000293549	P04628	WNT1_HUMAN
ENSP00000290759	Q96A47	ISL2_HUMAN
ENSP00000386559	P01732	CD8A_HUMAN
ENSP00000228825	O15145	ARPC3_HUMAN
ENSP00000355245	P55771	PAX9_HUMAN
ENSP00000379350	P05556	ITB1_HUMAN
ENSP00000262487	B1AKI9	ISM1_HUMAN
ENSP00000346671	P06241	FYN_HUMAN
ENSP00000357392	P20827	EFNA1_HUMAN
ENSP00000263734	Q99814	EPAS1_HUMAN
ENSP00000467537	Q13332	PTPRS_HUMAN
ENSP00000346508	P04085	PDGFA_HUMAN
ENSP00000258106	Q04741	EMX1_HUMAN
ENSP00000342235	Q15303	ERBB4_HUMAN
ENSP00000252999	O15230	LAMA5_HUMAN
ENSP00000259607	O00585	CCL21_HUMAN
ENSP00000346879	P43699	NKX21_HUMAN
ENSP00000234198	Q07687	DLX2_HUMAN
ENSP00000353734	Q9UM63	PLAL1_HUMAN
ENSP00000418081	Q9NY47	CA2D2_HUMAN
ENSP00000308815	Q99731	CCL19_HUMAN
ENSP00000332737	Q6ZN44	UNC5A_HUMAN
ENSP00000398736	O00622	CCN1_HUMAN
ENSP00000401853	Q12891	HYAL2_HUMAN
ENSP00000403459	Q14451	GRB7_HUMAN
ENSP00000282397	P17948	VGFR1_HUMAN
ENSP00000478721	P34925	RYK_HUMAN
ENSP00000416523	Q92854	SEM4D_HUMAN
ENSP00000363826	Q9H461	FZD8_HUMAN
ENSP00000265562	Q9H3S7	PTN23_HUMAN
ENSP00000419060	H7C560	H7C560_HUMAN
ENSP00000287842	Q02297	NRG1_HUMAN
ENSP00000379212	Q7Z5L7	PODN_HUMAN
ENSP00000353331	Q6UWL6	KIRR2_HUMAN
ENSP00000215368	O43921	EFNA2_HUMAN
ENSP00000457625	D3DX86	D3DX86_HUMAN
ENSP00000339850	O14531	DPYL4_HUMAN
ENSP00000305288	Q8NFZ4	NLGN2_HUMAN
ENSP00000332353	Q13635	PTC1_HUMAN
ENSP00000325355	Q8WXE0	CSKI2_HUMAN
ENSP00000262494	P09471	GNAO_HUMAN
ENSP00000253408	A0A1X7SBR3	A0A1X7SBR3_HUMAN
ENSP00000349022	Q7LC44	ARC_HUMAN
ENSP00000467753	P0C6S8	LIGO3_HUMAN
ENSP00000261023	P06756	ITAV_HUMAN
ENSP00000424226	Q9P273	TEN3_HUMAN
ENSP00000357265	Q9H3S1	SEM4A_HUMAN
ENSP00000302648	Q99748	NRTN_HUMAN
ENSP00000434034	Q9ULV1	FZD4_HUMAN
ENSP00000226218	P04004	VTNC_HUMAN
ENSP00000299164	Q8TE58	ATS15_HUMAN
ENSP00000233154	O43639	NCK2_HUMAN
ENSP00000166244	P29322	EPHA8_HUMAN
ENSP00000330382	P01127	PDGFB_HUMAN
ENSP00000374323	A0A0B4J1T8	A0A0B4J1T8_HUMAN
ENSP00000350170	P51114	FXR1_HUMAN
ENSP00000172229	P08138	TNR16_HUMAN
ENSP00000302051	O95672	ECEL1_HUMAN
ENSP00000265362	Q14563	SEM3A_HUMAN
ENSP00000384570	Q9BWT7	CAR10_HUMAN
ENSP00000231790	P40692	MLH1_HUMAN
ENSP00000232501	Q8WTW4	NPRL2_HUMAN
ENSP00000263923	P35968	VGFR2_HUMAN
ENSP00000321573	Q96PD2	DCBD2_HUMAN
ENSP00000222145	Q5U651	RAIN_HUMAN
ENSP00000313088	Q8TDF5	NETO1_HUMAN
ENSP00000416015	Q7RTP6	MICA3_HUMAN
ENSP00000334051	P38405	GNAL_HUMAN
ENSP00000297904	O43915	VEGFD_HUMAN
ENSP00000383851	Q9P206	NHSL3_HUMAN
ENSP00000357909	Q9H3T2	SEM6C_HUMAN
ENSP00000215904	Q96GD0	PLPP_HUMAN
ENSP00000500409	Q9NRY4	RHG35_HUMAN
ENSP00000498083	Q9BUB5	MKNK1_HUMAN
ENSP00000405327	P50549	ETV1_HUMAN
ENSP00000371936	Q13591	SEM5A_HUMAN
ENSP00000231461	Q92187	SIA8D_HUMAN
ENSP00000373278	Q504Y3	ZCPW2_HUMAN
ENSP00000435585	Q9H6S3	ES8L2_HUMAN
ENSP00000391409	A6H8M9	CDHR4_HUMAN
ENSP00000259633	P21854	CD72_HUMAN
ENSP00000294485	Q8NBI3	DRAXI_HUMAN
ENSP00000226382	Q99453	PHX2B_HUMAN
ENSP00000027335	Q12864	CAD17_HUMAN
ENSP00000305714	P13497	BMP1_HUMAN
ENSP00000358309	Q15375	EPHA7_HUMAN
ENSP00000427985	A0A1C7CYX9	A0A1C7CYX9_HUMAN
ENSP00000340998	Q9HB63	NET4_HUMAN
ENSP00000319118	Q9BZM3	GSX2_HUMAN
ENSP00000261921	Q08397	LOXL1_HUMAN
ENSP00000341189	Q05397	FAK1_HUMAN
ENSP00000274063	Q96HF1	SFRP2_HUMAN
ENSP00000332861	Q6P9A1	ZN530_HUMAN
ENSP00000341198	Q92859	NEO1_HUMAN
ENSP00000486901	Q8TDZ2	MICA1_HUMAN
ENSP00000328169	Q9Y219	JAG2_HUMAN
ENSP00000061240	O43897	TLL1_HUMAN
ENSP00000389588	Q9P283	SEM5B_HUMAN
ENSP00000349547	Q9NS23	RASF1_HUMAN
ENSP00000367629	Q5VV41	ARHGG_HUMAN
ENSP00000386759	Q9BYW2	SETD2_HUMAN
ENSP00000451040	P49763	PLGF_HUMAN
ENSP00000359077	P32004	L1CAM_HUMAN
ENSP00000355370	P26441	CNTF_HUMAN
ENSP00000356771	P12259	FA5_HUMAN
ENSP00000261918	O75326	SEM7A_HUMAN
ENSP00000358677	O95935	TBX18_HUMAN
ENSP00000261799	P09619	PGFRB_HUMAN
ENSP00000204961	P98172	EFNB1_HUMAN
ENSP00000406022	O95185	UNC5C_HUMAN
ENSP00000417335	Q9HCK4	ROBO2_HUMAN
ENSP00000301030	Q6UB99	ANR11_HUMAN
ENSP00000374309	P25391	LAMA1_HUMAN
ENSP00000417132	Q92560	BAP1_HUMAN
ENSP00000482032	Q92551	IP6K1_HUMAN
ENSP00000356421	Q5LJA5	Q5LJA5_HUMAN
ENSP00000324532	Q16787	LAMA3_HUMAN
ENSP00000349723	Q9C0K0	BC11B_HUMAN
ENSP00000262316	Q96CC6	RHDF1_HUMAN
ENSP00000315011	P25101	EDNRA_HUMAN
ENSP00000366347	O95096	NKX22_HUMAN
ENSP00000343690	Q14195	DPYL3_HUMAN
ENSP00000341032	P56706	WNT7B_HUMAN
ENSP00000353030	P10586	PTPRF_HUMAN
ENSP00000380903	Q96MS0	ROBO3_HUMAN
ENSP00000365280	P41134	ID1_HUMAN
ENSP00000344786	O94856	NFASC_HUMAN
ENSP00000256509	O00533	NCHL1_HUMAN
ENSP00000367655	Q86WI1	PKHL1_HUMAN
ENSP00000277120	Q16620	NTRK2_HUMAN
ENSP00000385035	P09871	C1S_HUMAN
ENSP00000269141	P19022	CADH2_HUMAN
ENSP00000466680	P52198	RND2_HUMAN
ENSP00000406229	Q14517	FAT1_HUMAN
ENSP00000369375	Q02763	TIE2_HUMAN
ENSP00000341171	Q765P7	MTSS2_HUMAN
ENSP00000353654	P08572	CO4A2_HUMAN
ENSP00000222374	Q8NFZ8	CADM4_HUMAN
ENSP00000395535	P51608	MECP2_HUMAN
ENSP00000380779	Q2MV58	TECT1_HUMAN
ENSP00000370770	Q6ZR85	CQ107_HUMAN
ENSP00000264741	Q13797	ITA9_HUMAN
ENSP00000497806	P78352	DLG4_HUMAN
ENSP00000302216	Q92858	ATOH1_HUMAN
ENSP00000266744	P50553	ASCL1_HUMAN
ENSP00000389140	P43146	DCC_HUMAN
ENSP00000249749	Q9NR61	DLL4_HUMAN
ENSP00000493716	P52799	EFNB2_HUMAN
ENSP00000380227	P13612	ITA4_HUMAN
ENSP00000392617	Q92925	SMRD2_HUMAN
ENSP00000308576	O00212	RHOD_HUMAN
ENSP00000370571	P07101	TY3H_HUMAN
ENSP00000359085	Q9Y2I2	NTNG1_HUMAN
ENSP00000457421	P16284	PECA1_HUMAN
ENSP00000361554	P35590	TIE1_HUMAN
ENSP00000383516	Q9NP08	HMX1_HUMAN
ENSP00000481824	Q9BY79	MFRP_HUMAN
ENSP00000469455	P34130	NTF4_HUMAN
ENSP00000479261	O14795	UN13B_HUMAN
ENSP00000315190	P26006	ITA3_HUMAN
ENSP00000438875	P51513	NOVA1_HUMAN
ENSP00000481038	Q7L576	CYFP1_HUMAN
ENSP00000266022	P78332	RBM6_HUMAN
ENSP00000245810	O60542	PSPN_HUMAN
ENSP00000364886	P61587	RND3_HUMAN
ENSP00000352138	Q96J84	KIRR1_HUMAN
ENSP00000381499	P15863	PAX1_HUMAN
ENSP00000418735	Q9P2N4	ATS9_HUMAN
ENSP00000287008	Q08174	PCDH1_HUMAN
ENSP00000337425	O43820	HYAL3_HUMAN
ENSP00000337451	P29320	EPHA3_HUMAN
ENSP00000257414	Q9H2E6	SEM6A_HUMAN
ENSP00000257414	A0A0A0MQU6	A0A0A0MQU6_HUMAN
ENSP00000480763	B7ZKJ3	B7ZKJ3_HUMAN
ENSP00000250113	P51116	FXR2_HUMAN
ENSP00000376048	P20916	MAG_HUMAN
ENSP00000221485	Q9P2U7	VGLU1_HUMAN
ENSP00000404151	Q9Y4F5	C170B_HUMAN
ENSP00000315465	A0A384DVL8	A0A384DVL8_HUMAN
ENSP00000263851	P13232	IL7_HUMAN
ENSP00000384364	P01303	NPY_HUMAN
ENSP00000301904	Q6AZY7	SCAR3_HUMAN
ENSP00000397026	Q13002	GRIK2_HUMAN
ENSP00000376753	O14908	GIPC1_HUMAN
ENSP00000294304	O75197	LRP5_HUMAN
ENSP00000443957	Q9UK33	ZN580_HUMAN
ENSP00000380379	Q9H1J7	WNT5B_HUMAN
ENSP00000496954	O00159	MYO1C_HUMAN
ENSP00000280606	Q2L4Q9	PRS53_HUMAN
ENSP00000311291	Q92959	SO2A1_HUMAN
ENSP00000164024	Q9NYQ7	CELR3_HUMAN
ENSP00000496396	P30518	V2R_HUMAN
ENSP00000043402	Q9BZR6	RTN4R_HUMAN
ENSP00000363529	Q9BQN1	FA83C_HUMAN
ENSP00000327890	P26951	IL3RA_HUMAN
ENSP00000345849	P38567	HYALP_HUMAN
ENSP00000436376	P47874	OMP_HUMAN
ENSP00000324857	Q8NFY4	SEM6D_HUMAN
ENSP00000353791	P48067	SC6A9_HUMAN
ENSP00000262198	Q6IQ32	ADNP2_HUMAN
ENSP00000452126	Q96B86	RGMA_HUMAN
ENSP00000452126	A0A0A0MTQ4	A0A0A0MTQ4_HUMAN
ENSP00000345785	O00144	FZD9_HUMAN
ENSP00000260356	P07996	TSP1_HUMAN
ENSP00000173229	O95631	NET1_HUMAN
ENSP00000284984	Q9UHI8	ATS1_HUMAN
ENSP00000386884	P61073	CXCR4_HUMAN
ENSP00000265361	Q99985	SEM3C_HUMAN
ENSP00000362186	Q9BZA7	PC11X_HUMAN
ENSP00000282753	Q13255	GRM1_HUMAN
ENSP00000199764	P40199	CEAM6_HUMAN
ENSP00000347046	O76074	PDE5A_HUMAN
ENSP00000218548	P54707	AT12A_HUMAN
ENSP00000313681	Q9NYA1	SPHK1_HUMAN
ENSP00000379226	Q8IYF3	TEX11_HUMAN
ENSP00000458585	P39900	MMP12_HUMAN
ENSP00000307863	P26368	U2AF2_HUMAN
ENSP00000378359	P28332	ADH6_HUMAN
ENSP00000312652	P41159	LEP_HUMAN
ENSP00000348888	P01833	PIGR_HUMAN
ENSP00000477999	P29475	NOS1_HUMAN
ENSP00000379873	P04439	HLAA_HUMAN
ENSP00000382090	O95500	CLD14_HUMAN
ENSP00000320171	P14618	KPYM_HUMAN
ENSP00000495860	Q96QT4	TRPM7_HUMAN
ENSP00000244669	Q9Y235	ABEC2_HUMAN
ENSP00000494175	P68871	HBB_HUMAN
ENSP00000380322	Q9BV81	EMC6_HUMAN
ENSP00000355192	Q13698	CAC1S_HUMAN
ENSP00000296026	P19876	CXCL3_HUMAN
ENSP00000286479	P11245	ARY2_HUMAN
ENSP00000481056	A0A087WXI2	A0A087WXI2_HUMAN
ENSP00000290921	Q13363	CTBP1_HUMAN
ENSP00000246914	Q96J92	WNK4_HUMAN
ENSP00000478187	A0A0D2X7Z3	A0A0D2X7Z3_HUMAN
ENSP00000286371	P54709	AT1B3_HUMAN
ENSP00000285238	O15438	MRP3_HUMAN
ENSP00000344741	O15503	INSI1_HUMAN
ENSP00000369399	Q8NBS3	S4A11_HUMAN
ENSP00000381008	Q8WXI7	MUC16_HUMAN
ENSP00000496355	O60602	TLR5_HUMAN
ENSP00000496355	A0A2R8Y7Z4	A0A2R8Y7Z4_HUMAN
ENSP00000362330	Q8TD26	CHD6_HUMAN
ENSP00000320247	Q13520	AQP6_HUMAN
ENSP00000432816	P26436	ASPX_HUMAN
ENSP00000441197	Q9H310	RHBG_HUMAN
ENSP00000260402	Q00722	PLCB2_HUMAN
ENSP00000319071	Q8NGC7	O11H6_HUMAN
ENSP00000457258	Q8N543	OGFD1_HUMAN
ENSP00000228318	Q00325	S25A3_HUMAN
ENSP00000357112	O14862	AIM2_HUMAN
ENSP00000350005	P09681	GIP_HUMAN
ENSP00000233735	P05451	REG1A_HUMAN
ENSP00000389326	Q9BYF1	ACE2_HUMAN
ENSP00000315988	Q6NUT2	D19L2_HUMAN
ENSP00000299798	Q14940	SL9A5_HUMAN
ENSP00000364235	Q99942	RNF5_HUMAN
ENSP00000293404	Q8N159	NAGS_HUMAN
ENSP00000386165	P49716	CEBPD_HUMAN
ENSP00000368265	P26992	CNTFR_HUMAN
ENSP00000353731	P27487	DPP4_HUMAN
ENSP00000223095	P05121	PAI1_HUMAN
ENSP00000364448	Q9H1J1	REN3A_HUMAN
ENSP00000229195	Q9NZN8	CNOT2_HUMAN
ENSP00000297282	Q9UKG4	S13A4_HUMAN
ENSP00000495332	Q13621	S12A1_HUMAN
ENSP00000256689	Q96QD8	S38A2_HUMAN
ENSP00000299339	P78369	CLD10_HUMAN
ENSP00000326301	Q8NGZ4	OR2G3_HUMAN
ENSP00000362900	Q08170	SRSF4_HUMAN
ENSP00000308720	P07477	TRY1_HUMAN
ENSP00000358238	P48165	CXA8_HUMAN
ENSP00000400365	P24043	LAMA2_HUMAN
ENSP00000266088	P13866	SC5A1_HUMAN
ENSP00000325376	P52272	HNRPM_HUMAN
ENSP00000262999	P25874	UCP1_HUMAN
ENSP00000262367	Q92793	CBP_HUMAN
ENSP00000262426	Q12946	FOXF1_HUMAN
ENSP00000228740	P09960	LKHA4_HUMAN
ENSP00000302100	P56470	LEG4_HUMAN
ENSP00000263780	Q9UQN3	CHM2B_HUMAN
ENSP00000329869	P07202	PERT_HUMAN
ENSP00000257981	Q9ULD8	KCNH3_HUMAN
ENSP00000055077	P35250	RFC2_HUMAN
ENSP00000246635	P13646	K1C13_HUMAN
ENSP00000469158	Q9NRA0	SPHK2_HUMAN
ENSP00000417404	Q30201	HFE_HUMAN
ENSP00000267584	Q96M32	KAD7_HUMAN
ENSP00000433277	P11836	CD20_HUMAN
ENSP00000364016	P28062	PSB8_HUMAN
ENSP00000236826	P22894	MMP8_HUMAN
ENSP00000397925	O75185	AT2C2_HUMAN
ENSP00000492273	A0A1W2PR19	GSTT4_HUMAN
ENSP00000346158	Q9BYZ8	REG4_HUMAN
ENSP00000318355	Q96PS8	AQP10_HUMAN
ENSP00000393066	Q6U841	S4A10_HUMAN
ENSP00000259870	Q6UXA7	CF015_HUMAN
ENSP00000329106	O14599	VCY2_HUMAN
ENSP00000262352	P43005	EAA3_HUMAN
ENSP00000363993	P28065	PSB9_HUMAN
ENSP00000230354	P20226	TBP_HUMAN
ENSP00000357905	Q9UGM3	DMBT1_HUMAN
ENSP00000330237	P55211	CASP9_HUMAN
ENSP00000356782	Q9H2G9	GO45_HUMAN
ENSP00000294016	O60503	ADCY9_HUMAN
ENSP00000381823	O95486	SC24A_HUMAN
ENSP00000364210	Q15109	RAGE_HUMAN
ENSP00000273063	P48751	B3A3_HUMAN
ENSP00000373691	X6RAN8	X6RAN8_HUMAN
ENSP00000357484	Q9HD26	GOPC_HUMAN
ENSP00000373570	P17643	TYRP1_HUMAN
ENSP00000350911	P14091	CATE_HUMAN
ENSP00000378265	Q86UD5	SL9B2_HUMAN
ENSP00000282141	P07315	CRGC_HUMAN
ENSP00000421326	P98194	AT2C1_HUMAN
ENSP00000481021	B7ZVW6	B7ZVW6_HUMAN
ENSP00000259206	P18510	IL1RA_HUMAN
ENSP00000370421	P52945	PDX1_HUMAN
ENSP00000350198	P30874	SSR2_HUMAN
ENSP00000300134	P42226	STAT6_HUMAN
ENSP00000404131	F8VNR3	F8VNR3_HUMAN
ENSP00000258662	Q9NV35	NUD15_HUMAN
ENSP00000363708	Q13873	BMPR2_HUMAN
ENSP00000251595	P69905	HBA_HUMAN
ENSP00000267803	Q1HG43	DOXA1_HUMAN
ENSP00000360269	P09758	TACD2_HUMAN
ENSP00000245907	P01024	CO3_HUMAN
ENSP00000295834	P07148	FABPL_HUMAN
ENSP00000327246	P32241	VIPR1_HUMAN
ENSP00000295685	O15144	ARPC2_HUMAN
ENSP00000430886	Q8TDU6	GPBAR_HUMAN
ENSP00000365413	Q9HAS3	S28A3_HUMAN
ENSP00000373370	Q5D862	FILA2_HUMAN
ENSP00000442424	Q9GZX6	IL22_HUMAN
ENSP00000466477	Q9BXA6	TSSK6_HUMAN
ENSP00000337443	Q6DKJ4	NXN_HUMAN
ENSP00000341141	Q9BZZ2	SN_HUMAN
ENSP00000375756	Q9UNX9	KCJ14_HUMAN
ENSP00000416561	P00751	CFAB_HUMAN
ENSP00000264552	Q16763	UBE2S_HUMAN
ENSP00000364204	Q9BXM7	PINK1_HUMAN
ENSP00000379472	P06307	CCKN_HUMAN
ENSP00000371070	Q9NTI2	AT8A2_HUMAN
ENSP00000261196	Q9NPD5	SO1B3_HUMAN
ENSP00000284885	P98073	ENTK_HUMAN
ENSP00000477538	P55209	NP1L1_HUMAN
ENSP00000302630	Q9UBC0	HNF6_HUMAN
ENSP00000255030	P02741	CRP_HUMAN
ENSP00000358565	P78382	S35A1_HUMAN
ENSP00000362285	Q9BZD2	S29A3_HUMAN
ENSP00000351905	P37173	TGFR2_HUMAN
ENSP00000313600	O94823	AT10B_HUMAN
ENSP00000221742	P48664	EAA4_HUMAN
ENSP00000368166	O14640	DVL1_HUMAN
ENSP00000360608	Q05586	NMDZ1_HUMAN
ENSP00000225823	Q16515	ASIC2_HUMAN
ENSP00000345751	P51168	SCNNB_HUMAN
ENSP00000313699	Q6MZM0	HPHL1_HUMAN
ENSP00000274695	Q5VV42	CDKAL_HUMAN
ENSP00000463978	O15427	MOT4_HUMAN
ENSP00000408695	P17252	KPCA_HUMAN
ENSP00000308024	P29120	NEC1_HUMAN
ENSP00000263856	Q9Y3E7	CHMP3_HUMAN
ENSP00000497642	P06858	LIPL_HUMAN
ENSP00000229729	Q53GD3	CTL4_HUMAN
ENSP00000385428	Q9NPP4	NLRC4_HUMAN
ENSP00000452123	Q13243	SRSF5_HUMAN
ENSP00000312082	Q9NR97	TLR8_HUMAN
ENSP00000303532	O15263	DFB4A_HUMAN
ENSP00000400341	Q9Y261	FOXA2_HUMAN
ENSP00000329357	P08047	SP1_HUMAN
ENSP00000298428	Q9H9S3	S61A2_HUMAN
ENSP00000480538	A0A087WWV9	A0A087WWV9_HUMAN
ENSP00000411960	P51659	DHB4_HUMAN
ENSP00000278379	P43004	EAA2_HUMAN
ENSP00000394033	O95069	KCNK2_HUMAN
ENSP00000498587	P46531	NOTC1_HUMAN
ENSP00000405252	Q9P0M2	AKA7G_HUMAN
ENSP00000231668	Q12981	SEC20_HUMAN
ENSP00000416037	Q9NRS4	TMPS4_HUMAN
ENSP00000368278	Q9NZN1	IRPL1_HUMAN
ENSP00000360597	Q2I0M4	LRC26_HUMAN
ENSP00000501201	Q8WWU5	TCP11_HUMAN
ENSP00000250111	P14415	AT1B2_HUMAN
ENSP00000423567	Q494R4	DRC12_HUMAN
ENSP00000351671	P78556	CCL20_HUMAN
ENSP00000205557	O95255	MRP6_HUMAN
ENSP00000365730	Q9Y6E0	STK24_HUMAN
ENSP00000356399	P08603	CFAH_HUMAN
ENSP00000339867	P35523	CLCN1_HUMAN
ENSP00000369320	O15537	XLRS1_HUMAN
ENSP00000347742	Q86UT5	NHRF4_HUMAN
ENSP00000349428	P26599	PTBP1_HUMAN
ENSP00000369213	O95786	RIGI_HUMAN
ENSP00000363092	Q13976	KGP1_HUMAN
ENSP00000318629	Q8NEZ2	VP37A_HUMAN
ENSP00000496593	B1AK53	ESPN_HUMAN
ENSP00000350223	Q6Y2X3	DJC14_HUMAN
ENSP00000356198	Q13231	CHIT1_HUMAN
ENSP00000356587	Q9NP85	PODO_HUMAN
ENSP00000323929	P01023	A2MG_HUMAN
ENSP00000371180	F8W9H2	F8W9H2_HUMAN
ENSP00000424566	Q96G79	S35A4_HUMAN
ENSP00000451818	P61011	SRP54_HUMAN
ENSP00000261735	P30040	ERP29_HUMAN
ENSP00000351327	Q5JQC9	AKAP4_HUMAN
ENSP00000075120	P11169	GTR3_HUMAN
ENSP00000301765	A5D8V6	VP37C_HUMAN
ENSP00000276927	P0DY56	IFNA1_HUMAN
ENSP00000255380	P20309	ACM3_HUMAN
ENSP00000295522	O95832	CLD1_HUMAN
ENSP00000479708	Q969L2	MAL2_HUMAN
ENSP00000293897	P35346	SSR5_HUMAN
ENSP00000366797	Q96S37	S22AC_HUMAN
ENSP00000496166	P04075	ALDOA_HUMAN
ENSP00000312002	Q8TDQ0	HAVR2_HUMAN
ENSP00000483688	P49720	PSB3_HUMAN
ENSP00000407422	Q8TAX7	MUC7_HUMAN
ENSP00000342812	O00507	USP9Y_HUMAN
ENSP00000496494	P07951	TPM2_HUMAN
ENSP00000463058	Q9Y5S9	RBM8A_HUMAN
ENSP00000431813	P50461	CSRP3_HUMAN
ENSP00000417085	Q16348	S15A2_HUMAN
ENSP00000481244	O00168	PLM_HUMAN
ENSP00000243457	P63252	KCNJ2_HUMAN
ENSP00000355261	Q9UPR3	SMG5_HUMAN
ENSP00000286548	P50148	GNAQ_HUMAN
ENSP00000355930	O15245	S22A1_HUMAN
ENSP00000350310	P23634	AT2B4_HUMAN
ENSP00000227638	Q96RD7	PANX1_HUMAN
ENSP00000399168	P01889	HLAB_HUMAN
ENSP00000365714	Q9H313	TTYH1_HUMAN
ENSP00000296422	Q4ZJI4	SL9B1_HUMAN
ENSP00000381282	Q9BQE4	SELS_HUMAN
ENSP00000483300	Q13085	ACACA_HUMAN
ENSP00000261622	Q01650	LAT1_HUMAN
ENSP00000227155	P27701	CD82_HUMAN
ENSP00000352358	Q9H1D0	TRPV6_HUMAN
ENSP00000352358	A0A1X7SBT1	A0A1X7SBT1_HUMAN
ENSP00000254508	Q8TEM1	PO210_HUMAN
ENSP00000447297	P36897	TGFR1_HUMAN
ENSP00000493514	J3KQI1	J3KQI1_HUMAN
ENSP00000356102	Q7LBE3	S26A9_HUMAN
ENSP00000302846	P35408	PE2R4_HUMAN
ENSP00000216802	Q9UL46	PSME2_HUMAN
ENSP00000352572	O95613	PCNT_HUMAN
ENSP00000219022	Q6UX06	OLFM4_HUMAN
ENSP00000256078	P01116	RASK_HUMAN
ENSP00000494017	O43511	S26A4_HUMAN
ENSP00000450540	P01011	AACT_HUMAN
ENSP00000443965	P55263	ADK_HUMAN
ENSP00000274979	Q6IWH7	ANO7_HUMAN
ENSP00000296795	O15455	TLR3_HUMAN
ENSP00000262374	Q9BT22	ALG1_HUMAN
ENSP00000425961	D6RI10	D6RI10_HUMAN
ENSP00000226413	P30968	GNRHR_HUMAN
ENSP00000284523	P56704	WNT3A_HUMAN
ENSP00000369400	Q6T4R5	NHS_HUMAN
ENSP00000370078	P27815	PDE4A_HUMAN
ENSP00000347821	Q8TE76	MORC4_HUMAN
ENSP00000345023	Q9H4Y5	GSTO2_HUMAN
ENSP00000420200	P54922	ADPRH_HUMAN
ENSP00000313140	Q9NVH0	EXD2_HUMAN
ENSP00000485659	P98088	MUC5A_HUMAN
ENSP00000355492	Q5SY80	CTSRE_HUMAN
ENSP00000302150	P01236	PRL_HUMAN
ENSP00000233057	P19525	E2AK2_HUMAN
ENSP00000360250	P49961	ENTP1_HUMAN
ENSP00000367851	P04839	CY24B_HUMAN
ENSP00000265316	Q9NP58	ABCB6_HUMAN
ENSP00000304051	Q8WU17	RN139_HUMAN
ENSP00000264930	Q9Y666	S12A7_HUMAN
ENSP00000425133	Q92540	SMG7_HUMAN
ENSP00000334216	P51164	ATP4B_HUMAN
ENSP00000258796	Q9C0H2	TTYH3_HUMAN
ENSP00000344648	P57057	G6PT2_HUMAN
ENSP00000295589	P32238	CCKAR_HUMAN
ENSP00000279178	Q8IVM8	S22A9_HUMAN
ENSP00000421280	Q9HD67	MYO10_HUMAN
ENSP00000254301	P17931	LEG3_HUMAN
ENSP00000360147	O43895	XPP2_HUMAN
ENSP00000303148	Q8WXS4	CCGL_HUMAN
ENSP00000361238	Q9H1X1	RSPH9_HUMAN
ENSP00000219660	O94778	AQP8_HUMAN
ENSP00000296135	Q9NQ48	LZTL1_HUMAN
ENSP00000304004	P55318	FOXA3_HUMAN
ENSP00000216484	O15270	SPTC2_HUMAN
ENSP00000465419	O95049	ZO3_HUMAN
ENSP00000321735	O95907	MOT3_HUMAN
ENSP00000426632	Q96RT1	ERBIN_HUMAN
ENSP00000356105	Q8IVJ1	S41A1_HUMAN
ENSP00000428112	O94905	ERLN2_HUMAN
ENSP00000319486	Q9UKR8	TSN16_HUMAN
ENSP00000237596	Q13563	PKD2_HUMAN
ENSP00000393098	Q9H1C0	LPAR5_HUMAN
ENSP00000347942	P07949	RET_HUMAN
ENSP00000417573	Q96EC8	YIPF6_HUMAN
ENSP00000377197	Q4G0P3	HYDIN_HUMAN
ENSP00000252242	P13647	K2C5_HUMAN
ENSP00000355500	Q5SW79	CE170_HUMAN
ENSP00000258341	P11047	LAMC1_HUMAN
ENSP00000342082	P03973	SLPI_HUMAN
ENSP00000019103	P47872	SCTR_HUMAN
ENSP00000451261	Q9Y385	UB2J1_HUMAN
ENSP00000358223	P16233	LIPP_HUMAN
ENSP00000404122	Q96LB3	IFT74_HUMAN
ENSP00000333926	O15440	MRP5_HUMAN
ENSP00000440045	P16615	AT2A2_HUMAN
ENSP00000297439	P60022	DEFB1_HUMAN
ENSP00000263966	Q92995	UBP13_HUMAN
ENSP00000216117	P09601	HMOX1_HUMAN
ENSP00000367196	Q9H4G4	GAPR1_HUMAN
ENSP00000419361	O95622	ADCY5_HUMAN
ENSP00000373539	Q8WWQ8	STAB2_HUMAN
ENSP00000343657	Q9HCC0	MCCB_HUMAN
ENSP00000408617	Q9UKV0	HDAC9_HUMAN
ENSP00000352673	P78545	ELF3_HUMAN
ENSP00000260385	Q96TC7	RMD3_HUMAN
ENSP00000320324	P55786	PSA_HUMAN
ENSP00000320246	Q8IVB4	SL9A9_HUMAN
ENSP00000445306	P05023	AT1A1_HUMAN
ENSP00000356355	Q8TDX7	NEK7_HUMAN
ENSP00000365256	P51795	CLCN5_HUMAN
ENSP00000497948	Q6PGP7	SKI3_HUMAN
ENSP00000367123	P08195	4F2_HUMAN
ENSP00000259324	Q8IWT6	LRC8A_HUMAN
ENSP00000371348	Q4KMG9	TM52B_HUMAN
ENSP00000264731	Q9H3D4	P63_HUMAN
ENSP00000284818	Q9Y6Y9	LY96_HUMAN
ENSP00000279873	Q14865	ARI5B_HUMAN
ENSP00000353508	P11137	MTAP2_HUMAN
ENSP00000378230	Q96J66	MRP8_HUMAN
ENSP00000427661	Q96Q91	B3A4_HUMAN
ENSP00000322421	P69905	HBA_HUMAN
ENSP00000295101	P48549	KCNJ3_HUMAN
ENSP00000264255	O14530	TXND9_HUMAN
ENSP00000357726	P80511	S10AC_HUMAN
ENSP00000378364	P49281	NRAM2_HUMAN
ENSP00000311344	P30154	2AAB_HUMAN
ENSP00000497594	Q05086	UBE3A_HUMAN
ENSP00000257248	P27352	IF_HUMAN
ENSP00000346130	Q8NHG7	SVIP_HUMAN
ENSP00000260187	O75604	UBP2_HUMAN
ENSP00000401371	P31483	TIA1_HUMAN
ENSP00000348416	G3V1L9	G3V1L9_HUMAN
ENSP00000290866	P12821	ACE_HUMAN
ENSP00000358857	P50402	EMD_HUMAN
ENSP00000223026	Q2M3T9	HYAL4_HUMAN
ENSP00000480916	A0A087WXD1	A0A087WXD1_HUMAN
ENSP00000307900	P15104	GLNA_HUMAN
ENSP00000347213	Q9Y5L3	ENTP2_HUMAN
ENSP00000281631	Q8N3A8	PARP8_HUMAN
ENSP00000365811	O75602	SPAG6_HUMAN
ENSP00000382226	P15382	KCNE1_HUMAN
ENSP00000343129	Q14134	TRI29_HUMAN
ENSP00000337746	Q9NPH2	INO1_HUMAN
ENSP00000300589	Q9HC29	NOD2_HUMAN
ENSP00000219919	O43315	AQP9_HUMAN
ENSP00000363804	O43474	KLF4_HUMAN
ENSP00000359892	Q8NCS7	CTL5_HUMAN
ENSP00000386200	O15409	FOXP2_HUMAN
ENSP00000233202	P49279	NRAM1_HUMAN
ENSP00000296435	J3KNB4	J3KNB4_HUMAN
ENSP00000411256	Q9H0R8	GBRL1_HUMAN
ENSP00000441235	P16473	TSHR_HUMAN
ENSP00000354006	Q9BX84	TRPM6_HUMAN
ENSP00000434552	Q8IZL2	MAML2_HUMAN
ENSP00000254108	P35637	FUS_HUMAN
ENSP00000331897	P48735	IDHP_HUMAN
ENSP00000320508	Q96GF1	RN185_HUMAN
ENSP00000347778	Q96RN1	S26A8_HUMAN
ENSP00000297954	Q9Y3S1	WNK2_HUMAN
ENSP00000365116	Q99895	CTRC_HUMAN
ENSP00000355384	Q86WA9	S2611_HUMAN
ENSP00000488437	A6XMV9	A6XMV9_HUMAN
ENSP00000356562	Q9UBH6	S53A1_HUMAN
ENSP00000310557	Q9Y6H6	KCNE3_HUMAN
ENSP00000340939	P56856	CLD18_HUMAN
ENSP00000338806	O94916	NFAT5_HUMAN
ENSP00000332413	Q8N1M1	BEST3_HUMAN
ENSP00000367398	O75161	NPHP4_HUMAN
ENSP00000289672	Q8TDX9	PK1L1_HUMAN
ENSP00000253354	Q8TDL5	BPIB1_HUMAN
ENSP00000261233	Q9Y616	IRAK3_HUMAN
ENSP00000284425	Q8N139	ABCA6_HUMAN
ENSP00000193322	Q86WC4	OSTM1_HUMAN
ENSP00000256343	Q9H7T0	CTSRB_HUMAN
ENSP00000308895	P41440	S19A1_HUMAN
ENSP00000354280	A0A7P0MP65	A0A7P0MP65_HUMAN
ENSP00000392043	P20020	AT2B1_HUMAN
ENSP00000216286	Q14112	NID2_HUMAN
ENSP00000225737	O43572	AKA10_HUMAN
ENSP00000008527	Q16526	CRY1_HUMAN
ENSP00000355920	O15244	S22A2_HUMAN
ENSP00000362299	P17813	EGLN_HUMAN
ENSP00000262193	P20618	PSB1_HUMAN
ENSP00000252723	P01588	EPO_HUMAN
ENSP00000264661	Q9UQ05	KCNH4_HUMAN
ENSP00000331487	Q8TAT6	NPL4_HUMAN
ENSP00000262394	Q9Y6I7	WSB1_HUMAN
ENSP00000345873	P40879	S26A3_HUMAN
ENSP00000479679	A0A087WVT8	A0A087WVT8_HUMAN
ENSP00000315644	P04818	TYSY_HUMAN
ENSP00000319730	Q16651	PRSS8_HUMAN
ENSP00000341940	P56539	CAV3_HUMAN
ENSP00000494538	P49711	CTCF_HUMAN
ENSP00000273986	Q8N5K1	CISD2_HUMAN
ENSP00000335074	Q9UBU3	GHRL_HUMAN
ENSP00000498622	P30301	MIP_HUMAN
ENSP00000442795	Q14896	MYPC3_HUMAN
ENSP00000294489	Q86YL7	PDPN_HUMAN
ENSP00000234071	P04070	PROC_HUMAN
ENSP00000324196	Q6ZMQ8	LMTK1_HUMAN
ENSP00000368798	O43462	MBTP2_HUMAN
ENSP00000377456	Q06141	REG3A_HUMAN
ENSP00000357060	Q13733	AT1A4_HUMAN
ENSP00000360806	Q14721	KCNB1_HUMAN
ENSP00000369581	P01574	IFNB_HUMAN
ENSP00000402510	Q9UBK8	MTRR_HUMAN
ENSP00000367715	Q9UHG0	DCDC2_HUMAN
ENSP00000480703	Q96NT5	PCFT_HUMAN
ENSP00000386380	P14778	IL1R1_HUMAN
ENSP00000263791	Q9P2K8	E2AK4_HUMAN
ENSP00000443432	Q6ZQW0	I23O2_HUMAN
ENSP00000263317	Q9NPH5	NOX4_HUMAN
ENSP00000393557	Q9Y6R1	S4A4_HUMAN
ENSP00000346667	Q9BYP7	WNK3_HUMAN
ENSP00000273857	Q9Y5Q5	CORIN_HUMAN
ENSP00000325827	O15027	SC16A_HUMAN
ENSP00000251775	O95219	SNX4_HUMAN
ENSP00000328547	Q9UBC3	DNM3B_HUMAN
ENSP00000416293	P11166	GTR1_HUMAN
ENSP00000218099	P00740	FA9_HUMAN
ENSP00000331736	P16581	LYAM2_HUMAN
ENSP00000402760	O76082	S22A5_HUMAN
ENSP00000336571	P57739	CLD2_HUMAN
ENSP00000228850	O75969	AKAP3_HUMAN
ENSP00000349181	Q96D96	HVCN1_HUMAN
ENSP00000499300	Q15842	KCNJ8_HUMAN
ENSP00000478249	A0A087WTZ4	A0A087WTZ4_HUMAN
ENSP00000381717	P62837	UB2D2_HUMAN
ENSP00000304822	P07498	CASK_HUMAN
ENSP00000306999	Q56NI9	ESCO2_HUMAN
ENSP00000359890	Q9NUK0	MBNL3_HUMAN
ENSP00000297323	Q08828	ADCY1_HUMAN
ENSP00000419243	Q16595	FRDA_HUMAN
ENSP00000299766	P32245	MC4R_HUMAN
ENSP00000345502	Q08499	PDE4D_HUMAN
ENSP00000231454	P05113	IL5_HUMAN
ENSP00000304895	P35568	IRS1_HUMAN
ENSP00000404923	Q7Z6L1	TCPR1_HUMAN
ENSP00000311121	Q8TAA3	PSMA8_HUMAN
ENSP00000345708	Q14654	KCJ11_HUMAN
ENSP00000264734	Q9Y5I7	CLD16_HUMAN
ENSP00000377546	P19012	K1C15_HUMAN
ENSP00000358994	Q9UM54	MYO6_HUMAN
ENSP00000286355	P40145	ADCY8_HUMAN
ENSP00000406220	Q86YT5	S13A5_HUMAN
ENSP00000476176	U3KQS2	U3KQS2_HUMAN
ENSP00000480971	P32745	SSR3_HUMAN
ENSP00000357005	Q9Y624	JAM1_HUMAN
ENSP00000251287	Q9UL51	HCN2_HUMAN
ENSP00000265113	P43003	EAA1_HUMAN
ENSP00000492999	Q8NGG7	OR8A1_HUMAN
ENSP00000306253	A0A8C8KBY2	A0A8C8KBY2_HUMAN
ENSP00000264926	Q9NS91	RAD18_HUMAN
ENSP00000218388	P01033	TIMP1_HUMAN
ENSP00000366109	P04083	ANXA1_HUMAN
ENSP00000452181	Q9H9C1	SPE39_HUMAN
ENSP00000392028	Q9P2D1	CHD7_HUMAN
ENSP00000162749	P19438	TNR1A_HUMAN
ENSP00000466009	P01298	PAHO_HUMAN
ENSP00000354721	Q9H2B4	S26A1_HUMAN
ENSP00000302898	Q9UQB9	AURKC_HUMAN
ENSP00000338613	Q8WXF5	CRGN_HUMAN
ENSP00000323740	P55916	UCP3_HUMAN
ENSP00000433208	P01270	PTHY_HUMAN
ENSP00000353874	Q9NR96	TLR9_HUMAN
ENSP00000308236	Q8N668	COMD1_HUMAN
ENSP00000500891	Q9UIF7	MUTYH_HUMAN
ENSP00000388293	Q8NFU3	TSTD1_HUMAN
ENSP00000289575	O94956	SO2B1_HUMAN
ENSP00000401514	Q9P2D7	DYH1_HUMAN
ENSP00000433664	P78344	IF4G2_HUMAN
ENSP00000433664	D3DQV9	D3DQV9_HUMAN
ENSP00000353072	Q93084	AT2A3_HUMAN
ENSP00000370083	Q16637	SMN_HUMAN
ENSP00000482358	Q6UWY2	PRS57_HUMAN
ENSP00000419412	P04920	B3A2_HUMAN
ENSP00000353032	Q99571	P2RX4_HUMAN
ENSP00000245414	P10914	IRF1_HUMAN
ENSP00000369198	Q8IZP9	AGRG2_HUMAN
ENSP00000329243	P08729	K2C7_HUMAN
ENSP00000167588	P35900	K1C20_HUMAN
ENSP00000390394	Q9Y6M7	S4A7_HUMAN
ENSP00000342222	Q9Y5S1	TRPV2_HUMAN
ENSP00000421725	P02774	VTDB_HUMAN
ENSP00000262461	P55011	S12A2_HUMAN
ENSP00000362353	P43220	GLP1R_HUMAN
ENSP00000355968	Q9Y6M5	ZNT1_HUMAN
ENSP00000493405	Q8NH42	OR4KD_HUMAN
ENSP00000376272	P35249	RFC4_HUMAN
ENSP00000441823	Q9BXA9	SALL3_HUMAN
ENSP00000325527	P35555	FBN1_HUMAN
ENSP00000256646	Q04721	NOTC2_HUMAN
ENSP00000412237	P22301	IL10_HUMAN
ENSP00000389300	Q86SG3	DAZ4_HUMAN
ENSP00000292303	P51681	CCR5_HUMAN
ENSP00000373477	P22352	GPX3_HUMAN
ENSP00000422533	Q9HAR2	AGRL3_HUMAN
ENSP00000409544	O14493	CLD4_HUMAN
ENSP00000499695	P55851	UCP2_HUMAN
ENSP00000400252	Q9GZS0	DNAI2_HUMAN
ENSP00000473348	O95479	G6PE_HUMAN
ENSP00000360141	Q5JWF2	GNAS1_HUMAN
ENSP00000312649	Q86YN6	PRGC2_HUMAN
ENSP00000210313	Q16401	PSMD5_HUMAN
ENSP00000367028	Q13428	TCOF_HUMAN
ENSP00000300061	P51170	SCNNG_HUMAN
ENSP00000394624	P35372	OPRM_HUMAN
ENSP00000285393	Q8N8Y2	VA0D2_HUMAN
ENSP00000354677	Q96SL4	GPX7_HUMAN
ENSP00000263980	P19634	SL9A1_HUMAN
ENSP00000496438	O95136	S1PR2_HUMAN
ENSP00000359233	P28288	ABCD3_HUMAN
ENSP00000363921	Q8TEW0	PARD3_HUMAN
ENSP00000262506	P19784	CSK22_HUMAN
ENSP00000291009	P12273	PIP_HUMAN
ENSP00000337335	Q8TCC7	S22A8_HUMAN
ENSP00000363512	P09917	LOX5_HUMAN
ENSP00000080059	Q8WUI4	HDAC7_HUMAN
ENSP00000471894	P81172	HEPC_HUMAN
ENSP00000360638	Q5QPK2	Q5QPK2_HUMAN
ENSP00000388337	P60059	SC61G_HUMAN
ENSP00000497910	P61769	B2MG_HUMAN
ENSP00000362993	Q9H694	BICC1_HUMAN
ENSP00000367102	Q4U2R8	S22A6_HUMAN
ENSP00000313809	Q9NP70	AMBN_HUMAN
ENSP00000320416	Q86XT2	VP37D_HUMAN
ENSP00000351185	P51530	DNA2_HUMAN
ENSP00000378577	O15551	CLD3_HUMAN
ENSP00000416066	P01009	A1AT_HUMAN
ENSP00000498074	P22413	ENPP1_HUMAN
ENSP00000353284	O15523	DDX3Y_HUMAN
ENSP00000278282	P11684	UTER_HUMAN
ENSP00000383364	P14555	PA2GA_HUMAN
ENSP00000320885	Q9UBP0	SPAST_HUMAN
ENSP00000296694	Q96PL1	SG3A2_HUMAN
ENSP00000248150	Q9P2W3	GBG13_HUMAN
ENSP00000364935	O00299	CLIC1_HUMAN
ENSP00000363071	P17661	DESM_HUMAN
ENSP00000286424	G3XAA5	G3XAA5_HUMAN
ENSP00000359594	Q14CN2	CLCA4_HUMAN
ENSP00000311030	Q96J65	MRP9_HUMAN
ENSP00000323568	P11168	GTR2_HUMAN
ENSP00000335292	Q86UW2	OSTB_HUMAN
ENSP00000357008	Q8WWU7	ITLN2_HUMAN
ENSP00000332771	P51800	CLCKA_HUMAN
ENSP00000301244	O43291	SPIT2_HUMAN
ENSP00000371419	Q9UKK3	PARP4_HUMAN
ENSP00000219299	Q9H0I3	CF263_HUMAN
ENSP00000294954	P22888	LSHR_HUMAN
ENSP00000367608	Q16790	CAH9_HUMAN
ENSP00000296871	P04141	CSF2_HUMAN
ENSP00000493555	A0A2R8Y358	A0A2R8Y358_HUMAN
ENSP00000317997	Q9NRD9	DUOX1_HUMAN
ENSP00000308452	Q04695	K1C17_HUMAN
ENSP00000310036	P28906	CD34_HUMAN
ENSP00000296585	P17301	ITA2_HUMAN
ENSP00000440329	Q14542	S29A2_HUMAN
ENSP00000353475	O95471	CLD7_HUMAN
ENSP00000392411	Q13183	S13A2_HUMAN
ENSP00000358301	P08588	ADRB1_HUMAN
ENSP00000278888	Q01362	FCERB_HUMAN
ENSP00000226760	O76024	WFS1_HUMAN
ENSP00000233826	O60928	KCJ13_HUMAN
ENSP00000297504	Q9NUT2	MITOS_HUMAN
ENSP00000356436	P47712	PA24A_HUMAN
ENSP00000228682	P08151	GLI1_HUMAN
ENSP00000359483	Q8TDW0	LRC8C_HUMAN
ENSP00000341382	Q9NTJ3	SMC4_HUMAN
ENSP00000225538	P51575	P2RX1_HUMAN
ENSP00000335605	Q96FZ5	CKLF7_HUMAN
ENSP00000282486	Q9NR56	MBNL1_HUMAN
ENSP00000287641	P61278	SMS_HUMAN
ENSP00000497931	O95342	ABCBB_HUMAN
ENSP00000352071	Q86VB7	C163A_HUMAN
ENSP00000465261	Q7Z403	TMC6_HUMAN
ENSP00000338185	Q9NQ66	PLCB1_HUMAN
ENSP00000364032	Q03519	TAP2_HUMAN
ENSP00000319814	P35558	PCKGC_HUMAN
ENSP00000438248	O43852	CALU_HUMAN
ENSP00000291527	P04155	TFF1_HUMAN
ENSP00000379110	P09341	GROA_HUMAN
ENSP00000377385	A0A0B4J1V8	A0A0B4J1V8_HUMAN
ENSP00000366915	Q13887	KLF5_HUMAN
ENSP00000350098	Q969H6	POP5_HUMAN
ENSP00000328813	Q96L42	KCNH8_HUMAN
ENSP00000261170	P25092	GUC2C_HUMAN
ENSP00000283629	Q9NZI7	UBIP1_HUMAN
ENSP00000291568	P04080	CYTB_HUMAN
ENSP00000160373	Q8WZ74	CTTB2_HUMAN
ENSP00000339587	O60443	GSDME_HUMAN
ENSP00000306275	O14649	KCNK3_HUMAN
ENSP00000275730	Q9BXP2	S12A9_HUMAN
ENSP00000291536	Q8WYR4	RSPH1_HUMAN
ENSP00000363019	P51668	UB2D1_HUMAN
ENSP00000367323	Q13303	KCAB2_HUMAN
ENSP00000264246	P33681	CD80_HUMAN
ENSP00000254101	O43741	AAKB2_HUMAN
ENSP00000225474	P09919	CSF3_HUMAN
ENSP00000494609	O15439	MRP4_HUMAN
ENSP00000262187	Q15382	RHEB_HUMAN
ENSP00000236850	P02647	APOA1_HUMAN
ENSP00000362057	Q9Y5S8	NOX1_HUMAN
ENSP00000411096	Q86UQ4	ABCAD_HUMAN
ENSP00000266718	P51884	LUM_HUMAN
ENSP00000295269	Q6AI14	SL9A4_HUMAN
ENSP00000262120	Q9GZX9	TWSG1_HUMAN
ENSP00000356790	P05026	AT1B1_HUMAN
ENSP00000484525	Q9Y5B0	CTDP1_HUMAN
ENSP00000234488	P51797	CLCN6_HUMAN
ENSP00000179259	Q9NQ88	TIGAR_HUMAN
ENSP00000219596	O15553	MEFV_HUMAN
ENSP00000264819	Q8N344	MIER2_HUMAN
ENSP00000358107	Q9ULX7	CAH14_HUMAN
ENSP00000378292	Q6KB66	K2C80_HUMAN
ENSP00000380679	Q4G0X9	CCD40_HUMAN
ENSP00000286298	P50443	S26A2_HUMAN
ENSP00000260227	P09237	MMP7_HUMAN
ENSP00000284629	Q8WWH4	ASZ1_HUMAN
ENSP00000304783	P58743	S26A5_HUMAN
ENSP00000262039	Q8NEB9	PK3C3_HUMAN
ENSP00000284440	P09936	UCHL1_HUMAN
ENSP00000303206	P48304	REG1B_HUMAN
ENSP00000415579	Q8NI51	CTCFL_HUMAN
ENSP00000263321	P14679	TYRO_HUMAN
ENSP00000328181	Q13253	NOGG_HUMAN
ENSP00000239938	P18146	EGR1_HUMAN
ENSP00000496414	P35241	RADI_HUMAN
ENSP00000370767	P55259	GP2_HUMAN
ENSP00000498198	Q9NPC2	KCNK9_HUMAN
ENSP00000323856	Q15149	PLEC_HUMAN
ENSP00000368022	Q96CV9	OPTN_HUMAN
ENSP00000289081	Q00597	FANCC_HUMAN
ENSP00000325485	Q8N5B7	CERS5_HUMAN
ENSP00000481450	P0DTE8	AMY1C_HUMAN
ENSP00000312126	Q8NFM4	ADCY4_HUMAN
ENSP00000368411	P51172	SCNND_HUMAN
ENSP00000365528	Q9HD43	PTPRH_HUMAN
ENSP00000270570	Q96FL8	S47A1_HUMAN
ENSP00000362381	Q5JU69	TOR2A_HUMAN
ENSP00000361662	Q16661	GUC2B_HUMAN
ENSP00000362393	Q9Y458	TBX22_HUMAN
ENSP00000352527	O95279	KCNK5_HUMAN
ENSP00000391692	Q8IW40	DAA19_HUMAN
ENSP00000381736	P25705	ATPA_HUMAN
ENSP00000420213	O75369	FLNB_HUMAN
ENSP00000323880	Q92949	FOXJ1_HUMAN
ENSP00000419945	Q9UQF0	SYCY1_HUMAN
ENSP00000221130	P00390	GSHR_HUMAN
ENSP00000345719	O14656	TOR1A_HUMAN
ENSP00000264344	O94988	FA13A_HUMAN
ENSP00000331727	Q9NS40	KCNH7_HUMAN
ENSP00000216540	Q14973	NTCP_HUMAN
ENSP00000301015	Q92508	PIEZ1_HUMAN
ENSP00000358437	Q96SF7	TBX15_HUMAN
ENSP00000323587	Q8WWA0	ITLN1_HUMAN
ENSP00000285379	P00918	CAH2_HUMAN
ENSP00000341243	Q9UBG7	RBPJL_HUMAN
ENSP00000311825	P56545	CTBP2_HUMAN
ENSP00000240652	P10997	IAPP_HUMAN
ENSP00000448059	P00439	PH4H_HUMAN
ENSP00000381057	P07998	RNAS1_HUMAN
ENSP00000333813	Q9BV10	ALG12_HUMAN
ENSP00000443168	Q8IWL8	STH_HUMAN
ENSP00000249269	O75439	MPPB_HUMAN
ENSP00000243918	Q8N2H4	SYS1_HUMAN
ENSP00000257192	Q02413	DSG1_HUMAN
ENSP00000403701	P32121	ARRB2_HUMAN
ENSP00000496939	O15554	KCNN4_HUMAN
ENSP00000265224	Q92527	ANKR7_HUMAN
ENSP00000423390	Q9BXU7	UBP26_HUMAN
ENSP00000338562	Q13277	STX3_HUMAN
ENSP00000467141	Q8WZ42	TITIN_HUMAN
ENSP00000294728	P19320	VCAM1_HUMAN
ENSP00000378320	Q9ULT0	TTC7A_HUMAN
ENSP00000353393	P00451	FA8_HUMAN
ENSP00000405573	A0A2U3TZU2	A0A2U3TZU2_HUMAN
ENSP00000271227	Q8N4M1	CTL3_HUMAN
ENSP00000444688	P13637	AT1A3_HUMAN
ENSP00000269576	P13645	K1C10_HUMAN
ENSP00000359211	Q12882	DPYD_HUMAN
ENSP00000433919	P54105	ICLN_HUMAN
ENSP00000370842	O95760	IL33_HUMAN
ENSP00000438748	Q8ND04	SMG8_HUMAN
ENSP00000315371	Q75V66	ANO5_HUMAN
ENSP00000259216	P0CG37	CFC1_HUMAN
ENSP00000446280	Q92824	PCSK5_HUMAN
ENSP00000306627	Q4G0N8	SL9C1_HUMAN
ENSP00000248633	O43933	PEX1_HUMAN
ENSP00000288139	Q01668	CAC1D_HUMAN
ENSP00000364212	P32320	CDD_HUMAN
ENSP00000330101	Q01546	K22O_HUMAN
ENSP00000307155	Q15415	RBY1F_HUMAN
ENSP00000262290	P22079	PERL_HUMAN
ENSP00000260010	O60603	TLR2_HUMAN
ENSP00000246868	Q9Y3A5	SBDS_HUMAN
ENSP00000477908	P10147	CCL3_HUMAN
ENSP00000482753	Q96LT7	CI072_HUMAN
ENSP00000345259	P11171	EPB41_HUMAN
ENSP00000361366	P35247	SFTPD_HUMAN
ENSP00000256797	Q76MJ5	ERN2_HUMAN
ENSP00000366748	Q9Y679	AUP1_HUMAN
ENSP00000234420	P52701	MSH6_HUMAN
ENSP00000496959	P11215	ITAM_HUMAN
ENSP00000380271	Q8WZA2	RPGF4_HUMAN
ENSP00000306099	P02675	FIBB_HUMAN
ENSP00000372193	P51798	CLCN7_HUMAN
ENSP00000324404	Q9BT92	TCHP_HUMAN
ENSP00000305302	Q695T7	S6A19_HUMAN
ENSP00000367545	O15350	P73_HUMAN
ENSP00000240851	Q92734	TFG_HUMAN
ENSP00000301732	Q99758	ABCA3_HUMAN
ENSP00000310305	P41231	P2RY2_HUMAN
ENSP00000256857	P07492	GRP_HUMAN
ENSP00000379496	A0A0A0MS69	A0A0A0MS69_HUMAN
ENSP00000357998	Q9UGP8	SEC63_HUMAN
ENSP00000417960	Q9UFE4	CCD39_HUMAN
ENSP00000216492	P10645	CMGA_HUMAN
ENSP00000312664	P42575	CASP2_HUMAN
ENSP00000264187	P14543	NID1_HUMAN
ENSP00000378074	O00337	S28A1_HUMAN
ENSP00000194130	Q9BZW2	S13A1_HUMAN
ENSP00000435534	P32239	GASR_HUMAN
ENSP00000369497	P51587	BRCA2_HUMAN
ENSP00000330959	P27930	IL1R2_HUMAN
ENSP00000495557	P78508	KCJ10_HUMAN
ENSP00000385021	Q9NW38	FANCL_HUMAN
ENSP00000435770	Q9NQ33	ASCL3_HUMAN
ENSP00000367967	Q6UWM5	GPRL1_HUMAN
ENSP00000448071	O60669	MOT2_HUMAN
ENSP00000364349	Q99941	ATF6B_HUMAN
ENSP00000306497	P48050	KCNJ4_HUMAN
ENSP00000264047	Q9GZV3	SC5A7_HUMAN
ENSP00000346112	Q9UHW9	S12A6_HUMAN
ENSP00000220809	P00750	TPA_HUMAN
ENSP00000451129	G3V3A4	G3V3A4_HUMAN
ENSP00000225275	P05164	PERM_HUMAN
ENSP00000357727	P06702	S10A9_HUMAN
ENSP00000370213	P51793	CLCN4_HUMAN
ENSP00000317904	P13807	GYS1_HUMAN
ENSP00000458537	P40313	CTRL_HUMAN
ENSP00000365687	Q7RTS3	PTF1A_HUMAN
ENSP00000158771	Q9GZP9	DERL2_HUMAN
ENSP00000245312	Q12908	NTCP2_HUMAN
ENSP00000277903	Q14520	HABP2_HUMAN
ENSP00000430236	Q2TAA5	ALG11_HUMAN
ENSP00000355637	Q9NRK6	ABCBA_HUMAN
ENSP00000326671	Q86VL8	S47A2_HUMAN
ENSP00000261900	O60563	CCNT1_HUMAN
ENSP00000366641	P22732	GTR5_HUMAN
ENSP00000222812	Q16623	STX1A_HUMAN
ENSP00000265593	P51788	CLCN2_HUMAN
ENSP00000329933	Q96QT6	PHF12_HUMAN
ENSP00000290541	P28070	PSB4_HUMAN
ENSP00000391594	Q14264	ENR1_HUMAN
ENSP00000325954	Q6ZTQ4	CDHR3_HUMAN
ENSP00000260264	Q9UKI9	PO2F3_HUMAN
ENSP00000262160	Q15796	SMAD2_HUMAN
ENSP00000200676	P11597	CETP_HUMAN
ENSP00000427514	P49715	CEBPA_HUMAN
ENSP00000446100	Q8IY22	CMIP_HUMAN
ENSP00000005340	O14641	DVL2_HUMAN
ENSP00000421076	Q7Z4Y8	AT5L2_HUMAN
ENSP00000420174	P60508	SYCY2_HUMAN
ENSP00000435506	Q7Z5Q5	DPOLN_HUMAN
ENSP00000366395	Q86TM6	SYVN1_HUMAN
ENSP00000222823	Q9Y239	NOD1_HUMAN
ENSP00000472998	P08621	RU17_HUMAN
ENSP00000292599	Q92585	MAML1_HUMAN
ENSP00000369314	P35754	GLRX1_HUMAN
ENSP00000261200	O60706	ABCC9_HUMAN
ENSP00000229447	Q6PHW0	IYD1_HUMAN
ENSP00000386212	A5LHX3	PSB11_HUMAN
ENSP00000332756	Q8NB49	AT11C_HUMAN
ENSP00000378760	Q14764	MVP_HUMAN
ENSP00000007735	O76009	KT33A_HUMAN
ENSP00000450527	Q9BPY8	HOP_HUMAN
ENSP00000327251	P35228	NOS2_HUMAN
ENSP00000338039	Q92530	PSMF1_HUMAN
ENSP00000348069	P36956	SRBP1_HUMAN
ENSP00000306866	O95166	GBRAP_HUMAN
ENSP00000330696	Q99572	P2RX7_HUMAN
ENSP00000376432	P48048	KCNJ1_HUMAN
ENSP00000486361	P07108	ACBP_HUMAN
ENSP00000286628	Q12791	KCMA1_HUMAN
ENSP00000317790	Q9NRC6	SPTN5_HUMAN
ENSP00000217270	Q8NFJ6	PKR2_HUMAN
ENSP00000269081	Q8WWZ4	ABCAA_HUMAN
ENSP00000481006	P60201	MYPR_HUMAN
ENSP00000302552	A6NK44	GLOD5_HUMAN
ENSP00000349493	Q02747	GUC2A_HUMAN
ENSP00000374045	Q9C0G6	DYH6_HUMAN
ENSP00000399709	O76090	BEST1_HUMAN
ENSP00000326424	Q6IA69	NADE_HUMAN
ENSP00000304336	Q8WXC3	PYDC1_HUMAN
ENSP00000377192	P11413	G6PD_HUMAN
ENSP00000348573	Q99996	AKAP9_HUMAN
ENSP00000360170	Q9Y5C1	ANGL3_HUMAN
ENSP00000373700	Q9UM73	ALK_HUMAN
ENSP00000367817	O00592	PODXL_HUMAN
ENSP00000243389	Q7Z2H8	S36A1_HUMAN
ENSP00000265686	Q13488	VPP3_HUMAN
ENSP00000433295	P48544	KCNJ5_HUMAN
ENSP00000353720	P23141	EST1_HUMAN
ENSP00000261917	Q9Y3Q4	HCN4_HUMAN
ENSP00000430690	Q07654	TFF3_HUMAN
ENSP00000354995	P45844	ABCG1_HUMAN
ENSP00000384744	Q96Q80	DERL3_HUMAN
ENSP00000337332	Q8N6T7	SIR6_HUMAN
ENSP00000386444	P10523	ARRS_HUMAN
ENSP00000345193	A6NHU9	A6NHU9_HUMAN
ENSP00000364831	P51801	CLCKB_HUMAN
ENSP00000459962	Q8NER1	TRPV1_HUMAN
ENSP00000358814	O43865	SAHH2_HUMAN
ENSP00000401513	Q7RTU9	STRC_HUMAN
ENSP00000339804	Q969D9	TSLP_HUMAN
ENSP00000233969	Q9UBY0	SL9A2_HUMAN
ENSP00000315006	O43868	S28A2_HUMAN
ENSP00000252826	Q8TD43	TRPM4_HUMAN
ENSP00000167586	P02533	K1C14_HUMAN
ENSP00000338369	P08861	CEL3B_HUMAN
ENSP00000332973	P84022	SMAD3_HUMAN
ENSP00000293636	Q9UNI1	CELA1_HUMAN
ENSP00000351273	Q14790	CASP8_HUMAN
ENSP00000319635	P25025	CXCR2_HUMAN
ENSP00000366757	F8WD26	F8WD26_HUMAN
ENSP00000278407	P05155	IC1_HUMAN
ENSP00000478305	Q9NWM0	SMOX_HUMAN
ENSP00000352925	Q9Y4A5	TRRAP_HUMAN
ENSP00000495556	O60907	TBL1X_HUMAN
ENSP00000377003	P19075	TSN8_HUMAN
ENSP00000218104	P33897	ABCD1_HUMAN
ENSP00000329002	O00165	HAX1_HUMAN
ENSP00000340305	Q13404	UB2V1_HUMAN
ENSP00000297440	Q86Y56	DAAF5_HUMAN
ENSP00000358866	P21333	FLNA_HUMAN
ENSP00000263372	Q9Y257	KCNK6_HUMAN
ENSP00000247225	Q9BX95	SGPP1_HUMAN
ENSP00000463533	Q9H252	KCNH6_HUMAN
ENSP00000263433	Q9BZL4	PP12C_HUMAN
ENSP00000370744	Q14571	ITPR2_HUMAN
ENSP00000256497	Q92611	EDEM1_HUMAN
ENSP00000282561	P17302	CXA1_HUMAN
ENSP00000265849	P54278	PMS2_HUMAN
ENSP00000371829	O14599	VCY2_HUMAN
ENSP00000264784	Q9NRM0	GTR9_HUMAN
ENSP00000349722	P61077	UB2D3_HUMAN
ENSP00000498596	Q86WV6	STING_HUMAN
ENSP00000386331	Q13402	MYO7A_HUMAN
ENSP00000368646	Q13162	PRDX4_HUMAN
ENSP00000393417	P31944	CASPE_HUMAN
ENSP00000340836	Q92882	OSTF1_HUMAN
ENSP00000300688	O75964	ATP5L_HUMAN
ENSP00000294053	Q9H078	CLPB_HUMAN
ENSP00000339404	Q8N9N2	ASCC1_HUMAN
ENSP00000324810	Q96EY5	MB12A_HUMAN
ENSP00000326366	P49768	PSN1_HUMAN
ENSP00000265372	Q03060	CREM_HUMAN
ENSP00000361666	Q9Y694	S22A7_HUMAN
ENSP00000366682	A6NK06	IRG1_HUMAN
ENSP00000346437	O95352	ATG7_HUMAN
ENSP00000248444	P09327	VILI_HUMAN
ENSP00000304286	Q12951	FOXI1_HUMAN
ENSP00000498879	P13987	CD59_HUMAN
ENSP00000222248	Q92911	SC5A5_HUMAN
ENSP00000279027	Q8WWT9	S13A3_HUMAN
ENSP00000344314	O75665	OFD1_HUMAN
ENSP00000233954	Q01638	ILRL1_HUMAN
ENSP00000365770	P42898	MTHR_HUMAN
ENSP00000386156	Q9BRP8	PYM1_HUMAN
ENSP00000397082	Q8IWL2	SFTA1_HUMAN
ENSP00000233146	P43246	MSH2_HUMAN
ENSP00000328968	Q14524	SCN5A_HUMAN
ENSP00000260276	Q9H5F2	CFA68_HUMAN
ENSP00000488422	A0A0J9YXJ0	A0A0J9YXJ0_HUMAN
ENSP00000383232	P19440	GGT1_HUMAN
ENSP00000409126	Q4KMQ2	ANO6_HUMAN
ENSP00000238788	Q6NUQ4	TM214_HUMAN
ENSP00000496832	P05161	ISG15_HUMAN
ENSP00000337053	Q9UBV2	SE1L1_HUMAN
ENSP00000466090	P08246	ELNE_HUMAN
ENSP00000357389	Q9BRV3	SWET1_HUMAN
ENSP00000257430	P25054	APC_HUMAN
ENSP00000485028	Q9H3R2	MUC13_HUMAN
ENSP00000233809	P18065	IBP2_HUMAN
ENSP00000220853	Q15006	EMC2_HUMAN
ENSP00000305941	O75445	USH2A_HUMAN
ENSP00000427279	P19875	CXCL2_HUMAN
ENSP00000376276	Q01130	SRSF2_HUMAN
ENSP00000433209	P57764	GSDMD_HUMAN
ENSP00000377245	Q14145	KEAP1_HUMAN
ENSP00000282572	P22674	CCNO_HUMAN
ENSP00000260649	Q07837	SLC31_HUMAN
ENSP00000448219	P59533	T2R38_HUMAN
ENSP00000470788	P42701	I12R1_HUMAN
ENSP00000410964	O75477	ERLN1_HUMAN
ENSP00000491377	Q6P9F7	LRC8B_HUMAN
ENSP00000261707	P31645	SC6A4_HUMAN
ENSP00000276201	Q9BZI7	REN3B_HUMAN
ENSP00000301891	Q9NSA0	S22AB_HUMAN
ENSP00000376178	P32856	STX2_HUMAN
ENSP00000363643	P51582	P2RY4_HUMAN
ENSP00000293599	P55064	AQP5_HUMAN
ENSP00000448665	P35638	DDIT3_HUMAN
ENSP00000347507	P12883	MYH7_HUMAN
ENSP00000403768	Q9UDR5	AASS_HUMAN
ENSP00000362547	O43156	TTI1_HUMAN
ENSP00000356370	P82279	CRUM1_HUMAN
ENSP00000358089	Q01085	TIAR_HUMAN
ENSP00000263686	P16109	LYAM3_HUMAN
ENSP00000293303	Q6JEL2	KLH10_HUMAN
ENSP00000264276	Q96Q42	ALS2_HUMAN
ENSP00000450749	G3V2M4	G3V2M4_HUMAN
ENSP00000481633	A0A0C4DGW8	A0A0C4DGW8_HUMAN
ENSP00000376443	Q8WWZ7	ABCA5_HUMAN
ENSP00000345361	Q9BPX5	ARP5L_HUMAN
ENSP00000377355	Q17RL8	Q17RL8_HUMAN
ENSP00000371084	Q9Y2Q0	AT8A1_HUMAN
ENSP00000260947	Q99728	BARD1_HUMAN
ENSP00000251768	Q9BY07	S4A5_HUMAN
ENSP00000370034	Q9NYK1	TLR7_HUMAN
ENSP00000289932	Q8WWX8	SC5AB_HUMAN
ENSP00000469696	Q08493	PDE4C_HUMAN
ENSP00000477437	P48051	KCNJ6_HUMAN
ENSP00000483781	P0C7P0	CISD3_HUMAN
ENSP00000348278	Q9UEW8	STK39_HUMAN
ENSP00000292246	Q9NW15	ANO10_HUMAN
ENSP00000296327	Q86UW1	OSTA_HUMAN
ENSP00000305974	P46721	SO1A2_HUMAN
ENSP00000482568	Q96D31	ORAI1_HUMAN
ENSP00000424827	P46934	NEDD4_HUMAN
ENSP00000216336	P08311	CATG_HUMAN
ENSP00000379097	P15514	AREG_HUMAN
ENSP00000344155	Q9BZC7	ABCA2_HUMAN
ENSP00000381026	E9PGK7	E9PGK7_HUMAN
ENSP00000486574	Q9NZ09	UBAP1_HUMAN
ENSP00000311713	O95747	OXSR1_HUMAN
ENSP00000291526	Q03403	TFF2_HUMAN
ENSP00000460475	Q9C000	NLRP1_HUMAN
ENSP00000368683	P05305	EDN1_HUMAN
ENSP00000469240	O43633	CHM2A_HUMAN
ENSP00000262554	O15269	SPTC1_HUMAN
ENSP00000264033	P22681	CBL_HUMAN
ENSP00000380948	P05107	ITB2_HUMAN
ENSP00000294309	Q8NHX9	TPC2_HUMAN
ENSP00000382434	Q3MJ16	PA24E_HUMAN
ENSP00000344547	P06454	PTMA_HUMAN
ENSP00000346148	Q13131	AAPK1_HUMAN
ENSP00000265071	P55285	CADH6_HUMAN
ENSP00000413606	Q15833	STXB2_HUMAN
ENSP00000347379	Q16625	OCLN_HUMAN
ENSP00000375873	E7EVC7	E7EVC7_HUMAN
ENSP00000261304	P54803	GALC_HUMAN
ENSP00000357565	Q96AP4	ZUP1_HUMAN
ENSP00000377900	P07098	LIPF_HUMAN
ENSP00000444408	Q15758	AAAT_HUMAN
ENSP00000346659	Q04671	P_HUMAN
ENSP00000401445	O75460	ERN1_HUMAN
ENSP00000475939	Q96DT5	DYH11_HUMAN
ENSP00000266376	Q13936	CAC1C_HUMAN
ENSP00000342216	Q8IUA7	ABCA9_HUMAN
ENSP00000274024	P12104	FABPI_HUMAN
ENSP00000215754	P14174	MIF_HUMAN
ENSP00000324804	P30153	2AAA_HUMAN
ENSP00000354490	P50993	AT1A2_HUMAN
ENSP00000370408	Q99626	CDX2_HUMAN
ENSP00000178638	O43570	CAH12_HUMAN
ENSP00000470142	Q92900	RENT1_HUMAN
ENSP00000465734	P36021	MOT8_HUMAN
ENSP00000361281	Q8NFU0	BEST4_HUMAN
ENSP00000380252	Q16236	NF2L2_HUMAN
ENSP00000301825	O75355	ENTP3_HUMAN
ENSP00000380666	Q9UM01	YLAT1_HUMAN
ENSP00000342307	Q08050	FOXM1_HUMAN
ENSP00000297991	Q92482	AQP3_HUMAN
ENSP00000381740	Q9Y6F1	PARP3_HUMAN
ENSP00000367064	O60494	CUBN_HUMAN
ENSP00000378400	Q9UHB6	LIMA1_HUMAN
ENSP00000443256	Q9HBW0	LPAR2_HUMAN
ENSP00000302719	O43448	KCAB3_HUMAN
ENSP00000408526	P29218	IMPA1_HUMAN
ENSP00000005226	Q9Y6N9	USH1C_HUMAN
ENSP00000338348	P60604	UB2G2_HUMAN
ENSP00000261024	Q9NP59	S40A1_HUMAN
ENSP00000377681	Q13283	G3BP1_HUMAN
ENSP00000390564	O15375	MOT6_HUMAN
ENSP00000354357	P21266	GSTM3_HUMAN
ENSP00000380794	Q8WUX9	CHMP7_HUMAN
ENSP00000300098	O15218	ACKR5_HUMAN
ENSP00000359258	P48507	GSH0_HUMAN
ENSP00000300060	P15144	AMPN_HUMAN
ENSP00000290122	P09093	CEL3A_HUMAN
ENSP00000445340	Q8N695	SC5A8_HUMAN
ENSP00000253577	O75027	ABCB7_HUMAN
ENSP00000280551	O94855	SC24D_HUMAN
ENSP00000341551	Q13485	SMAD4_HUMAN
ENSP00000352257	P12956	XRCC6_HUMAN
ENSP00000369129	P15924	DESP_HUMAN
ENSP00000372155	Q06323	PSME1_HUMAN
ENSP00000357801	P60903	S10AA_HUMAN
ENSP00000353099	P01911	DRB1_HUMAN
ENSP00000297268	P08123	CO1A2_HUMAN
ENSP00000300900	P22748	CAH4_HUMAN
ENSP00000305651	P02778	CXL10_HUMAN
ENSP00000425107	O94817	ATG12_HUMAN
ENSP00000372295	P29033	CXB2_HUMAN
ENSP00000309052	Q8NEC5	CTSR1_HUMAN
ENSP00000497968	Q16552	IL17_HUMAN
ENSP00000339398	P01909	DQA1_HUMAN
ENSP00000369863	Q71RH2	TLC3B_HUMAN
ENSP00000274813	P22033	MUTA_HUMAN
ENSP00000341942	Q4VNC0	AT135_HUMAN
ENSP00000261367	Q9Y6H5	SNCAP_HUMAN
ENSP00000497896	O43520	AT8B1_HUMAN
ENSP00000451976	G3V4T6	G3V4T6_HUMAN
ENSP00000381607	P09211	GSTP1_HUMAN
ENSP00000341292	Q9H4A3	WNK1_HUMAN
ENSP00000384211	Q14997	PSME4_HUMAN
ENSP00000489829	A0A087WW63	A0A087WW63_HUMAN
ENSP00000242375	P51857	AK1D1_HUMAN
ENSP00000357459	P55265	DSRAD_HUMAN
ENSP00000381911	Q99712	KCJ15_HUMAN
ENSP00000231749	O75800	ZMY10_HUMAN
ENSP00000368266	O15481	MAGB4_HUMAN
ENSP00000438262	Q9UDY2	ZO2_HUMAN
ENSP00000406191	Q9HBA0	TRPV4_HUMAN
ENSP00000354952	Q9UQC2	GAB2_HUMAN
ENSP00000296027	P42830	CXCL5_HUMAN
ENSP00000478783	O94822	LTN1_HUMAN
ENSP00000233838	P38435	VKGC_HUMAN
ENSP00000348453	Q9NQ90	ANO2_HUMAN
ENSP00000473631	Q13217	DNJC3_HUMAN
ENSP00000360290	P54646	AAPK2_HUMAN
ENSP00000392398	O75715	GPX5_HUMAN
ENSP00000335357	Q16667	CDKN3_HUMAN
ENSP00000400101	Q9UJS0	S2513_HUMAN
ENSP00000419260	P48736	PK3CG_HUMAN
ENSP00000431984	P07384	CAN1_HUMAN
ENSP00000387694	Q9H2X9	S12A5_HUMAN
ENSP00000360217	Q02094	RHAG_HUMAN
ENSP00000358755	Q9BZP6	CHIA_HUMAN
ENSP00000294312	O95750	FGF19_HUMAN
ENSP00000442478	Q9UBI4	STML1_HUMAN
ENSP00000296695	P00995	ISK1_HUMAN
ENSP00000245304	P10114	RAP2A_HUMAN
ENSP00000354932	Q15399	TLR1_HUMAN
ENSP00000369317	P02538	K2C6A_HUMAN
ENSP00000482396	A0A087WZ62	A0A087WZ62_HUMAN
ENSP00000379383	Q9NRM1	ENAM_HUMAN
ENSP00000290649	Q9UKV5	AMFR_HUMAN
ENSP00000263967	P42336	PK3CA_HUMAN
ENSP00000362116	P20142	PEPC_HUMAN
ENSP00000322408	Q9BY66	KDM5D_HUMAN
ENSP00000387662	P01275	GLUC_HUMAN
ENSP00000228251	P16989	YBOX3_HUMAN
ENSP00000346240	Q9UK22	FBX2_HUMAN
ENSP00000341044	O00763	ACACB_HUMAN
ENSP00000493985	P01042	KNG1_HUMAN
ENSP00000373244	O95196	CSPG5_HUMAN
ENSP00000363079	P11226	MBL2_HUMAN
ENSP00000272286	Q9H221	ABCG8_HUMAN
ENSP00000262659	Q9NUG4	CCM2L_HUMAN
ENSP00000264161	P14868	SYDC_HUMAN
ENSP00000351957	Q14432	PDE3A_HUMAN
ENSP00000444503	Q9HB31	SEBOX_HUMAN
ENSP00000295683	P25024	CXCR1_HUMAN
ENSP00000244745	Q06945	SOX4_HUMAN
ENSP00000426359	D6RGH6	MCIN_HUMAN
ENSP00000423822	Q8TED1	GPX8_HUMAN
ENSP00000282516	Q6KC79	NIPBL_HUMAN
ENSP00000327145	Q14315	FLNC_HUMAN
ENSP00000244527	Q14916	NPT1_HUMAN
ENSP00000238738	P17081	RHOQ_HUMAN
ENSP00000378920	Q9BXS9	S26A6_HUMAN
ENSP00000337060	P15531	NDKA_HUMAN
ENSP00000283916	O60235	TM11D_HUMAN
ENSP00000305372	P07550	ADRB2_HUMAN
ENSP00000313921	Q9UJ68	MSRA_HUMAN
ENSP00000370990	O15266	SHOX_HUMAN
ENSP00000379438	P07911	UROM_HUMAN
ENSP00000262418	P02730	B3AT_HUMAN
ENSP00000363500	Q9Y696	CLIC4_HUMAN
ENSP00000356825	Q96PN6	ADCYA_HUMAN
ENSP00000441065	P53985	MOT1_HUMAN
ENSP00000337383	A0A7I2R3P8	A0A7I2R3P8_HUMAN
ENSP00000362238	Q8WVV4	POF1B_HUMAN
ENSP00000267101	P21860	ERBB3_HUMAN
ENSP00000261888	Q8N5Y8	PAR16_HUMAN
ENSP00000297494	P29474	NOS3_HUMAN
ENSP00000356545	Q15878	CAC1E_HUMAN
ENSP00000494684	Q8TDI8	TMC1_HUMAN
ENSP00000366275	Q6P4Q7	CNNM4_HUMAN
ENSP00000409346	Q9NSE2	CISH_HUMAN
ENSP00000353785	O94811	TPPP_HUMAN
ENSP00000498610	Q99808	S29A1_HUMAN
ENSP00000415090	Q6PIF6	MYO7B_HUMAN
ENSP00000360730	P78552	I13R1_HUMAN
ENSP00000229554	Q5TD94	RSH4A_HUMAN
ENSP00000342143	Q5T2W1	NHRF3_HUMAN
ENSP00000456348	Q2NL67	PARP6_HUMAN
ENSP00000269346	Q9BSA4	TTYH2_HUMAN
ENSP00000456019	Q9Y6N5	SQOR_HUMAN
ENSP00000383199	Q96PU5	NED4L_HUMAN
ENSP00000268122	Q9UBD6	RHCG_HUMAN
ENSP00000262209	O75762	TRPA1_HUMAN
ENSP00000372127	P0C7P1	RBY1D_HUMAN
ENSP00000011292	P15085	CBPA1_HUMAN
ENSP00000361400	Q8IWL1	SFPA2_HUMAN
ENSP00000354394	P42224	STAT1_HUMAN
ENSP00000393847	O15496	PA2GX_HUMAN
ENSP00000320485	O14497	ARI1A_HUMAN
ENSP00000354923	P11532	DMD_HUMAN
ENSP00000395708	O95398	RPGF3_HUMAN
ENSP00000379133	Q96GX9	MTNB_HUMAN
ENSP00000371067	O60674	JAK2_HUMAN
ENSP00000276914	Q99541	PLIN2_HUMAN
ENSP00000497008	Q8IVH4	MMAA_HUMAN
ENSP00000356213	P01282	VIP_HUMAN
ENSP00000335024	Q86U17	SPA11_HUMAN
ENSP00000332293	Q99929	ASCL2_HUMAN
ENSP00000483570	Q06187	BTK_HUMAN
ENSP00000228468	P78348	ASIC1_HUMAN
ENSP00000341765	Q9BXB7	SPT16_HUMAN
ENSP00000308339	Q96JE7	SC16B_HUMAN
ENSP00000457411	Q14694	UBP10_HUMAN
ENSP00000229307	Q9H9S0	NANOG_HUMAN
ENSP00000309504	Q8TE54	S26A7_HUMAN
ENSP00000377724	Q8N138	ORML3_HUMAN
ENSP00000390535	F8WBA3	F8WBA3_HUMAN
ENSP00000478026	A0A087WTN9	A0A087WTN9_HUMAN
ENSP00000420387	P98196	AT11A_HUMAN
ENSP00000399229	Q9BRK3	MXRA8_HUMAN
ENSP00000456868	A0A075B734	AQP7B_HUMAN
ENSP00000318770	Q8NBQ7	AQP11_HUMAN
ENSP00000312286	P04054	PA21B_HUMAN
ENSP00000390265	O75874	IDHC_HUMAN
ENSP00000358072	Q9H1Y0	ATG5_HUMAN
ENSP00000385905	P24855	DNAS1_HUMAN
ENSP00000384513	Q9H222	ABCG5_HUMAN
ENSP00000329926	Q8IU99	CAHM1_HUMAN
ENSP00000352992	Q96L15	NAR5_HUMAN
ENSP00000385763	Q14914	PTGR1_HUMAN
ENSP00000262965	P15923	TFE2_HUMAN
ENSP00000290650	Q8IWV7	UBR1_HUMAN
ENSP00000339182	Q4VNC1	AT134_HUMAN
ENSP00000373952	O15360	FANCA_HUMAN
ENSP00000370503	Q9BSQ5	CCM2_HUMAN
ENSP00000382783	P56748	CLD8_HUMAN
ENSP00000317468	Q96FZ7	CHMP6_HUMAN
ENSP00000418960	P38398	BRCA1_HUMAN
ENSP00000303963	Q6GPI1	CTRB2_HUMAN
ENSP00000386896	P23229	ITA6_HUMAN
ENSP00000363435	Q14573	ITPR3_HUMAN
ENSP00000258962	Q07955	SRSF1_HUMAN
ENSP00000463069	Q68DV7	RNF43_HUMAN
ENSP00000370119	Q16637	SMN_HUMAN
ENSP00000400010	Q12913	PTPRJ_HUMAN
ENSP00000420608	Q8N766	EMC1_HUMAN
ENSP00000359376	Q9BYT1	S17A9_HUMAN
ENSP00000436975	Q8N9W5	DAAF3_HUMAN
ENSP00000343412	Q9NXR7	BABA2_HUMAN
ENSP00000243924	P19957	ELAF_HUMAN
ENSP00000323872	Q96G91	P2Y11_HUMAN
ENSP00000376886	P22392	NDKB_HUMAN
ENSP00000298545	Q96MA6	KAD8_HUMAN
ENSP00000292513	P34995	PE2R1_HUMAN
ENSP00000495537	Q92834	RPGR_HUMAN
ENSP00000438804	F5H0K0	F5H0K0_HUMAN
ENSP00000406861	Q6W4X9	MUC6_HUMAN
ENSP00000463778	Q14500	KCJ12_HUMAN
ENSP00000385080	P16930	FAAA_HUMAN
ENSP00000326170	Q8WZ73	RFFL_HUMAN
ENSP00000259339	O14657	TOR1B_HUMAN
ENSP00000326253	Q9BSG5	RTBDN_HUMAN
ENSP00000301365	Q8NET8	TRPV3_HUMAN
ENSP00000338934	P15311	EZRI_HUMAN
ENSP00000268129	P08910	ABHD2_HUMAN
ENSP00000224140	Q7Z333	SETX_HUMAN
ENSP00000407586	P01112	RASH_HUMAN
ENSP00000302716	Q685J3	MUC17_HUMAN
ENSP00000384264	P29973	CNGA1_HUMAN
ENSP00000478771	P0CG47	UBB_HUMAN
ENSP00000382770	A8MYU2	KCNU1_HUMAN
ENSP00000312987	P41235	HNF4A_HUMAN
ENSP00000260453	Q8NEH6	MNS1_HUMAN
ENSP00000263339	P01583	IL1A_HUMAN
ENSP00000263735	P16422	EPCAM_HUMAN
ENSP00000355771	A8MQ02	A8MQ02_HUMAN
ENSP00000376637	P05019	IGF1_HUMAN
ENSP00000315931	Q96HN2	SAHH3_HUMAN
ENSP00000373489	P05783	K1C18_HUMAN
ENSP00000354964	Q5VUA4	ZN318_HUMAN
ENSP00000369154	O15198	SMAD9_HUMAN
ENSP00000222693	P51636	CAV2_HUMAN
ENSP00000264649	Q93050	VPP1_HUMAN
ENSP00000361608	Q5T3U5	MRP7_HUMAN
ENSP00000372191	Q9NTG7	SIR3_HUMAN
ENSP00000316152	P11686	PSPC_HUMAN
ENSP00000307342	O60741	HCN1_HUMAN
ENSP00000265074	P17342	ANPRC_HUMAN
ENSP00000384477	O00458	IFRD1_HUMAN
ENSP00000377971	A0A499FJM0	A0A499FJM0_HUMAN
ENSP00000446916	Q8IYP2	PRS58_HUMAN
ENSP00000354720	Q9UQE7	SMC3_HUMAN
ENSP00000323926	Q7Z2W7	TRPM8_HUMAN
ENSP00000280357	Q14116	IL18_HUMAN
ENSP00000319705	Q1HG44	DOXA2_HUMAN
ENSP00000316357	Q93008	USP9X_HUMAN
ENSP00000310208	Q9Y289	SC5A6_HUMAN
ENSP00000253122	P48029	SC6A8_HUMAN
ENSP00000381968	Q9NUV7	SPTC3_HUMAN
ENSP00000349396	O14678	ABCD4_HUMAN
ENSP00000349003	P43115	PE2R3_HUMAN
ENSP00000426809	O43490	PROM1_HUMAN
ENSP00000417498	Q99102	MUC4_HUMAN
ENSP00000417498	E9PDY6	E9PDY6_HUMAN
ENSP00000265565	Q12770	SCAP_HUMAN
ENSP00000357494	P08922	ROS1_HUMAN
ENSP00000259253	Q9NYU2	UGGG1_HUMAN
ENSP00000271636	Q9P2M7	CING_HUMAN
ENSP00000272324	Q6UW15	REG3G_HUMAN
ENSP00000440125	F5GY05	F5GY05_HUMAN
ENSP00000262304	P98161	PKD1_HUMAN
ENSP00000410186	Q5TCS8	KAD9_HUMAN
ENSP00000435835	Q9NZC4	EHF_HUMAN
ENSP00000394888	Q8NF50	DOCK8_HUMAN
ENSP00000337688	Q99442	SEC62_HUMAN
ENSP00000331915	Q8N5W9	RFLB_HUMAN
ENSP00000302620	P21549	AGT1_HUMAN
ENSP00000307235	Q9NZJ5	E2AK3_HUMAN
ENSP00000244020	Q13247	SRSF6_HUMAN
ENSP00000278616	Q13315	ATM_HUMAN
ENSP00000222256	P20336	RAB3A_HUMAN
ENSP00000334928	P23467	PTPRB_HUMAN
ENSP00000301945	Q9H6X2	ANTR1_HUMAN
ENSP00000275216	Q96RJ0	TAAR1_HUMAN
ENSP00000339933	P30613	KPYR_HUMAN
ENSP00000402152	P55017	S12A3_HUMAN
ENSP00000417569	H0Y860	H0Y860_HUMAN
ENSP00000331358	P01350	GAST_HUMAN
ENSP00000483254	O14979	HNRDL_HUMAN
ENSP00000496129	P05771	KPCB_HUMAN
ENSP00000346251	Q9NP55	BPIA1_HUMAN
ENSP00000356969	P02652	APOA2_HUMAN
ENSP00000385300	P56746	CLD15_HUMAN
ENSP00000352163	Q6UXB3	LYPD2_HUMAN
ENSP00000308122	Q9HBG4	VPP4_HUMAN
ENSP00000353770	P31350	RIR2_HUMAN
ENSP00000476312	Q7RTS1	BHA15_HUMAN
ENSP00000351314	P40306	PSB10_HUMAN
ENSP00000293662	Q7Z6J2	GRASP_HUMAN
ENSP00000338887	Q7L1W4	LRC8D_HUMAN
ENSP00000357051	P40855	PEX19_HUMAN
ENSP00000256958	Q9Y6L6	SO1B1_HUMAN
ENSP00000254436	P19474	RO52_HUMAN
ENSP00000332656	Q6UWV6	ENPP7_HUMAN
ENSP00000314484	Q8N635	MEIOB_HUMAN
ENSP00000313377	Q9BZ23	PANK2_HUMAN
ENSP00000270349	Q01959	SC6A3_HUMAN
ENSP00000470801	Q9UN76	S6A14_HUMAN
ENSP00000378897	Q9NR71	ASAH2_HUMAN
ENSP00000321106	P20366	TKN1_HUMAN
ENSP00000346298	Q9NP91	S6A20_HUMAN
ENSP00000303540	P35498	SCN1A_HUMAN
ENSP00000457807	B7U540	KCJ18_HUMAN
ENSP00000360973	P50052	AGTR2_HUMAN
ENSP00000348708	Q9HAU5	RENT2_HUMAN
ENSP00000397863	Q6ZMJ4	IL34_HUMAN
ENSP00000425556	Q8WX93	PALLD_HUMAN
ENSP00000243052	Q01064	PDE1B_HUMAN
ENSP00000411532	P11388	TOP2A_HUMAN
ENSP00000368771	Q02505	MUC3A_HUMAN
ENSP00000265354	P11831	SRF_HUMAN
ENSP00000267202	Q9H9H4	VP37B_HUMAN
ENSP00000354581	P59796	GPX6_HUMAN
ENSP00000264832	P05362	ICAM1_HUMAN
ENSP00000480966	Q15077	P2RY6_HUMAN
ENSP00000360561	Q5MY95	ENTP8_HUMAN
ENSP00000441929	Q9UKN1	MUC12_HUMAN
ENSP00000264399	Q13237	KGP2_HUMAN
ENSP00000274520	P15248	IL9_HUMAN
ENSP00000338276	P54107	CRIS1_HUMAN
ENSP00000354610	P19961	AMY2B_HUMAN
ENSP00000486891	Q9NQB0	TF7L2_HUMAN
ENSP00000326272	Q12952	FOXL1_HUMAN
ENSP00000363149	O95238	SPDEF_HUMAN
ENSP00000366654	P23280	CAH6_HUMAN
ENSP00000357711	P31151	S10A7_HUMAN
ENSP00000426191	O75943	RAD17_HUMAN
ENSP00000363068	A2A3D8	A2A3D8_HUMAN
ENSP00000216181	P35579	MYH9_HUMAN
ENSP00000393392	Q9UBC5	MYO1A_HUMAN
ENSP00000345731	Q12959	DLG1_HUMAN
ENSP00000249396	Q8IXJ6	SIR2_HUMAN
ENSP00000356150	O15151	MDM4_HUMAN
ENSP00000446007	P08670	VIME_HUMAN
ENSP00000430620	Q9BQS7	HEPH_HUMAN
ENSP00000482169	P07196	NFL_HUMAN
ENSP00000262030	P06576	ATPB_HUMAN
ENSP00000200652	Q9H015	S22A4_HUMAN
ENSP00000339191	Q03135	CAV1_HUMAN
ENSP00000199280	P41181	AQP2_HUMAN
ENSP00000234396	P15313	VATB1_HUMAN
ENSP00000289547	Q9UHC9	NPCL1_HUMAN
ENSP00000478059	G0XQ39	G0XQ39_HUMAN
ENSP00000265104	Q8TE73	DYH5_HUMAN
ENSP00000316628	Q8N8N0	RN152_HUMAN
ENSP00000234347	P24158	PRTN3_HUMAN
ENSP00000353408	P26038	MOES_HUMAN
ENSP00000467271	O94911	ABCA8_HUMAN
ENSP00000379111	P24394	IL4RA_HUMAN
ENSP00000382342	P33527	MRP1_HUMAN
ENSP00000374265	P18283	GPX2_HUMAN
ENSP00000497767	P05062	ALDOB_HUMAN
ENSP00000405812	Q2Y0W8	S4A8_HUMAN
ENSP00000269289	Q9H091	ZMY15_HUMAN
ENSP00000451974	O43542	XRCC3_HUMAN
ENSP00000440288	Q9NP78	ABCB9_HUMAN
ENSP00000495750	P48637	GSHB_HUMAN
ENSP00000283415	Q8NF37	PCAT1_HUMAN
ENSP00000264639	O43242	PSMD3_HUMAN
ENSP00000369411	P40938	RFC3_HUMAN
ENSP00000262457	Q9Y283	INVS_HUMAN
ENSP00000479953	Q6NSJ5	LRC8E_HUMAN
ENSP00000244336	P31997	CEAM8_HUMAN
ENSP00000037243	P60520	GBRL2_HUMAN
ENSP00000420194	P41180	CASR_HUMAN
ENSP00000404570	Q9UKX3	MYH13_HUMAN
ENSP00000371715	Q96DA0	PAUF_HUMAN
ENSP00000176195	P09683	SECR_HUMAN
ENSP00000358784	P22001	KCNA3_HUMAN
ENSP00000297988	O14520	AQP7_HUMAN
ENSP00000433488	Q01543	FLI1_HUMAN
ENSP00000364080	Q5SU54	Q5SU54_HUMAN
ENSP00000355627	P01019	ANGT_HUMAN
ENSP00000265734	Q00534	CDK6_HUMAN
ENSP00000265723	P21439	MDR3_HUMAN
ENSP00000434516	Q16881	TRXR1_HUMAN
ENSP00000264938	P48764	SL9A3_HUMAN
ENSP00000223366	P35557	HXK4_HUMAN
ENSP00000470478	M0QZD8	M0QZD8_HUMAN
ENSP00000316176	P61088	UBE2N_HUMAN
ENSP00000304767	P47900	P2RY1_HUMAN
ENSP00000433138	P29466	CASP1_HUMAN
ENSP00000410309	P54750	PDE1A_HUMAN
ENSP00000498282	Q8WZ55	BSND_HUMAN
ENSP00000352738	Q9UN86	G3BP2_HUMAN
ENSP00000354900	P08034	CXB1_HUMAN
ENSP00000376436	P14921	ETS1_HUMAN
ENSP00000430950	P14902	I23O1_HUMAN
ENSP00000281171	Q16827	PTPRO_HUMAN
ENSP00000373696	Q14669	TRIPC_HUMAN
ENSP00000303158	Q9H0W5	CCDC8_HUMAN
ENSP00000349595	O14983	AT2A1_HUMAN
ENSP00000375849	Q8NHW6	OTOSP_HUMAN
ENSP00000252321	P22460	KCNA5_HUMAN
ENSP00000357342	Q9P1Z3	HCN3_HUMAN
ENSP00000387362	Q14139	UBE4A_HUMAN
ENSP00000371724	O14599	VCY2_HUMAN
ENSP00000302324	P12724	ECP_HUMAN
ENSP00000501053	P51828	ADCY7_HUMAN
ENSP00000354772	Q9H7P6	MB12B_HUMAN
ENSP00000385347	Q6NXT6	TAPT1_HUMAN
ENSP00000438483	P52292	IMA1_HUMAN
ENSP00000465356	P02654	APOC1_HUMAN
ENSP00000211122	Q16772	GSTA3_HUMAN
ENSP00000378516	Q8NGF6	O10W1_HUMAN
ENSP00000320886	Q9NP71	MLXPL_HUMAN
ENSP00000243077	Q07954	LRP1_HUMAN
ENSP00000464788	K7EIK6	K7EIK6_HUMAN
ENSP00000363161	Q5VZI3	TM268_HUMAN
ENSP00000421315	K7N7A8	K7N7A8_HUMAN
ENSP00000378731	P09972	ALDOC_HUMAN
ENSP00000248071	Q9Y5W3	KLF2_HUMAN
ENSP00000417052	Q15125	EBP_HUMAN
ENSP00000370803	O43303	CP110_HUMAN
ENSP00000259466	Q8NGR5	OR1L4_HUMAN
ENSP00000366299	Q9BZJ4	S2539_HUMAN
ENSP00000309036	J3KNG2	J3KNG2_HUMAN
ENSP00000231887	Q08426	ECHP_HUMAN
ENSP00000410758	Q9Y4Y9	LSM5_HUMAN
ENSP00000494352	Q06136	KDSR_HUMAN
ENSP00000376565	Q9BVT8	TMUB1_HUMAN
ENSP00000382327	Q9NRG7	D39U1_HUMAN
ENSP00000311224	Q86TX2	ACOT1_HUMAN
ENSP00000356853	Q9BZX2	UCK2_HUMAN
ENSP00000430338	Q75QN2	INT8_HUMAN
ENSP00000296333	Q8TBF5	PIGX_HUMAN
ENSP00000296333	H0Y2P9	H0Y2P9_HUMAN
ENSP00000267377	P30872	SSR1_HUMAN
ENSP00000256495	O14503	BHE40_HUMAN
ENSP00000377845	P08243	ASNS_HUMAN
ENSP00000291565	O00764	PDXK_HUMAN
ENSP00000275072	Q8IYS1	P20D2_HUMAN
ENSP00000233596	Q96HR9	REEP6_HUMAN
ENSP00000327025	P51449	RORG_HUMAN
ENSP00000346155	Q9NWZ5	UCKL1_HUMAN
ENSP00000386856	J3KQ40	J3KQ40_HUMAN
ENSP00000370129	P52895	AK1C2_HUMAN
ENSP00000301391	Q8WUJ1	NEUFC_HUMAN
ENSP00000349877	Q9HD20	AT131_HUMAN
ENSP00000264834	Q13351	KLF1_HUMAN
ENSP00000357787	P10746	HEM4_HUMAN
ENSP00000344392	J3KNW5	J3KNW5_HUMAN
ENSP00000216180	Q9NST1	PLPL3_HUMAN
ENSP00000411012	Q92636	FAN_HUMAN
ENSP00000345702	P23511	NFYA_HUMAN
ENSP00000341564	Q6ZVX9	PAQR9_HUMAN
ENSP00000498524	A0A494C0F3	A0A494C0F3_HUMAN
ENSP00000379682	P02810	PRPC_HUMAN
ENSP00000301729	P42126	ECI1_HUMAN
ENSP00000338093	A2RTX5	SYTC2_HUMAN
ENSP00000365210	Q8WWL7	CCNB3_HUMAN
ENSP00000405012	A0AA75ISB7	A0AA75ISB7_HUMAN
ENSP00000278193	Q9NUP9	LIN7C_HUMAN
ENSP00000238651	P49753	ACOT2_HUMAN
ENSP00000340684	P21397	AOFA_HUMAN
ENSP00000371307	Q8IY26	PLPP6_HUMAN
ENSP00000355955	Q9UMX5	NENF_HUMAN
ENSP00000479168	A0A087WV42	A0A087WV42_HUMAN
ENSP00000264956	P57679	EVC_HUMAN
ENSP00000278829	Q9Y5Q0	FADS3_HUMAN
ENSP00000405841	B4DGP2	B4DGP2_HUMAN
ENSP00000235835	O43488	ARK72_HUMAN
ENSP00000303634	Q14114	LRP8_HUMAN
ENSP00000498867	Q15031	SYLM_HUMAN
ENSP00000264005	P04180	LCAT_HUMAN
ENSP00000316729	Q9H4E5	RHOJ_HUMAN
ENSP00000205402	P09622	DLDH_HUMAN
ENSP00000444565	Q71RG4	TMUB2_HUMAN
ENSP00000222462	Q9UBV4	WNT16_HUMAN
ENSP00000296059	Q96CE8	T4S18_HUMAN
ENSP00000477707	B4DXU5	B4DXU5_HUMAN
ENSP00000322229	A0A0A0MR51	A0A0A0MR51_HUMAN
ENSP00000245787	Q9Y5U4	INSI2_HUMAN
ENSP00000498065	P35218	CAH5A_HUMAN
ENSP00000349781	Q0IIM8	TBC8B_HUMAN
ENSP00000400500	Q7Z6K1	THAP5_HUMAN
ENSP00000314099	Q9Y2D0	CAH5B_HUMAN
ENSP00000363397	Q16739	CEGT_HUMAN
ENSP00000387710	P26639	SYTC_HUMAN
ENSP00000358719	P48163	MAOX_HUMAN
ENSP00000267102	Q6UX01	LMBRL_HUMAN
ENSP00000362674	Q9BY41	HDAC8_HUMAN
ENSP00000401720	P32189	GLPK_HUMAN
ENSP00000321070	P23368	MAOM_HUMAN
ENSP00000385689	Q6IC98	GRAM4_HUMAN
ENSP00000398890	P28068	DMB_HUMAN
ENSP00000369786	O00625	PIR_HUMAN
ENSP00000391498	Q96T55	KCNKG_HUMAN
ENSP00000232607	P11172	UMPS_HUMAN
ENSP00000314036	Q9NRZ5	PLCD_HUMAN
ENSP00000260102	Q9P015	RM15_HUMAN
ENSP00000379865	Q8IWW8	HOT_HUMAN
ENSP00000216780	Q16822	PCKGM_HUMAN
ENSP00000442050	Q99447	PCY2_HUMAN
ENSP00000478767	Q96SB3	NEB2_HUMAN
ENSP00000268383	Q01850	CDR2_HUMAN
ENSP00000329040	Q3ZCQ3	F174B_HUMAN
ENSP00000241337	P28161	GSTM2_HUMAN
ENSP00000405987	A4D1F6	LRRD1_HUMAN
ENSP00000314556	Q9BZF9	UACA_HUMAN
ENSP00000299824	Q96T49	PP16B_HUMAN
ENSP00000253801	P35575	G6PC1_HUMAN
ENSP00000216122	P33992	MCM5_HUMAN
ENSP00000261596	Q92539	LPIN2_HUMAN
ENSP00000326305	O43772	MCAT_HUMAN
ENSP00000230056	O75496	GEMI_HUMAN
ENSP00000359911	Q9Y3L5	RAP2C_HUMAN
ENSP00000260116	P49638	TTPA_HUMAN
ENSP00000391481	P29401	TKT_HUMAN
ENSP00000312017	Q8TBR7	TLC3A_HUMAN
ENSP00000349732	Q9UK00	CC018_HUMAN
ENSP00000360002	O15217	GSTA4_HUMAN
ENSP00000276651	Q14117	DPYS_HUMAN
ENSP00000240055	P25208	NFYB_HUMAN
ENSP00000376303	Q8TCG5	CPT1C_HUMAN
ENSP00000429808	Q9Y5H8	PCDA3_HUMAN
ENSP00000330051	Q8IWD5	MFS6L_HUMAN
ENSP00000376609	P34947	GRK5_HUMAN
ENSP00000347655	P43250	GRK6_HUMAN
ENSP00000377796	Q6UX53	TMT1B_HUMAN
ENSP00000333664	P09110	THIK_HUMAN
ENSP00000416002	P78381	S35A2_HUMAN
ENSP00000453129	Q01415	GALK2_HUMAN
ENSP00000282276	Q96GW9	SYMM_HUMAN
ENSP00000352676	Q9UGI0	ZRAN1_HUMAN
ENSP00000358482	Q93033	IGSF2_HUMAN
ENSP00000317382	Q6YBV0	S36A4_HUMAN
ENSP00000277865	P00367	DHE3_HUMAN
ENSP00000428338	Q99619	SPSB2_HUMAN
ENSP00000481625	A0A087WY96	A0A087WY96_HUMAN
ENSP00000244763	P43307	SSRA_HUMAN
ENSP00000325548	Q96KP4	CNDP2_HUMAN
ENSP00000265641	P50416	CPT1A_HUMAN
ENSP00000381984	Q96P16	RPR1A_HUMAN
ENSP00000250457	Q9H6Z9	EGLN3_HUMAN
ENSP00000416696	Q4ADV7	RIC1_HUMAN
ENSP00000242827	Q9BY08	EBPL_HUMAN
ENSP00000325546	Q6DJT9	PLAG1_HUMAN
ENSP00000376840	P07738	PMGE_HUMAN
ENSP00000397908	Q14693	LPIN1_HUMAN
ENSP00000497280	Q53H12	AGK_HUMAN
ENSP00000468232	P0C7I6	CC159_HUMAN
ENSP00000335325	Q6ZRK6	CCD73_HUMAN
ENSP00000337838	Q9NQC3	RTN4_HUMAN
ENSP00000379011	Q92523	CPT1B_HUMAN
ENSP00000346635	Q86YB8	ERO1B_HUMAN
ENSP00000361524	Q9NZ63	TLS1_HUMAN
ENSP00000313121	Q9Y5W7	SNX14_HUMAN
ENSP00000358548	P01111	RASN_HUMAN
ENSP00000216420	Q99675	CGRF1_HUMAN
ENSP00000282507	Q3SY77	UD3A2_HUMAN
ENSP00000368686	Q16254	E2F4_HUMAN
ENSP00000326813	Q5VVQ6	OTU1_HUMAN
ENSP00000378877	Q99943	PLCA_HUMAN
ENSP00000281030	Q92748	THRSP_HUMAN
ENSP00000332530	Q5VYX0	RNLS_HUMAN
ENSP00000285093	P42765	THIM_HUMAN
ENSP00000346874	Q8WVX9	FACR1_HUMAN
ENSP00000338703	Q16851	UGPA_HUMAN
ENSP00000338171	Q86WV1	SKAP1_HUMAN
ENSP00000357156	O43866	CD5L_HUMAN
ENSP00000379839	Q9Y223	GLCNE_HUMAN
ENSP00000386597	Q9H3H5	GPT_HUMAN
ENSP00000420826	A0A4W8X8U3	A0A4W8X8U3_HUMAN
ENSP00000482202	Q7Z7B1	PIGW_HUMAN
ENSP00000428055	E5RFL4	E5RFL4_HUMAN
ENSP00000432688	Q3MUY2	PIGY_HUMAN
ENSP00000264952	Q8WTQ7	GRK7_HUMAN
ENSP00000264606	P56524	HDAC4_HUMAN
ENSP00000225726	Q96A33	CCD47_HUMAN
ENSP00000270800	Q8N6P7	I22R1_HUMAN
ENSP00000225983	Q9UQL6	HDAC5_HUMAN
ENSP00000219066	P78549	NTH_HUMAN
ENSP00000346265	O00445	SYT5_HUMAN
ENSP00000264663	Q13423	NNTM_HUMAN
ENSP00000291539	O76083	PDE9A_HUMAN
ENSP00000367787	P49916	DNLI3_HUMAN
ENSP00000307241	P11177	ODPB_HUMAN
ENSP00000216106	Q9UGU5	HMGX4_HUMAN
ENSP00000477602	Q9BW60	ELOV1_HUMAN
ENSP00000265838	P24752	THIL_HUMAN
ENSP00000308369	Q9Y2U8	MAN1_HUMAN
ENSP00000269848	P17858	PFKAL_HUMAN
ENSP00000428288	Q9UN71	PCDGG_HUMAN
ENSP00000282841	O95749	GGPPS_HUMAN
ENSP00000347444	Q8NHU6	TDRD7_HUMAN
ENSP00000339976	Q15573	TAF1A_HUMAN
ENSP00000375978	P13010	XRCC5_HUMAN
ENSP00000210444	Q9NR45	SIAS_HUMAN
ENSP00000422907	Q6P1K8	T2H2L_HUMAN
ENSP00000337510	Q9UH90	FBX40_HUMAN
ENSP00000320634	Q9UIG8	SO3A1_HUMAN
ENSP00000316476	O15121	DEGS1_HUMAN
ENSP00000387882	Q8N9U0	TAC2N_HUMAN
ENSP00000466259	P53396	ACLY_HUMAN
ENSP00000438040	Q7Z6B0	CCD91_HUMAN
ENSP00000359532	P30989	NTR1_HUMAN
ENSP00000296632	Q96DR4	STAR4_HUMAN
ENSP00000344352	P18847	ATF3_HUMAN
ENSP00000381654	Q8TB92	HMGC2_HUMAN
ENSP00000351706	Q14410	GLPK2_HUMAN
ENSP00000230048	Q9NPJ3	ACO13_HUMAN
ENSP00000368017	O60293	ZC3H1_HUMAN
ENSP00000261438	P57682	KLF3_HUMAN
ENSP00000278840	O95864	FADS2_HUMAN
ENSP00000427679	E9PBP6	E9PBP6_HUMAN
ENSP00000367739	Q8IZ57	NRSN1_HUMAN
ENSP00000445440	Q16816	PHKG1_HUMAN
ENSP00000315137	Q8IWX5	SGPP2_HUMAN
ENSP00000379042	Q96HE7	ERO1A_HUMAN
ENSP00000349298	Q8WY64	MYLIP_HUMAN
ENSP00000280871	Q96QE2	MYCT_HUMAN
ENSP00000324557	Q8NG81	OR2M7_HUMAN
ENSP00000216271	Q969S8	HDA10_HUMAN
ENSP00000298375	Q96JD6	AKCL2_HUMAN
ENSP00000474560	Q16836	HCDH_HUMAN
ENSP00000378105	Q9H5J4	ELOV6_HUMAN
ENSP00000278618	Q9NRN7	ADPPT_HUMAN
ENSP00000484135	A8K830	OCAT2_HUMAN
ENSP00000448785	Q9H8H3	TMT1A_HUMAN
ENSP00000243786	P05111	INHA_HUMAN
ENSP00000307126	Q6QHC5	DEGS2_HUMAN
ENSP00000219345	Q8NCC3	PAG15_HUMAN
ENSP00000500386	Q9UQM7	KCC2A_HUMAN
ENSP00000406050	A5X5Y0	5HT3E_HUMAN
ENSP00000339659	Q9C040	TRIM2_HUMAN
ENSP00000337512	Q8IYT2	CMTR2_HUMAN
ENSP00000318912	Q8N1Q1	CAH13_HUMAN
ENSP00000345659	P43166	CAH7_HUMAN
ENSP00000377954	Q9P2J5	SYLC_HUMAN
ENSP00000462349	P59095	STAR6_HUMAN
ENSP00000497236	P22557	HEM0_HUMAN
ENSP00000226230	Q5BJF2	SGMR2_HUMAN
ENSP00000288207	O95067	CCNB2_HUMAN
ENSP00000409131	Q9NYS7	WSB2_HUMAN
ENSP00000368516	Q9BXB1	LGR4_HUMAN
ENSP00000277517	Q9BXS1	IDI2_HUMAN
ENSP00000305682	Q9NYK5	RM39_HUMAN
ENSP00000331479	Q6P9G0	CB5D1_HUMAN
ENSP00000199936	P37059	DHB2_HUMAN
ENSP00000381089	Q7Z769	S35E3_HUMAN
ENSP00000370531	Q3I5F7	ACOT6_HUMAN
ENSP00000361995	Q9BTX7	TTPAL_HUMAN
ENSP00000449795	O43715	TRIA1_HUMAN
ENSP00000302967	O15379	HDAC3_HUMAN
ENSP00000274457	Q96JP0	FEM1C_HUMAN
ENSP00000354554	P00156	CYB_HUMAN
ENSP00000342169	Q8N6V9	TEX9_HUMAN
ENSP00000368140	Q9UJA2	CRLS1_HUMAN
ENSP00000362481	Q96BW1	UPP_HUMAN
ENSP00000358060	Q9BW92	SYTM_HUMAN
ENSP00000371451	Q5F1R6	DJC21_HUMAN
ENSP00000345179	P05090	APOD_HUMAN
ENSP00000449960	Q9P1Z2	CACO1_HUMAN
ENSP00000360296	O14495	PLPP3_HUMAN
ENSP00000407213	A0A0A0MSY6	A0A0A0MSY6_HUMAN
ENSP00000499121	P55055	NR1H2_HUMAN
ENSP00000365926	Q969G6	RIFK_HUMAN
ENSP00000265742	Q9P2G1	AKIB1_HUMAN
ENSP00000365596	P32249	GP183_HUMAN
ENSP00000267842	O14975	S27A2_HUMAN
ENSP00000349291	Q66K14	TBC9B_HUMAN
ENSP00000274278	Q6NUS8	UD3A1_HUMAN
ENSP00000353496	O60299	LZTS3_HUMAN
ENSP00000307549	Q15818	NPTX1_HUMAN
ENSP00000280605	Q9H0I9	TKTL2_HUMAN
ENSP00000255389	Q9UBM1	PEMT_HUMAN
ENSP00000222800	Q8NFV4	ABHDB_HUMAN
ENSP00000324944	Q6ZNC8	MBOA1_HUMAN
ENSP00000386284	P13716	HEM2_HUMAN
ENSP00000368589	Q9NXC2	GFOD1_HUMAN
ENSP00000374013	P02812	PRB2_HUMAN
ENSP00000411197	Q6ZT07	TBCD9_HUMAN
ENSP00000306328	Q9BSK2	S2533_HUMAN
ENSP00000389175	Q8IVS8	GLCTK_HUMAN
ENSP00000360671	P05141	ADT2_HUMAN
ENSP00000265276	Q9HCL2	GPAT1_HUMAN
ENSP00000325290	Q8TF76	HASP_HUMAN
ENSP00000378914	Q8IYT8	ULK2_HUMAN
ENSP00000261407	Q6P1A2	MBOA5_HUMAN
ENSP00000261195	P54840	GYS2_HUMAN
ENSP00000377446	P53597	SUCA_HUMAN
ENSP00000261292	Q9Y5X9	LIPG_HUMAN
ENSP00000275230	Q8TD20	GTR12_HUMAN
ENSP00000271688	Q96G23	CERS2_HUMAN
ENSP00000361628	Q6NSI4	RADX_HUMAN
ENSP00000256429	Q9UBB5	MBD2_HUMAN
ENSP00000222674	Q9HCQ7	NPVF_HUMAN
ENSP00000378416	P13196	HEM1_HUMAN
ENSP00000352216	O95528	GTR10_HUMAN
ENSP00000371532	P98155	VLDLR_HUMAN
ENSP00000295079	Q8WWC4	MAIP1_HUMAN
ENSP00000314709	Q9Y6X8	ZHX2_HUMAN
ENSP00000309548	Q9P2J9	PDP2_HUMAN
ENSP00000497249	P53674	CRBB1_HUMAN
ENSP00000363614	P35914	HMGCL_HUMAN
ENSP00000319788	P15559	NQO1_HUMAN
ENSP00000362817	P05413	FABPH_HUMAN
ENSP00000425824	E9PF82	E9PF82_HUMAN
ENSP00000440246	Q16798	MAON_HUMAN
ENSP00000379512	P10620	MGST1_HUMAN
ENSP00000360761	O15120	PLCB_HUMAN
ENSP00000381250	Q13790	APOF_HUMAN
ENSP00000444052	Q5XG92	EST4A_HUMAN
ENSP00000301466	O75908	SOAT2_HUMAN
ENSP00000497072	A0A3B3IRV1	A0A3B3IRV1_HUMAN
ENSP00000381473	A8MV81	HIG1C_HUMAN
ENSP00000251363	Q9HA82	CERS4_HUMAN
ENSP00000399888	P17096	HMGA1_HUMAN
ENSP00000370254	Q04828	AK1C1_HUMAN
ENSP00000320521	D3DWX8	D3DWX8_HUMAN
ENSP00000478253	B7ZM99	B7ZM99_HUMAN
ENSP00000363836	Q8ND76	CCNY_HUMAN
ENSP00000335620	P08263	GSTA1_HUMAN
ENSP00000326491	Q96SE0	ABHD1_HUMAN
ENSP00000003302	Q96RU2	UBP28_HUMAN
ENSP00000362931	Q96SB4	SRPK1_HUMAN
ENSP00000383611	Q96S94	CCNL2_HUMAN
ENSP00000422626	Q4G0J3	LARP7_HUMAN
ENSP00000356674	Q5TC79	ZBT37_HUMAN
ENSP00000365861	Q5VZF2	MBNL2_HUMAN
ENSP00000313422	Q66PJ3	AR6P4_HUMAN
ENSP00000313422	A0A8C8KBE9	A0A8C8KBE9_HUMAN
ENSP00000353769	Q9H7N4	SFR19_HUMAN
ENSP00000371638	P51531	SMCA2_HUMAN
ENSP00000305926	Q8TE49	OTU7A_HUMAN
ENSP00000385787	Q99575	POP1_HUMAN
ENSP00000355094	Q96PU8	QKI_HUMAN
ENSP00000355077	Q8WV22	NSE1_HUMAN
ENSP00000410111	A0A8J8ZQP4	A0A8J8ZQP4_HUMAN
ENSP00000404503	Q96PG8	BBC3B_HUMAN
ENSP00000362014	Q05193	DYN1_HUMAN
ENSP00000341549	A6NCF5	KLH33_HUMAN
ENSP00000350676	Q9UPP1	PHF8_HUMAN
ENSP00000348714	O15033	AREL1_HUMAN
ENSP00000498881	P28715	ERCC5_HUMAN
ENSP00000255465	P78396	CCNA1_HUMAN
ENSP00000242848	Q5T200	ZC3HD_HUMAN
ENSP00000251871	Q9NVC6	MED17_HUMAN
ENSP00000351990	Q13564	ULA1_HUMAN
ENSP00000348419	P15621	ZNF44_HUMAN
ENSP00000363390	Q969Q1	TRI63_HUMAN
ENSP00000295113	Q92765	SFRP3_HUMAN
ENSP00000395793	A0A088AWN2	A0A088AWN2_HUMAN
ENSP00000315791	Q12996	CSTF3_HUMAN
ENSP00000401642	E7EQD3	E7EQD3_HUMAN
ENSP00000262113	P54296	MYOM2_HUMAN
ENSP00000367476	O60308	CE104_HUMAN
ENSP00000442318	Q86VP6	CAND1_HUMAN
ENSP00000319756	Q63HR2	TENS2_HUMAN
ENSP00000280377	Q9Y4E8	UBP15_HUMAN
ENSP00000415433	Q96CB8	INT12_HUMAN
ENSP00000281047	A6NI15	MSGN1_HUMAN
ENSP00000366604	Q15637	SF01_HUMAN
ENSP00000381531	H7BYT1	H7BYT1_HUMAN
ENSP00000339017	Q8NBU5	ATAD1_HUMAN
ENSP00000418719	Q14593	ZN273_HUMAN
ENSP00000364260	Q9BU70	TRMO_HUMAN
ENSP00000478490	A0A087WY31	A0A087WY31_HUMAN
ENSP00000385751	Q7KZI7	MARK2_HUMAN
ENSP00000265271	Q9P2N5	RBM27_HUMAN
ENSP00000295124	Q96M89	CC138_HUMAN
ENSP00000379228	Q76N89	HECW1_HUMAN
ENSP00000287482	Q6UVJ0	SAS6_HUMAN
ENSP00000380460	Q9Y263	PLAP_HUMAN
ENSP00000364589	Q13619	CUL4A_HUMAN
ENSP00000301962	Q9H9J4	UBP42_HUMAN
ENSP00000251143	E7EWW0	E7EWW0_HUMAN
ENSP00000436318	O14618	CCS_HUMAN
ENSP00000333329	Q6R6M4	U17L2_HUMAN
ENSP00000377969	P35269	T2FA_HUMAN
ENSP00000260191	O95264	5HT3B_HUMAN
ENSP00000446039	Q9UBW8	CSN7A_HUMAN
ENSP00000377262	P78362	SRPK2_HUMAN
ENSP00000449396	F8VXC8	F8VXC8_HUMAN
ENSP00000334958	Q6F5E8	CARL2_HUMAN
ENSP00000364261	Q5T2D3	OTUD3_HUMAN
ENSP00000216832	Q9H307	PININ_HUMAN
ENSP00000366249	O15205	UBD_HUMAN
ENSP00000498603	A0A7P0SXD0	A0A7P0SXD0_HUMAN
ENSP00000335321	O75533	SF3B1_HUMAN
ENSP00000376306	O14578	CTRO_HUMAN
ENSP00000322594	Q14964	RB39A_HUMAN
ENSP00000253669	Q9BT25	HAUS8_HUMAN
ENSP00000247001	Q8IWZ8	SUGP1_HUMAN
ENSP00000407818	P62068	UBP46_HUMAN
ENSP00000423777	Q0WX57	U17LO_HUMAN
ENSP00000382628	Q99708	CTIP_HUMAN
ENSP00000291552	Q01081	U2AF1_HUMAN
ENSP00000493664	A0A2R8YD85	A0A2R8YD85_HUMAN
ENSP00000266087	Q9Y3I1	FBX7_HUMAN
ENSP00000345895	Q9UKX7	NUP50_HUMAN
ENSP00000452885	Q8NBR6	MINY2_HUMAN
ENSP00000267163	P06400	RB_HUMAN
ENSP00000343001	O95155	UBE4B_HUMAN
ENSP00000430073	Q8NA66	CNBD1_HUMAN
ENSP00000464036	P21127	CD11B_HUMAN
ENSP00000412324	Q13362	2A5G_HUMAN
ENSP00000300086	Q9NYB0	TE2IP_HUMAN
ENSP00000404296	Q9HAU0	PKHA5_HUMAN
ENSP00000262241	Q9UKL0	RCOR1_HUMAN
ENSP00000280098	Q6IQ16	SPOPL_HUMAN
ENSP00000238112	Q9UKF6	CPSF3_HUMAN
ENSP00000478298	Q8TCT7	SPP2B_HUMAN
ENSP00000410409	Q9H5J8	TAF1D_HUMAN
ENSP00000485448	A8MUV8	ZN727_HUMAN
ENSP00000413098	A0A0A0MT33	A0A0A0MT33_HUMAN
ENSP00000298139	Q14191	WRN_HUMAN
ENSP00000464872	Q8TB69	ZN519_HUMAN
ENSP00000262294	O94972	TRI37_HUMAN
ENSP00000427550	Q8TEP8	CE192_HUMAN
ENSP00000406318	Q6PDB4	ZN880_HUMAN
ENSP00000379217	O14562	UBFD1_HUMAN
ENSP00000357125	Q5VVB8	TM244_HUMAN
ENSP00000359988	Q05519	SRS11_HUMAN
ENSP00000498999	Q8N3Y1	FBXW8_HUMAN
ENSP00000371471	Q8WXG1	RSAD2_HUMAN
ENSP00000377001	O43791	SPOP_HUMAN
ENSP00000278412	Q08945	SSRP1_HUMAN
ENSP00000424198	O95198	KLHL2_HUMAN
ENSP00000435389	E9PKC0	E9PKC0_HUMAN
ENSP00000394770	Q8N3K9	CMYA5_HUMAN
ENSP00000356560	Q5VZ46	K1614_HUMAN
ENSP00000419465	Q9GZV5	WWTR1_HUMAN
ENSP00000443988	Q9H7L9	SDS3_HUMAN
ENSP00000376097	O94763	RMP_HUMAN
ENSP00000429931	O15372	EIF3H_HUMAN
ENSP00000336721	Q6PKG0	LARP1_HUMAN
ENSP00000345216	Q70EL1	UBP54_HUMAN
ENSP00000253363	Q14498	RBM39_HUMAN
ENSP00000229595	Q9Y294	ASF1A_HUMAN
ENSP00000483345	Q7Z4V5	HDGR2_HUMAN
ENSP00000295321	Q96ST2	IWS1_HUMAN
ENSP00000394791	Q9P0U3	SENP1_HUMAN
ENSP00000369531	Q8IYU4	UBQLN_HUMAN
ENSP00000385571	Q9H2X6	HIPK2_HUMAN
ENSP00000408292	Q13049	TRI32_HUMAN
ENSP00000416951	E7ERS3	E7ERS3_HUMAN
ENSP00000313811	Q9Y2K6	UBP20_HUMAN
ENSP00000311816	Q13127	REST_HUMAN
ENSP00000262435	Q9HAU4	SMUF2_HUMAN
ENSP00000303909	Q12979	ABR_HUMAN
ENSP00000339484	Q86XD8	ZFAN4_HUMAN
ENSP00000360662	Q9H2P0	ADNP_HUMAN
ENSP00000312143	Q68CZ2	TENS3_HUMAN
ENSP00000441214	Q9P275	UBP36_HUMAN
ENSP00000331720	Q14CZ0	HAPR1_HUMAN
ENSP00000283131	O60264	SMCA5_HUMAN
ENSP00000422969	Q0WX57	U17LO_HUMAN
ENSP00000294383	Q9UPU5	UBP24_HUMAN
ENSP00000305151	Q96N64	PWP2A_HUMAN
ENSP00000355014	Q8NG27	PJA1_HUMAN
ENSP00000339109	Q9H1A4	APC1_HUMAN
ENSP00000358374	Q99590	SCAFB_HUMAN
ENSP00000451162	Q6ZU80	CE128_HUMAN
ENSP00000382382	Q96K76	UBP47_HUMAN
ENSP00000439056	O94927	HAUS5_HUMAN
ENSP00000338727	Q9Y608	LRRF2_HUMAN
ENSP00000384823	Q86XK2	FBX11_HUMAN
ENSP00000351933	Q9P2J3	KLHL9_HUMAN
ENSP00000347997	Q9H347	UBQL3_HUMAN
ENSP00000334538	Q8WXA9	SREK1_HUMAN
ENSP00000444029	P49790	NU153_HUMAN
ENSP00000351346	Q7Z7G8	VP13B_HUMAN
ENSP00000306625	Q9BZE9	ASPC1_HUMAN
ENSP00000300057	Q9BRJ9	MESP1_HUMAN
ENSP00000344855	Q8N1E6	FXL14_HUMAN
ENSP00000347836	P62256	UBE2H_HUMAN
ENSP00000414390	Q9BRQ4	CF300_HUMAN
ENSP00000226319	Q6IE81	JADE1_HUMAN
ENSP00000477878	Q8IVW6	ARI3B_HUMAN
ENSP00000335636	P61599	NAA20_HUMAN
ENSP00000215793	Q15459	SF3A1_HUMAN
ENSP00000366819	P15374	UCHL3_HUMAN
ENSP00000255304	Q5W0Q7	USPL1_HUMAN
ENSP00000368813	Q8N239	KLH34_HUMAN
ENSP00000383274	A0A0A0MSA7	A0A0A0MSA7_HUMAN
ENSP00000420195	O75494	SRS10_HUMAN
ENSP00000394394	Q9UJX3	APC7_HUMAN
ENSP00000377633	O95630	STABP_HUMAN
ENSP00000220496	Q9NVM6	DJC17_HUMAN
ENSP00000271715	Q7Z3K3	POGZ_HUMAN
ENSP00000371475	Q12888	TP53B_HUMAN
ENSP00000342105	Q92630	DYRK2_HUMAN
ENSP00000263464	Q13489	BIRC3_HUMAN
ENSP00000437550	O95835	LATS1_HUMAN
ENSP00000156084	Q96G74	OTUD5_HUMAN
ENSP00000334044	Q8N7F7	UBL4B_HUMAN
ENSP00000306983	Q9ULM3	YETS2_HUMAN
ENSP00000420617	Q8IWA4	MFN1_HUMAN
ENSP00000483667	O14646	CHD1_HUMAN
ENSP00000369871	Q7Z4H7	HAUS6_HUMAN
ENSP00000359829	Q8TEY7	UBP33_HUMAN
ENSP00000362179	Q5D1E8	ZC12A_HUMAN
ENSP00000417963	Q14738	2A5D_HUMAN
ENSP00000413520	Q8IV36	HID1_HUMAN
ENSP00000463982	J3QR07	J3QR07_HUMAN
ENSP00000303584	Q9Y5N5	HEMK2_HUMAN
ENSP00000329102	Q5TKA1	LIN9_HUMAN
ENSP00000285199	Q70EL4	UBP43_HUMAN
ENSP00000372035	Q9NRM7	LATS2_HUMAN
ENSP00000323421	Q14683	SMC1A_HUMAN
ENSP00000341483	Q9H6Z4	RANB3_HUMAN
ENSP00000351813	Q9NX47	MARH5_HUMAN
ENSP00000387170	Q6Y7W6	GGYF2_HUMAN
ENSP00000421863	Q17R98	ZN827_HUMAN
ENSP00000360436	Q9UJA9	ENPP5_HUMAN
ENSP00000254325	P22670	RFX1_HUMAN
ENSP00000313670	Q60I27	AL2CL_HUMAN
ENSP00000309031	Q96JH7	VCIP1_HUMAN
ENSP00000385957	Q3ZCT8	KBTBC_HUMAN
ENSP00000314029	Q9H4L4	SENP3_HUMAN
ENSP00000282605	G3XAA4	G3XAA4_HUMAN
ENSP00000309198	Q15386	UBE3C_HUMAN
ENSP00000291386	Q9NP77	SSU72_HUMAN
ENSP00000395574	A0AAA9X7E5	A0AAA9X7E5_HUMAN
ENSP00000409279	Q01804	OTUD4_HUMAN
ENSP00000378529	Q9UM11	FZR1_HUMAN
ENSP00000285420	A0A087X0W9	A0A087X0W9_HUMAN
ENSP00000342805	Q9NVQ4	FAIM1_HUMAN
ENSP00000462116	Q9UHR5	S30BP_HUMAN
ENSP00000261868	O75822	EIF3J_HUMAN
ENSP00000281142	Q96NL6	SCLT1_HUMAN
ENSP00000357304	Q7Z7F0	KHDC4_HUMAN
ENSP00000239882	P32519	ELF1_HUMAN
ENSP00000330694	Q96MG7	NSE3_HUMAN
ENSP00000324827	Q02040	AK17A_HUMAN
ENSP00000291688	O60318	GANP_HUMAN
ENSP00000321617	Q9H8Y5	ANKZ1_HUMAN
ENSP00000338173	Q8TB72	PUM2_HUMAN
ENSP00000439856	Q8IWX8	CHERP_HUMAN
ENSP00000464087	A0A0A0MTR7	A0A0A0MTR7_HUMAN
ENSP00000449386	Q15020	SART3_HUMAN
ENSP00000361162	Q96GM8	TOE1_HUMAN
ENSP00000360992	Q96FJ0	STALP_HUMAN
ENSP00000359206	Q9Y297	FBW1A_HUMAN
ENSP00000284274	Q96BN8	OTUL_HUMAN
ENSP00000259006	Q9BT23	LIMD2_HUMAN
ENSP00000355053	P17040	ZSC20_HUMAN
ENSP00000242351	Q7Z2W4	ZCCHV_HUMAN
ENSP00000261973	P49756	RBM25_HUMAN
ENSP00000263805	Q9H2Y7	ZN106_HUMAN
ENSP00000361923	Q96BP2	CHCH1_HUMAN
ENSP00000346175	Q96T68	SETB2_HUMAN
ENSP00000383866	Q7Z422	SZRD1_HUMAN
ENSP00000347754	P46098	5HT3A_HUMAN
ENSP00000414095	Q13617	CUL2_HUMAN
ENSP00000362824	O15294	OGT1_HUMAN
ENSP00000478927	P46937	YAP1_HUMAN
ENSP00000271640	Q15047	SETB1_HUMAN
ENSP00000362361	P50750	CDK9_HUMAN
ENSP00000313490	O15067	PUR4_HUMAN
ENSP00000343221	Q6ZNQ3	LRC69_HUMAN
ENSP00000260810	Q92547	TOPB1_HUMAN
ENSP00000282272	Q8N8A2	ANR44_HUMAN
ENSP00000403645	Q6ICL3	TNG2_HUMAN
ENSP00000231524	P36406	TRI23_HUMAN
ENSP00000352069	O00308	WWP2_HUMAN
ENSP00000481570	P21580	TNAP3_HUMAN
ENSP00000366997	Q9Y2L1	RRP44_HUMAN
ENSP00000262815	Q9Y6X3	SCC4_HUMAN
ENSP00000240316	P38432	COIL_HUMAN
ENSP00000363228	Q9NTZ6	RBM12_HUMAN
ENSP00000414019	Q9HCC8	GDPD2_HUMAN
ENSP00000368341	Q9BX46	RBM24_HUMAN
ENSP00000419153	Q9HC78	ZBT20_HUMAN
ENSP00000343273	Q8IXQ5	KLHL7_HUMAN
ENSP00000302790	Q96QU8	XPO6_HUMAN
ENSP00000261396	Q8WUM0	NU133_HUMAN
ENSP00000431876	Q9P2H5	UBP35_HUMAN
ENSP00000239926	A0A0C4DFM5	A0A0C4DFM5_HUMAN
ENSP00000331636	Q6ZSI9	CAN12_HUMAN
ENSP00000171887	Q9HBL0	TENS1_HUMAN
ENSP00000383044	Q9UHP3	UBP25_HUMAN
ENSP00000495240	Q9HCK8	CHD8_HUMAN
ENSP00000362748	Q8NFU7	TET1_HUMAN
ENSP00000258499	Q9H0E7	UBP44_HUMAN
ENSP00000228872	P46527	CDN1B_HUMAN
ENSP00000298310	O60524	NEMF_HUMAN
ENSP00000425375	Q0WX57	U17LO_HUMAN
ENSP00000296490	Q6UXN9	WDR82_HUMAN
ENSP00000323889	Q14258	TRI25_HUMAN
ENSP00000343535	Q93009	UBP7_HUMAN
ENSP00000216039	Q15040	JOS1_HUMAN
ENSP00000267812	P55081	MFAP1_HUMAN
ENSP00000393596	Q9NR09	BIRC6_HUMAN
ENSP00000318374	Q96PV6	LENG8_HUMAN
ENSP00000312981	Q53GS9	UBP39_HUMAN
ENSP00000361852	Q7Z6W1	TMCO2_HUMAN
ENSP00000498255	X6REH9	X6REH9_HUMAN
ENSP00000252015	Q8TEL6	TP4AP_HUMAN
ENSP00000340823	P13984	T2FB_HUMAN
ENSP00000265560	Q13107	UBP4_HUMAN
ENSP00000354621	Q9HCE7	SMUF1_HUMAN
ENSP00000428205	Q969P5	FBX32_HUMAN
ENSP00000467556	Q9UKJ3	GPTC8_HUMAN
ENSP00000262415	Q14562	DHX8_HUMAN
ENSP00000278935	Q9UPV0	CE164_HUMAN
ENSP00000338186	O75530	EED_HUMAN
ENSP00000343896	P51532	SMCA4_HUMAN
ENSP00000359042	Q5VTL8	PR38B_HUMAN
ENSP00000322845	Q14202	ZMYM3_HUMAN
ENSP00000434480	Q9NUN7	ACER3_HUMAN
ENSP00000483631	A6NNY8	UBP27_HUMAN
ENSP00000281043	P04198	MYCN_HUMAN
ENSP00000369857	Q6UWZ7	ABRX1_HUMAN
ENSP00000218089	Q8N3U4	STAG2_HUMAN
ENSP00000350333	Q9H0E3	SP130_HUMAN
ENSP00000261819	Q9UJX4	APC5_HUMAN
ENSP00000343054	P52756	RBM5_HUMAN
ENSP00000436926	Q6P4R8	NFRKB_HUMAN
ENSP00000359292	Q8IX21	SLF2_HUMAN
ENSP00000339389	Q7L8S5	OTU6A_HUMAN
ENSP00000156471	O60306	AQR_HUMAN
ENSP00000295746	Q8TCG1	CIP2A_HUMAN
ENSP00000423211	Q0WX57	U17LO_HUMAN
ENSP00000468956	Q8TAC2	JOS2_HUMAN
ENSP00000296754	Q9NZ08	ERAP1_HUMAN
ENSP00000229281	Q99622	C10_HUMAN
ENSP00000362978	Q99504	EYA3_HUMAN
ENSP00000370337	O94986	CE152_HUMAN
ENSP00000449089	O00429	DNM1L_HUMAN
ENSP00000401980	Q7Z434	MAVS_HUMAN
ENSP00000292363	Q9BV68	RN126_HUMAN
ENSP00000393313	Q9UBC2	EP15R_HUMAN
ENSP00000315569	Q8IYB7	DI3L2_HUMAN
ENSP00000422887	Q0WX57	U17LO_HUMAN
ENSP00000331313	Q9BYB4	GNB1L_HUMAN
ENSP00000254442	Q9Y4E6	WDR7_HUMAN
ENSP00000448387	Q92994	TF3B_HUMAN
ENSP00000376307	Q86SX3	TEDC1_HUMAN
ENSP00000354681	O60313	OPA1_HUMAN
ENSP00000384048	Q6ZW49	PAXI1_HUMAN
ENSP00000460380	P35125	UBP6_HUMAN
ENSP00000425130	Q2YD98	UVSSA_HUMAN
ENSP00000374280	Q92541	RTF1_HUMAN
ENSP00000246548	Q9UBT2	SAE2_HUMAN
ENSP00000426786	E9PCN2	E9PCN2_HUMAN
ENSP00000376419	Q8NBE8	KLH23_HUMAN
ENSP00000356448	P12270	TPR_HUMAN
ENSP00000257548	Q70CQ3	UBP30_HUMAN
ENSP00000356981	Q9UK80	UBP21_HUMAN
ENSP00000216911	O14965	AURKA_HUMAN
ENSP00000231948	Q96SW2	CRBN_HUMAN
ENSP00000349124	Q9NY27	PP4R2_HUMAN
ENSP00000266000	Q9UER7	DAXX_HUMAN
ENSP00000369424	Q16576	RBBP7_HUMAN
ENSP00000365678	Q5VV17	OTUD1_HUMAN
ENSP00000320794	Q68DE3	USF3_HUMAN
ENSP00000218348	P51784	UBP11_HUMAN
ENSP00000323148	P17029	ZKSC1_HUMAN
ENSP00000463650	Q9Y4L5	RN115_HUMAN
ENSP00000361540	Q12834	CDC20_HUMAN
ENSP00000286835	O95104	SCAF4_HUMAN
ENSP00000356480	Q99496	RING2_HUMAN
ENSP00000352408	Q9NWV8	BABA1_HUMAN
ENSP00000459216	Q96N58	ZN578_HUMAN
ENSP00000305230	P49458	SRP09_HUMAN
ENSP00000359804	Q96AE4	FUBP1_HUMAN
ENSP00000362441	P46100	ATRX_HUMAN
ENSP00000352400	P35658	NU214_HUMAN
ENSP00000368970	P61960	UFM1_HUMAN
ENSP00000302530	O43683	BUB1_HUMAN
ENSP00000282344	O75317	UBP12_HUMAN
ENSP00000363787	Q06587	RING1_HUMAN
ENSP00000423333	Q70EK9	UBP51_HUMAN
ENSP00000358022	Q07820	MCL1_HUMAN
ENSP00000384849	P38936	CDN1A_HUMAN
ENSP00000375857	Q32MZ4	LRRF1_HUMAN
ENSP00000392025	Q9NQC7	CYLD_HUMAN
ENSP00000263205	Q96RN5	MED15_HUMAN
ENSP00000396301	Q13123	RED_HUMAN
ENSP00000322457	O43255	SIAH2_HUMAN
ENSP00000275233	Q149N8	SHPRH_HUMAN
ENSP00000219689	Q70CQ4	UBP31_HUMAN
ENSP00000451211	Q8NHV4	NEDD1_HUMAN
ENSP00000386520	Q9Y4B4	ARIP4_HUMAN
ENSP00000355958	Q9NZJ0	DTL_HUMAN
ENSP00000397843	Q9Y2S6	TMA7_HUMAN
ENSP00000384109	A0A804CL36	A0A804CL36_HUMAN
ENSP00000469863	A0A9H4CVU7	A0A9H4CVU7_HUMAN
ENSP00000340505	Q96LD8	SENP8_HUMAN
ENSP00000326261	Q8IYB3	SRRM1_HUMAN
ENSP00000243706	Q68CZ6	HAUS3_HUMAN
ENSP00000303570	Q8IV38	ANKY2_HUMAN
ENSP00000303434	Q8NB14	UBP38_HUMAN
ENSP00000370021	Q9NXG0	CNTLN_HUMAN
ENSP00000262067	O95857	TSN13_HUMAN
ENSP00000349748	P23246	SFPQ_HUMAN
ENSP00000321997	Q659C4	LAR1B_HUMAN
ENSP00000254181	Q9HBJ7	UBP29_HUMAN
ENSP00000259008	Q9BX63	FANCJ_HUMAN
ENSP00000257934	Q14674	ESPL1_HUMAN
ENSP00000427108	Q9NXV6	CARF_HUMAN
ENSP00000435210	Q9NYF8	BCLF1_HUMAN
ENSP00000316578	Q15022	SUZ12_HUMAN
ENSP00000358674	P11441	UBL4A_HUMAN
ENSP00000253048	Q9UPT8	ZC3H4_HUMAN
ENSP00000457703	Q96S82	UBL7_HUMAN
ENSP00000376808	Q93034	CUL5_HUMAN
ENSP00000209884	Q9Y2M5	KLH20_HUMAN
ENSP00000434676	Q70EL3	UBP50_HUMAN
ENSP00000309555	P51610	HCFC1_HUMAN
ENSP00000317636	O94762	RECQ5_HUMAN
ENSP00000427366	Q0WX57	U17LO_HUMAN
ENSP00000303058	Q8N960	CE120_HUMAN
ENSP00000264414	Q13618	CUL3_HUMAN
ENSP00000343526	O94782	UBP1_HUMAN
ENSP00000378260	Q9NP73	ALG13_HUMAN
ENSP00000261461	Q15172	2A5A_HUMAN
ENSP00000298281	O94913	PCF11_HUMAN
ENSP00000326563	Q7LBC6	KDM3B_HUMAN
ENSP00000334808	Q9Y5T5	UBP16_HUMAN
ENSP00000274008	Q8NB90	AFG2A_HUMAN
ENSP00000369681	Q9Y6I4	UBP3_HUMAN
ENSP00000232603	Q86VD1	MORC1_HUMAN
ENSP00000324792	Q8NCF5	NF2IP_HUMAN
ENSP00000320898	Q8IYW5	RN168_HUMAN
ENSP00000265069	Q96KR1	ZFR_HUMAN
ENSP00000328720	P85037	FOXK1_HUMAN
ENSP00000422097	Q0WX57	U17LO_HUMAN
ENSP00000321475	Q2WGJ6	KLH38_HUMAN
ENSP00000348089	Q03468	ERCC6_HUMAN
ENSP00000380763	Q9Y6X9	MORC2_HUMAN
ENSP00000337972	Q8WTR4	GDPD5_HUMAN
ENSP00000300258	Q8TDR4	TCP1L_HUMAN
ENSP00000378784	A8MW92	P20L1_HUMAN
ENSP00000200135	O43264	ZW10_HUMAN
ENSP00000378917	Q8WWM7	ATX2L_HUMAN
ENSP00000377298	Q14980	NUMA1_HUMAN
ENSP00000263773	Q8N3X1	FNBP4_HUMAN
ENSP00000348168	P29084	T2EB_HUMAN
ENSP00000449428	Q12792	TWF1_HUMAN
ENSP00000481859	Q504Q3	PAN2_HUMAN
ENSP00000462337	Q14119	VEZF1_HUMAN
ENSP00000351137	Q9HCS7	SYF1_HUMAN
ENSP00000334115	Q8NGX3	O10T2_HUMAN
ENSP00000355195	Q8WXK4	ASB12_HUMAN
ENSP00000203664	Q96DC9	OTUB2_HUMAN
ENSP00000420616	Q14188	TFDP2_HUMAN
ENSP00000410811	Q6PIW4	FIGL1_HUMAN
ENSP00000347457	Q9UQ16	DYN3_HUMAN
ENSP00000462729	Q6GQQ9	OTU7B_HUMAN
ENSP00000254480	Q92922	SMRC1_HUMAN
ENSP00000391723	Q14671	PUM1_HUMAN
ENSP00000361990	Q8IWV8	UBR2_HUMAN
ENSP00000304226	Q9H422	HIPK3_HUMAN
ENSP00000209728	Q99741	CDC6_HUMAN
ENSP00000292140	Q6NSJ2	PHLB3_HUMAN
ENSP00000310842	Q9NVI1	FANCI_HUMAN
ENSP00000429084	O95071	UBR5_HUMAN
ENSP00000384330	P13535	MYH8_HUMAN
ENSP00000415151	Q13951	PEBB_HUMAN
ENSP00000204549	Q8N8D1	PDCD7_HUMAN
ENSP00000296257	Q9HC62	SENP2_HUMAN
ENSP00000340514	P17017	ZNF14_HUMAN
ENSP00000356076	O43781	DYRK3_HUMAN
ENSP00000366396	Q9H0D6	XRN2_HUMAN
ENSP00000327077	Q15154	PCM1_HUMAN
ENSP00000430823	Q9Y5V0	ZN706_HUMAN
ENSP00000262384	O75113	N4BP1_HUMAN
ENSP00000499786	Q96J02	ITCH_HUMAN
ENSP00000380178	P62253	UB2G1_HUMAN
ENSP00000376919	J3KPP4	J3KPP4_HUMAN
ENSP00000262903	Q8IYU2	HACE1_HUMAN
ENSP00000365588	Q14676	MDC1_HUMAN
ENSP00000419803	Q9P2N7	KLH13_HUMAN
ENSP00000424007	Q6ZNX1	SHLD3_HUMAN
ENSP00000483408	A0A087X0H9	A0A087X0H9_HUMAN
ENSP00000383059	Q9NWB6	ARGL1_HUMAN
ENSP00000483903	Q99877	H2B1N_HUMAN
ENSP00000297792	Q8NB78	KDM1B_HUMAN
ENSP00000287437	Q96MF7	NSE2_HUMAN
ENSP00000316512	Q86UE8	TLK2_HUMAN
ENSP00000287598	O60566	BUB1B_HUMAN
ENSP00000363400	Q99487	PAFA2_HUMAN
ENSP00000247843	O95619	YETS4_HUMAN
ENSP00000333657	P20592	MX2_HUMAN
ENSP00000376204	Q9NR48	ASH1L_HUMAN
ENSP00000359398	Q6QNY1	BL1S2_HUMAN
ENSP00000499522	P57775	FBXW4_HUMAN
ENSP00000339973	Q2M2D7	TBC28_HUMAN
ENSP00000326804	Q13616	CUL1_HUMAN
ENSP00000354957	Q8IY18	SMC5_HUMAN
ENSP00000456477	H3BS01	H3BS01_HUMAN
ENSP00000385269	Q15717	ELAV1_HUMAN
ENSP00000303706	P30304	MPIP1_HUMAN
ENSP00000407442	Q86Z02	HIPK1_HUMAN
ENSP00000363377	P98177	FOXO4_HUMAN
ENSP00000402084	P30291	WEE1_HUMAN
ENSP00000350708	P54727	RD23B_HUMAN
ENSP00000300896	Q8NFA0	UBP32_HUMAN
ENSP00000306682	O15297	PPM1D_HUMAN
ENSP00000295704	Q96BH1	RNF25_HUMAN
ENSP00000361245	Q5T447	HECD3_HUMAN
ENSP00000313199	Q14103	HNRPD_HUMAN
ENSP00000355050	Q8WYA6	CTBL1_HUMAN
ENSP00000333142	O60733	PLPL9_HUMAN
ENSP00000384421	Q9UBB9	TFP11_HUMAN
ENSP00000365692	Q9P1W9	PIM2_HUMAN
ENSP00000377344	Q8IY21	DDX60_HUMAN
ENSP00000323913	Q9BYV6	TRI55_HUMAN
ENSP00000321388	Q9Y574	ASB4_HUMAN
ENSP00000347548	Q5VTB9	RN220_HUMAN
ENSP00000325018	Q5MCW4	ZN569_HUMAN
ENSP00000485364	Q7RTZ2	U17L1_HUMAN
ENSP00000318480	Q96TA2	YMEL1_HUMAN
ENSP00000312107	P68543	UBX2A_HUMAN
ENSP00000380494	P12524	MYCL_HUMAN
ENSP00000452454	P52655	TF2AA_HUMAN
ENSP00000444660	Q9Y5A9	YTHD2_HUMAN
ENSP00000342510	Q8IW35	CEP97_HUMAN
ENSP00000375836	Q00341	VIGLN_HUMAN
ENSP00000375836	A0A024R4E5	A0A024R4E5_HUMAN
ENSP00000256996	Q92466	DDB2_HUMAN
ENSP00000389427	Q9C0F1	CEP44_HUMAN
ENSP00000295958	Q96QK8	SIM14_HUMAN
ENSP00000306105	Q96ST8	CEP89_HUMAN
ENSP00000399208	F6QDS0	F6QDS0_HUMAN
ENSP00000340874	Q06413	MEF2C_HUMAN
ENSP00000297347	Q96HR3	MED30_HUMAN
ENSP00000477715	Q9BZB8	CPEB1_HUMAN
ENSP00000312995	Q9HAW4	CLSPN_HUMAN
ENSP00000265140	Q9BQI6	SLF1_HUMAN
ENSP00000215794	Q9UMW8	UBP18_HUMAN
ENSP00000398880	Q9NYV4	CDK12_HUMAN
ENSP00000358497	O60942	MCE1_HUMAN
ENSP00000350681	P28324	ELK4_HUMAN
ENSP00000260818	O75165	DJC13_HUMAN
ENSP00000379721	P40818	UBP8_HUMAN
ENSP00000261497	Q9UPT9	UBP22_HUMAN
ENSP00000262306	Q15370	ELOB_HUMAN
ENSP00000378350	Q9UJX2	CDC23_HUMAN
ENSP00000346729	Q86UQ0	ZN589_HUMAN
ENSP00000373772	Q5VTR2	BRE1A_HUMAN
ENSP00000318635	Q6EEV6	SUMO4_HUMAN
ENSP00000348538	Q9H0Z9	RBM38_HUMAN
ENSP00000291823	Q8NE63	HIPK4_HUMAN
ENSP00000383333	Q14149	MORC3_HUMAN
ENSP00000325863	P49959	MRE11_HUMAN
ENSP00000258399	Q86T82	UBP37_HUMAN
ENSP00000330188	Q7L4I2	RSRC2_HUMAN
ENSP00000260983	Q9P2P5	HECW2_HUMAN
ENSP00000283875	P29083	T2EA_HUMAN
ENSP00000313950	Q96GD4	AURKB_HUMAN
ENSP00000326767	Q71SY5	MED25_HUMAN
ENSP00000477527	P23527	H2B1O_HUMAN
ENSP00000362608	P11309	PIM1_HUMAN
ENSP00000307491	Q8TAF3	WDR48_HUMAN
ENSP00000346634	Q9Y2W1	TR150_HUMAN
ENSP00000374529	O75909	CCNK_HUMAN
ENSP00000271555	Q14814	MEF2D_HUMAN
ENSP00000477613	Q13490	BIRC2_HUMAN
ENSP00000321239	Q96PM5	ZN363_HUMAN
ENSP00000353735	Q9NS56	TOPRS_HUMAN
ENSP00000254661	O60894	RAMP1_HUMAN
ENSP00000262643	P24864	CCNE1_HUMAN
ENSP00000299563	Q8NCN4	RN169_HUMAN
ENSP00000358590	O60281	ZN292_HUMAN
ENSP00000361285	Q9HA47	UCK1_HUMAN
ENSP00000292147	O95571	ETHE1_HUMAN
ENSP00000258648	Q9NPJ6	MED4_HUMAN
ENSP00000267116	Q8NB46	ANR52_HUMAN
ENSP00000478877	Q16186	ADRM1_HUMAN
ENSP00000500582	Q9Y243	AKT3_HUMAN
ENSP00000340330	Q92993	KAT5_HUMAN
ENSP00000261881	Q9BVW5	TIPIN_HUMAN
ENSP00000259335	J3KN16	J3KN16_HUMAN
ENSP00000387187	P84101	SERF2_HUMAN
ENSP00000004531	P52569	CTR2_HUMAN
ENSP00000354346	P43243	MATR3_HUMAN
ENSP00000354346	A0A0R4J2E8	A0A0R4J2E8_HUMAN
ENSP00000257549	P20132	SDHL_HUMAN
ENSP00000302111	B4DEE8	B4DEE8_HUMAN
ENSP00000381448	P01034	CYTC_HUMAN
ENSP00000291294	P43119	PI2R_HUMAN
ENSP00000335304	P36957	ODO2_HUMAN
ENSP00000429690	O15342	VA0E1_HUMAN
ENSP00000263650	Q9H0X9	OSBL5_HUMAN
ENSP00000253188	Q9NS82	AAA1_HUMAN
ENSP00000416508	Q9H7F0	AT133_HUMAN
ENSP00000403226	Q6PI77	GASP3_HUMAN
ENSP00000251127	Q8IZF0	NALCN_HUMAN
ENSP00000310447	Q9UI32	GLSL_HUMAN
ENSP00000333395	Q5FYB1	ARSI_HUMAN
ENSP00000365435	P20333	TNR1B_HUMAN
ENSP00000378177	Q8WUJ3	CEMIP_HUMAN
ENSP00000388631	Q9BRC7	PLCD4_HUMAN
ENSP00000263233	P08247	SYPH_HUMAN
ENSP00000377218	P14316	IRF2_HUMAN
ENSP00000350976	Q5QGT7	RTP2_HUMAN
ENSP00000371813	Q7Z7B7	DB132_HUMAN
ENSP00000364949	O95865	DDAH2_HUMAN
ENSP00000307188	P04424	ARLY_HUMAN
ENSP00000398181	Q6NS38	ALKB2_HUMAN
ENSP00000327513	P09603	CSF1_HUMAN
ENSP00000222584	Q02446	SP4_HUMAN
ENSP00000360998	Q5VYY1	ANR22_HUMAN
ENSP00000402608	P31327	CPSM_HUMAN
ENSP00000363891	Q9HBR0	S38AA_HUMAN
ENSP00000359337	P34903	GBRA3_HUMAN
ENSP00000373860	A6ND91	ASPDH_HUMAN
ENSP00000302079	Q16581	C3AR_HUMAN
ENSP00000274341	P10915	HPLN1_HUMAN
ENSP00000309538	A0PJW8	DAPL1_HUMAN
ENSP00000359353	P78334	GBRE_HUMAN
ENSP00000380250	O00476	NPT4_HUMAN
ENSP00000340883	G5E975	G5E975_HUMAN
ENSP00000367747	O75038	PLCH2_HUMAN
ENSP00000292823	P49585	PCY1A_HUMAN
ENSP00000481185	A4D1Z8	GRIFN_HUMAN
ENSP00000464050	Q86XP3	DDX42_HUMAN
ENSP00000340402	A6NIM6	S15A5_HUMAN
ENSP00000278060	Q6QHF9	PAOX_HUMAN
ENSP00000227880	Q8IY34	S15A3_HUMAN
ENSP00000361345	Q5JUQ0	FA78A_HUMAN
ENSP00000282406	Q8IVE3	PKHH2_HUMAN
ENSP00000360718	P20337	RAB3B_HUMAN
ENSP00000298912	Q96JQ2	CLMN_HUMAN
ENSP00000360076	Q9BQI5	SGIP1_HUMAN
ENSP00000362464	O75712	CXB3_HUMAN
ENSP00000311401	Q8IWF6	DEN6A_HUMAN
ENSP00000356115	Q8N468	S60A1_HUMAN
ENSP00000482304	Q12836	ZP4_HUMAN
ENSP00000393097	P14867	GBRA1_HUMAN
ENSP00000454646	Q9NVC3	S38A7_HUMAN
ENSP00000266682	Q9H2J7	S6A15_HUMAN
ENSP00000274545	Q16445	GBRA6_HUMAN
ENSP00000403536	Q14353	GAMT_HUMAN
ENSP00000363869	Q9Y279	VSIG4_HUMAN
ENSP00000297071	Q13595	TRA2A_HUMAN
ENSP00000364008	Q8TBJ4	PLPR1_HUMAN
ENSP00000494136	P30531	SC6A1_HUMAN
ENSP00000261556	Q9NX78	TM260_HUMAN
ENSP00000482133	A0A087WYV9	A0A087WYV9_HUMAN
ENSP00000266581	Q86SJ2	AMGO2_HUMAN
ENSP00000441838	Q8N184	ZN567_HUMAN
ENSP00000348099	Q9NR12	PDLI7_HUMAN
ENSP00000381302	Q5VZY2	PLPP4_HUMAN
ENSP00000228567	Q6XYQ8	SYT10_HUMAN
ENSP00000311486	J3KNH0	J3KNH0_HUMAN
ENSP00000394380	Q96I27	ZN625_HUMAN
ENSP00000372390	O43246	CTR4_HUMAN
ENSP00000275954	Q9BQJ4	TMM47_HUMAN
ENSP00000359096	P0DTE8	AMY1C_HUMAN
ENSP00000262462	Q9Y2P4	S27A6_HUMAN
ENSP00000399585	Q9HD23	MRS2_HUMAN
ENSP00000361894	Q14749	GNMT_HUMAN
ENSP00000375951	Q14679	TTLL4_HUMAN
ENSP00000348019	Q9NRA2	S17A5_HUMAN
ENSP00000357915	Q86VW1	S22AG_HUMAN
ENSP00000265087	O76061	STC2_HUMAN
ENSP00000234961	P41143	OPRD_HUMAN
ENSP00000329033	Q9H1K4	GHC2_HUMAN
ENSP00000234256	P43007	SATT_HUMAN
ENSP00000416739	P46063	RECQ1_HUMAN
ENSP00000421275	Q0GE19	NTCP7_HUMAN
ENSP00000275227	Q6NT16	S18B1_HUMAN
ENSP00000264775	O14494	PLPP1_HUMAN
ENSP00000220514	O43482	MS18B_HUMAN
ENSP00000358794	O15374	MOT5_HUMAN
ENSP00000339260	Q9NSD5	S6A13_HUMAN
ENSP00000311313	Q15828	CYTM_HUMAN
ENSP00000264318	P48169	GBRA4_HUMAN
ENSP00000234111	P11926	DCOR_HUMAN
ENSP00000360268	P54886	P5CS_HUMAN
ENSP00000354982	P00414	COX3_HUMAN
ENSP00000325941	Q9NPQ8	RIC8A_HUMAN
ENSP00000297145	Q1RMZ1	SAMTR_HUMAN
ENSP00000413720	P49918	CDN1C_HUMAN
ENSP00000377303	P51606	RENBP_HUMAN
ENSP00000295461	Q6NVV3	NIPA3_HUMAN
ENSP00000296785	Q9H9E1	ANRA2_HUMAN
ENSP00000315564	Q3B8N2	LEG9B_HUMAN
ENSP00000477344	Q5T7P8	SYT6_HUMAN
ENSP00000337180	O14977	AZIN1_HUMAN
ENSP00000273598	Q9BSH3	NICN1_HUMAN
ENSP00000364986	Q9BSE5	GDAH_HUMAN
ENSP00000301175	Q9UF12	HYPDH_HUMAN
ENSP00000405514	Q9ULJ8	NEB1_HUMAN
ENSP00000358802	Q03721	KCNC4_HUMAN
ENSP00000331581	Q6NUJ2	CK087_HUMAN
ENSP00000325091	Q5VUJ6	LRCH2_HUMAN
ENSP00000335094	Q86X19	TMM17_HUMAN
ENSP00000455041	H3BNW8	H3BNW8_HUMAN
ENSP00000334501	Q5HYR2	DMRTC_HUMAN
ENSP00000361287	Q00266	METK1_HUMAN
ENSP00000371219	Q15669	RHOH_HUMAN
ENSP00000478639	A0A087WUF9	A0A087WUF9_HUMAN
ENSP00000262545	P16519	NEC2_HUMAN
ENSP00000180173	Q9Y216	MTMR7_HUMAN
ENSP00000363394	Q9BRI3	ZNT2_HUMAN
ENSP00000267938	Q8WVN8	UB2Q2_HUMAN
ENSP00000396954	Q9Y2D1	ATF5_HUMAN
ENSP00000290271	P52823	STC1_HUMAN
ENSP00000382953	P31644	GBRA5_HUMAN
ENSP00000478892	P19086	GNAZ_HUMAN
ENSP00000326693	Q86VD7	S2542_HUMAN
ENSP00000263960	Q9H8M1	CQ10B_HUMAN
ENSP00000428612	Q5PT55	NTCP5_HUMAN
ENSP00000381857	A6NGR9	MROH6_HUMAN
ENSP00000367794	P78539	SRPX_HUMAN
ENSP00000228506	Q14165	MLEC_HUMAN
ENSP00000267970	O60637	TSN3_HUMAN
ENSP00000340914	Q9BQG1	SYT3_HUMAN
ENSP00000344831	Q8TBP6	S2540_HUMAN
ENSP00000494009	Q9NQ40	S52A3_HUMAN
ENSP00000377296	Q16143	SYUB_HUMAN
ENSP00000286301	P07333	CSF1R_HUMAN
ENSP00000384015	O94901	SUN1_HUMAN
ENSP00000392762	P40126	TYRP2_HUMAN
ENSP00000352167	Q8N8R3	S2529_HUMAN
ENSP00000455064	Q92536	YLAT2_HUMAN
ENSP00000481022	O15126	SCAM1_HUMAN
ENSP00000378854	P78330	SERB_HUMAN
ENSP00000435460	O00214	LEG8_HUMAN
ENSP00000365295	A6NEQ2	F181B_HUMAN
ENSP00000316909	Q8NDX2	VGLU3_HUMAN
ENSP00000361895	Q8NA29	NLS1_HUMAN
ENSP00000367890	O95544	NADK_HUMAN
ENSP00000255499	Q8TEB7	RN128_HUMAN
ENSP00000399136	P48065	S6A12_HUMAN
ENSP00000307701	P62079	TSN5_HUMAN
ENSP00000361471	P00966	ASSY_HUMAN
ENSP00000320378	Q9UHI5	LAT2_HUMAN
ENSP00000282538	Q6ZQY3	GADL1_HUMAN
ENSP00000428263	Q7Z3D6	GLUCM_HUMAN
ENSP00000301061	O00744	WN10B_HUMAN
ENSP00000361499	Q9GZM5	YIPF3_HUMAN
ENSP00000492798	A0A1W2PS29	A0A1W2PS29_HUMAN
ENSP00000321455	Q86XE3	MICU3_HUMAN
ENSP00000260403	Q0P6H9	TMM62_HUMAN
ENSP00000307134	Q9UQB3	CTND2_HUMAN
ENSP00000311196	Q8IUM7	NPAS4_HUMAN
ENSP00000266086	Q9NY91	SC5A4_HUMAN
ENSP00000343966	Q8WXF1	PSPC1_HUMAN
ENSP00000284767	Q53GG5	PDLI3_HUMAN
ENSP00000353920	P78563	RED1_HUMAN
ENSP00000378284	P43243	MATR3_HUMAN
ENSP00000380074	Q8NBW4	S38A9_HUMAN
ENSP00000392553	Q8NEB5	PLPP5_HUMAN
ENSP00000370543	P53794	SC5A3_HUMAN
ENSP00000230671	Q99884	SC6A7_HUMAN
ENSP00000307298	Q9UK73	FEM1B_HUMAN
ENSP00000349577	O43272	PROD_HUMAN
ENSP00000264170	Q16719	KYNU_HUMAN
ENSP00000417677	Q8IWT0	ARCH_HUMAN
ENSP00000455643	A0A0A6YYL1	A0A0A6YYL1_HUMAN
ENSP00000385746	P52788	SPSY_HUMAN
ENSP00000297578	Q9H2D1	S2532_HUMAN
ENSP00000259470	O60911	CATL2_HUMAN
ENSP00000231420	Q9BYV1	AGT2_HUMAN
ENSP00000398368	P42702	LIFR_HUMAN
ENSP00000379895	P50440	GATM_HUMAN
ENSP00000468897	P25090	FPR2_HUMAN
ENSP00000300255	P58658	EVA1C_HUMAN
ENSP00000371535	Q9HD40	SPCS_HUMAN
ENSP00000367137	Q9Y2C5	S17A4_HUMAN
ENSP00000305699	Q86VS8	HOOK3_HUMAN
ENSP00000363852	Q8WWI5	CTL1_HUMAN
ENSP00000348673	Q6IQ21	ZN770_HUMAN
ENSP00000370713	Q9NS39	RED2_HUMAN
ENSP00000434515	Q8NBI5	S43A3_HUMAN
ENSP00000386787	A2VDJ0	T131L_HUMAN
ENSP00000257910	Q12999	TSN31_HUMAN
ENSP00000370896	Q4ZG55	GREB1_HUMAN
ENSP00000403644	P20711	DDC_HUMAN
ENSP00000429190	Q8N8Q3	ENDOV_HUMAN
ENSP00000449756	F8VX04	F8VX04_HUMAN
ENSP00000296218	A0A499FIY3	A0A499FIY3_HUMAN
ENSP00000346127	Q9UF11	PKHB1_HUMAN
ENSP00000371294	O60931	CTNS_HUMAN
ENSP00000448182	Q8TC07	TBC15_HUMAN
ENSP00000299518	P50213	IDH3A_HUMAN
ENSP00000355893	Q6XR72	ZNT10_HUMAN
ENSP00000281456	P12235	ADT1_HUMAN
ENSP00000431284	O60711	LPXN_HUMAN
ENSP00000280612	Q9UPY5	XCT_HUMAN
ENSP00000384949	P32322	P5CR1_HUMAN
ENSP00000274353	Q93088	BHMT1_HUMAN
ENSP00000386272	Q08AI6	S38AB_HUMAN
ENSP00000023064	P82251	BAT1_HUMAN
ENSP00000236137	O60779	S19A2_HUMAN
ENSP00000296420	Q9ULC0	MUCEN_HUMAN
ENSP00000266771	Q8N697	S15A4_HUMAN
ENSP00000402758	P40967	PMEL_HUMAN
ENSP00000319991	O15403	MOT7_HUMAN
ENSP00000268638	Q02556	IRF8_HUMAN
ENSP00000284031	O94760	DDAH1_HUMAN
ENSP00000481127	A0AAG2SXN7	A0AAG2SXN7_HUMAN
ENSP00000495463	P0C7U1	ASA2B_HUMAN
ENSP00000361337	Q5JTB6	PLAC9_HUMAN
ENSP00000355652	Q7L0Q8	RHOU_HUMAN
ENSP00000258538	Q96JW4	S41A2_HUMAN
ENSP00000484903	A0A087X2D5	A0A087X2D5_HUMAN
ENSP00000404304	Q5H9R4	ARMX4_HUMAN
ENSP00000317379	O94925	GLSK_HUMAN
ENSP00000368572	P21673	SAT1_HUMAN
ENSP00000471683	Q8WUX1	S38A5_HUMAN
ENSP00000496842	Q8TF01	PNISR_HUMAN
ENSP00000226021	Q06432	CCG1_HUMAN
ENSP00000418994	Q8TBG9	SYNPR_HUMAN
ENSP00000463762	Q8NA31	TERB1_HUMAN
ENSP00000272542	Q8WUM9	S20A1_HUMAN
ENSP00000360252	Q9UJC3	HOOK1_HUMAN
ENSP00000392423	P78509	RELN_HUMAN
ENSP00000267845	P19113	DCHS_HUMAN
ENSP00000359100	P0DUB6	AMY1A_HUMAN
ENSP00000278426	O75387	LAT3_HUMAN
ENSP00000367164	P86496	PR20A_HUMAN
ENSP00000342267	Q9Y619	ORNT1_HUMAN
ENSP00000378757	Q7RTY1	MOT9_HUMAN
ENSP00000297524	Q8TCU3	S7A13_HUMAN
ENSP00000348161	Q9UJ42	GP160_HUMAN
ENSP00000272238	Q8NEY4	VATC2_HUMAN
ENSP00000480359	Q96HC4	PDLI5_HUMAN
ENSP00000267085	Q9Y600	CSAD_HUMAN
ENSP00000339374	Q96DT0	LEG12_HUMAN
ENSP00000481301	Q99624	S38A3_HUMAN
ENSP00000333667	P34897	GLYM_HUMAN
ENSP00000266579	Q969I6	S38A4_HUMAN
ENSP00000272233	P62745	RHOB_HUMAN
ENSP00000415998	Q6P1K1	HRG1_HUMAN
ENSP00000385725	B0QYL9	B0QYL9_HUMAN
ENSP00000323549	Q96N87	S6A18_HUMAN
ENSP00000259229	Q96NT0	VMA22_HUMAN
ENSP00000479735	A0A087WVW6	A0A087WVW6_HUMAN
ENSP00000267205	Q9HBH0	RHOF_HUMAN
ENSP00000373399	Q5T9C9	PI5L1_HUMAN
ENSP00000461382	Q8N370	LAT4_HUMAN
ENSP00000349893	Q6UY11	DLK2_HUMAN
ENSP00000307449	Q7Z6G3	NECA2_HUMAN
ENSP00000358783	P48146	NPBW2_HUMAN
ENSP00000385616	Q9UH99	SUN2_HUMAN
ENSP00000310301	Q02447	SP3_HUMAN
ENSP00000334223	Q495M3	S36A2_HUMAN
ENSP00000327589	P49448	DHE4_HUMAN
ENSP00000368450	Q01151	CD83_HUMAN
ENSP00000434364	Q9Y345	SC6A5_HUMAN
ENSP00000299709	A6NNN8	S38A8_HUMAN
ENSP00000427603	E9PBQ7	E9PBQ7_HUMAN
ENSP00000239451	Q9BXI2	ORNT2_HUMAN
ENSP00000371420	Q14956	GPNMB_HUMAN
ENSP00000330475	Q86T26	TM11B_HUMAN
ENSP00000313829	Q07666	KHDR1_HUMAN
ENSP00000354689	Q96H72	S39AD_HUMAN
ENSP00000323847	Q8N4G2	ARL14_HUMAN
ENSP00000229002	Q9H628	RERGL_HUMAN
ENSP00000258411	Q9GZT5	WN10A_HUMAN
ENSP00000276079	Q15233	NONO_HUMAN
ENSP00000438949	O00305	CACB4_HUMAN
ENSP00000472620	Q9P296	C5AR2_HUMAN
ENSP00000362560	Q96N03	VTM2L_HUMAN
ENSP00000289269	Q9Y5I4	PCDC2_HUMAN
ENSP00000322020	Q9H936	GHC1_HUMAN
ENSP00000402460	Q9H4D0	CSTN2_HUMAN
ENSP00000355536	Q99707	METH_HUMAN
ENSP00000418648	Q6ZU65	UBN2_HUMAN
ENSP00000359976	P32929	CGL_HUMAN
ENSP00000370737	P23378	GCSP_HUMAN
ENSP00000477597	A0A087WT58	A0A087WT58_HUMAN
ENSP00000304956	Q10571	MN1_HUMAN
ENSP00000362298	O95470	SGPL1_HUMAN
ENSP00000357844	Q8TF71	MOT10_HUMAN
ENSP00000473361	P59646	FXYD4_HUMAN
ENSP00000370568	Q3SXP7	SHSL1_HUMAN
ENSP00000264501	Q2LD37	BLTP1_HUMAN
ENSP00000370635	Q15043	S39AE_HUMAN
ENSP00000491651	A0A1W2PPQ1	A0A1W2PPQ1_HUMAN
ENSP00000457408	O60268	K0513_HUMAN
ENSP00000004982	O14558	HSPB6_HUMAN
ENSP00000290363	Q8N365	CIART_HUMAN
ENSP00000359070	Q9NZ72	STMN3_HUMAN
ENSP00000367034	P62805	H4_HUMAN
ENSP00000333982	Q9GZM8	NDEL1_HUMAN
ENSP00000303942	P14770	GPIX_HUMAN
ENSP00000377547	Q8IV13	CCNJL_HUMAN
ENSP00000309772	A4D0V7	CPED1_HUMAN
ENSP00000407353	Q8N9Z9	LMTD1_HUMAN
ENSP00000462355	P62805	H4_HUMAN
ENSP00000364870	Q8N241	Q8N241_HUMAN
ENSP00000252699	O43707	ACTN4_HUMAN
ENSP00000353344	P15036	ETS2_HUMAN
ENSP00000276410	Q15825	ACHA6_HUMAN
ENSP00000295452	Q8N1C3	GBRG1_HUMAN
ENSP00000296097	Q8N7S2	DNJ5G_HUMAN
ENSP00000252456	P51911	CNN1_HUMAN
ENSP00000360305	O00151	PDLI1_HUMAN
ENSP00000324302	Q8NFX7	STXB6_HUMAN
ENSP00000297508	Q8IY33	MILK2_HUMAN
ENSP00000471593	P0DKX0	ZN728_HUMAN
ENSP00000367615	P07741	APT_HUMAN
ENSP00000362924	P06396	GELS_HUMAN
ENSP00000348132	Q9BXU1	STK31_HUMAN
ENSP00000281938	Q9UJY1	HSPB8_HUMAN
ENSP00000354826	Q05682	CALD1_HUMAN
ENSP00000398832	P30556	AGTR1_HUMAN
ENSP00000398832	D3DNG8	D3DNG8_HUMAN
ENSP00000263697	O75937	DNJC8_HUMAN
ENSP00000479461	P62805	H4_HUMAN
ENSP00000380349	P20807	CAN3_HUMAN
ENSP00000432651	A8MU46	SMTL1_HUMAN
ENSP00000360293	Q9BX66	SRBS1_HUMAN
ENSP00000226207	P12882	MYH1_HUMAN
ENSP00000381032	Q86SE8	NPM2_HUMAN
ENSP00000312675	Q6ZMU5	TRI72_HUMAN
ENSP00000305244	P78414	IRX1_HUMAN
ENSP00000252809	Q99988	GDF15_HUMAN
ENSP00000269373	Q9HA64	KT3K_HUMAN
ENSP00000350332	Q14324	MYPC2_HUMAN
ENSP00000352272	Q9NP98	MYOZ1_HUMAN
ENSP00000238994	Q9UQK1	PPR3C_HUMAN
ENSP00000206423	Q76M96	CCD80_HUMAN
ENSP00000364685	P55001	MFAP2_HUMAN
ENSP00000281623	Q9UKT5	FBX4_HUMAN
ENSP00000361306	Q8WYN0	ATG4A_HUMAN
ENSP00000370201	Q9Y3D8	KAD6_HUMAN
ENSP00000280979	Q13023	AKAP6_HUMAN
ENSP00000466907	Q96C55	ZN524_HUMAN
ENSP00000418751	Q96Q07	BTBD9_HUMAN
ENSP00000499593	P45379	TNNT2_HUMAN
ENSP00000410732	P18507	GBRG2_HUMAN
ENSP00000334415	A6NL82	CF144_HUMAN
ENSP00000301242	Q96A00	PP14A_HUMAN
ENSP00000351908	Q99683	M3K5_HUMAN
ENSP00000462667	P62805	H4_HUMAN
ENSP00000295065	Q9Y316	MEMO1_HUMAN
ENSP00000444596	O75592	MYCB2_HUMAN
ENSP00000467176	P13805	TNNT1_HUMAN
ENSP00000252825	P23327	SRCH_HUMAN
ENSP00000233121	Q9UPY8	MARE3_HUMAN
ENSP00000297819	Q8WWF3	SSMM1_HUMAN
ENSP00000264908	P12429	ANXA3_HUMAN
ENSP00000282670	Q8N7M0	DYLT5_HUMAN
ENSP00000496597	A0A2R8Y891	A0A2R8Y891_HUMAN
ENSP00000300504	Q8IYX1	TBC21_HUMAN
ENSP00000250237	Q9BXR0	TGT_HUMAN
ENSP00000308117	Q9HCU0	CD248_HUMAN
ENSP00000354830	Q96D03	DDT4L_HUMAN
ENSP00000367792	Q5T089	MORN1_HUMAN
ENSP00000261637	O75691	UTP20_HUMAN
ENSP00000484398	A0A087X1R1	A0A087X1R1_HUMAN
ENSP00000357057	P31415	CASQ1_HUMAN
ENSP00000364677	Q9Y330	ZBT12_HUMAN
ENSP00000300784	Q9H479	FN3K_HUMAN
ENSP00000362071	Q9BR39	JPH2_HUMAN
ENSP00000430947	Q9ULV5	HSF4_HUMAN
ENSP00000343140	Q702N8	XIRP1_HUMAN
ENSP00000194214	Q9Y547	IFT25_HUMAN
ENSP00000479106	P62805	H4_HUMAN
ENSP00000369139	P13640	MT1G_HUMAN
ENSP00000309606	Q9H9D4	ZN408_HUMAN
ENSP00000201979	O75628	REM1_HUMAN
ENSP00000397598	Q8NBH2	KY_HUMAN
ENSP00000365243	Q96KJ9	COX42_HUMAN
ENSP00000283713	O15195	VILL_HUMAN
ENSP00000385510	P81274	GPSM2_HUMAN
ENSP00000269586	A6NH57	ARL5C_HUMAN
ENSP00000371336	P48788	TNNI2_HUMAN
ENSP00000377490	Q9H8M9	EVA1A_HUMAN
ENSP00000284322	Q7Z7G0	TARSH_HUMAN
ENSP00000356811	Q9Y450	HBS1L_HUMAN
ENSP00000416154	C9JI98	TM238_HUMAN
ENSP00000252252	P04259	K2C6B_HUMAN
ENSP00000216962	P11216	PYGB_HUMAN
ENSP00000304987	Q13515	BFSP2_HUMAN
ENSP00000249842	O14498	ISLR_HUMAN
ENSP00000302485	Q9Y534	CSDC2_HUMAN
ENSP00000452120	Q13683	ITA7_HUMAN
ENSP00000295728	P53672	CRBA2_HUMAN
ENSP00000255262	Q9GZQ4	NMUR2_HUMAN
ENSP00000479113	Q99928	GBRG3_HUMAN
ENSP00000378418	P0CG40	SP9_HUMAN
ENSP00000324101	P48509	CD151_HUMAN
ENSP00000250535	Q16878	CDO1_HUMAN
ENSP00000479794	P62805	H4_HUMAN
ENSP00000297283	P15259	PGAM2_HUMAN
ENSP00000414236	C9JCN9	HSBPL_HUMAN
ENSP00000263867	P40121	CAPG_HUMAN
ENSP00000293230	Q8WWM9	CYGB_HUMAN
ENSP00000164139	P11217	PYGM_HUMAN
ENSP00000480960	P62805	H4_HUMAN
ENSP00000264059	Q9BUP0	EFHD1_HUMAN
ENSP00000401437	O75112	LDB3_HUMAN
ENSP00000484552	P36382	CXA5_HUMAN
ENSP00000306015	Q9UMS6	SYNP2_HUMAN
ENSP00000312624	O15273	TELT_HUMAN
ENSP00000309953	O95967	FBLN4_HUMAN
ENSP00000269582	P11086	PNMT_HUMAN
ENSP00000442308	O15226	NKRF_HUMAN
ENSP00000386892	Q14192	FHL2_HUMAN
ENSP00000365147	Q96C19	EFHD2_HUMAN
ENSP00000332198	Q9NPE3	NOP10_HUMAN
ENSP00000352248	Q9UJ72	ANX10_HUMAN
ENSP00000321951	Q9BWQ8	LFG2_HUMAN
ENSP00000261177	A1L157	TSN11_HUMAN
ENSP00000371729	Q9NZJ4	SACS_HUMAN
ENSP00000349541	Q6NZI2	CAVN1_HUMAN
ENSP00000498684	Q13642	FHL1_HUMAN
ENSP00000498905	P43320	CRBB2_HUMAN
ENSP00000378401	Q08629	TICN1_HUMAN
ENSP00000285402	Q14990	ODFP1_HUMAN
ENSP00000258052	O60906	NSMA_HUMAN
ENSP00000347168	P62805	H4_HUMAN
ENSP00000378605	Q96LL9	DJC30_HUMAN
ENSP00000352455	Q13361	MFAP5_HUMAN
ENSP00000388910	Q14934	NFAC4_HUMAN
ENSP00000479153	A0A024R571	A0A024R571_HUMAN
ENSP00000225387	P05813	CRBA1_HUMAN
ENSP00000331544	P23142	FBLN1_HUMAN
ENSP00000435373	Q5T5M9	CCNJ_HUMAN
ENSP00000307197	Q7Z6W7	DNJB7_HUMAN
ENSP00000306997	Q9NPC6	MYOZ2_HUMAN
ENSP00000377941	P12814	ACTN1_HUMAN
ENSP00000315182	Q6PI26	SHQ1_HUMAN
ENSP00000257905	Q13522	PPR1A_HUMAN
ENSP00000276570	Q9UF47	DNJ5B_HUMAN
ENSP00000368523	Q9Y5T4	DJC15_HUMAN
ENSP00000392896	O75506	HSBP1_HUMAN
ENSP00000356632	Q9P1F3	ABRAL_HUMAN
ENSP00000231061	P09486	SPRC_HUMAN
ENSP00000263277	Q9NZN4	EHD2_HUMAN
ENSP00000380781	Q14938	NFIX_HUMAN
ENSP00000326022	Q5TD97	FHL5_HUMAN
ENSP00000344215	Q96A56	T53I1_HUMAN
ENSP00000378207	P24588	AKAP5_HUMAN
ENSP00000462435	Q9BW30	TPPP3_HUMAN
ENSP00000474534	S4R3N1	S4R3N1_HUMAN
ENSP00000257198	Q08554	DSC1_HUMAN
ENSP00000302562	Q96EW2	HBAP1_HUMAN
ENSP00000338343	Q92629	SGCD_HUMAN
ENSP00000386041	P13533	MYH6_HUMAN
ENSP00000362107	Q13643	FHL3_HUMAN
ENSP00000346805	P53673	CRBA4_HUMAN
ENSP00000362131	Q13156	RFA4_HUMAN
ENSP00000357440	Q03933	HSF2_HUMAN
ENSP00000265132	P02760	AMBP_HUMAN
ENSP00000362776	Q07092	COGA1_HUMAN
ENSP00000354718	Q12802	AKP13_HUMAN
ENSP00000261448	O14958	CASQ2_HUMAN
ENSP00000343507	Q66K66	TM198_HUMAN
ENSP00000328137	P04732	MT1E_HUMAN
ENSP00000382518	Q86TD4	SRCA_HUMAN
ENSP00000377411	Q9NRX3	CX4L2_HUMAN
ENSP00000380904	P05423	RPC4_HUMAN
ENSP00000380367	Q9UKX2	MYH2_HUMAN
ENSP00000255416	Q13203	MYBPH_HUMAN
ENSP00000305877	Q9HB89	NMUR1_HUMAN
ENSP00000363970	Q9H492	MLP3A_HUMAN
ENSP00000378957	P55083	MFAP4_HUMAN
ENSP00000262139	Q5MNZ9	WIPI1_HUMAN
ENSP00000342828	Q8TAU0	NKX23_HUMAN
ENSP00000331678	Q9Y446	PKP3_HUMAN
ENSP00000300107	O76031	CLPX_HUMAN
ENSP00000370975	P45378	TNNT3_HUMAN
ENSP00000356791	Q07507	DERM_HUMAN
ENSP00000347852	O94875	SRBS2_HUMAN
ENSP00000345008	Q9UBX5	FBLN5_HUMAN
ENSP00000419377	C9JVC3	C9JVC3_HUMAN
ENSP00000356070	P49137	MAPK2_HUMAN
ENSP00000362111	O43657	TSN6_HUMAN
ENSP00000407685	P22105	TENX_HUMAN
ENSP00000484789	P62805	H4_HUMAN
ENSP00000358532	Q5T481	RBM20_HUMAN
ENSP00000322061	P10643	CO7_HUMAN
ENSP00000363017	P15927	RFA2_HUMAN
ENSP00000242729	Q14714	SSPN_HUMAN
ENSP00000296130	P05452	TETN_HUMAN
ENSP00000495811	Q00604	NDP_HUMAN
ENSP00000300283	P12532	KCRU_HUMAN
ENSP00000410715	Q6FHJ7	SFRP4_HUMAN
ENSP00000401633	F8W883	F8W883_HUMAN
ENSP00000358865	Q16352	AINX_HUMAN
ENSP00000284240	P04216	THY1_HUMAN
ENSP00000304408	P02461	CO3A1_HUMAN
ENSP00000325776	A2A2V5	SRTM1_HUMAN
ENSP00000380165	P17025	ZN182_HUMAN
ENSP00000362041	Q8WXX5	DNJC9_HUMAN
ENSP00000219599	Q14894	CRYM_HUMAN
ENSP00000293379	P08648	ITA5_HUMAN
ENSP00000339730	P35443	TSP4_HUMAN
ENSP00000452793	Q6ZNW5	GDPP1_HUMAN
ENSP00000220325	Q9H223	EHD4_HUMAN
ENSP00000362524	Q9UKU9	ANGL2_HUMAN
ENSP00000424495	Q9UL40	ZN346_HUMAN
ENSP00000412886	O94983	CMTA2_HUMAN
ENSP00000343924	P51888	PRELP_HUMAN
ENSP00000397178	Q96RE9	ZN300_HUMAN
ENSP00000257861	O75366	AVIL_HUMAN
ENSP00000380365	Q15493	RGN_HUMAN
ENSP00000280154	Q53EL6	PDCD4_HUMAN
ENSP00000341838	P19429	TNNI3_HUMAN
ENSP00000255381	Q9Y623	MYH4_HUMAN
ENSP00000294964	Q504Y2	PKDCC_HUMAN
ENSP00000345997	Q09013	DMPK_HUMAN
ENSP00000262018	Q16586	SGCA_HUMAN
ENSP00000349131	Q9BXY4	RSPO3_HUMAN
ENSP00000285381	P07451	CAH3_HUMAN
ENSP00000320548	J3KNJ8	J3KNJ8_HUMAN
ENSP00000443017	P62805	H4_HUMAN
ENSP00000380116	Q2NL68	PRSR3_HUMAN
ENSP00000241356	P0DMS8	AA3R_HUMAN
ENSP00000375855	P20941	PHOS_HUMAN
ENSP00000256951	P54849	EMP1_HUMAN
ENSP00000356899	Q16832	DDR2_HUMAN
ENSP00000351022	P09493	TPM1_HUMAN
ENSP00000417050	B4E171	B4E171_HUMAN
ENSP00000457243	O60936	NOL3_HUMAN
ENSP00000216392	P06737	PYGL_HUMAN
ENSP00000372005	Q96DA6	TIM14_HUMAN
ENSP00000376287	P22914	CRYGS_HUMAN
ENSP00000384169	P98095	FBLN2_HUMAN
ENSP00000402723	Q03431	PTH1R_HUMAN
ENSP00000297029	Q9Y6U3	SCIN_HUMAN
ENSP00000259467	Q13371	PHLP_HUMAN
ENSP00000353608	Q14574	DSC3_HUMAN
ENSP00000225171	Q9UKB3	DJC12_HUMAN
ENSP00000280904	Q02487	DSC2_HUMAN
ENSP00000244537	P62805	H4_HUMAN
ENSP00000481486	P62805	H4_HUMAN
ENSP00000359225	Q15417	CNN3_HUMAN
ENSP00000263645	P60033	CD81_HUMAN
ENSP00000356257	P29536	LMOD1_HUMAN
ENSP00000311997	P12036	NFH_HUMAN
ENSP00000291554	P02489	CRYAA_HUMAN
ENSP00000344903	O60675	MAFK_HUMAN
ENSP00000371958	P21926	CD9_HUMAN
ENSP00000256593	P46439	GSTM5_HUMAN
ENSP00000367104	Q12934	BFSP1_HUMAN
ENSP00000355537	P35609	ACTN2_HUMAN
ENSP00000497550	Q6UXB8	PI16_HUMAN
ENSP00000268150	Q08431	MFGM_HUMAN
ENSP00000239461	P54821	PRRX1_HUMAN
ENSP00000368305	Q9NPB8	GPCP1_HUMAN
ENSP00000332511	Q6UWY5	OLFL1_HUMAN
ENSP00000422007	A0A087WSZ2	A0A087WSZ2_HUMAN
ENSP00000379616	P35749	MYH11_HUMAN
ENSP00000393139	O00311	CDC7_HUMAN
ENSP00000482899	Q6UXH9	PAMR1_HUMAN
ENSP00000254079	Q9UD71	PPR1B_HUMAN
ENSP00000299340	Q96J86	CYYR1_HUMAN
ENSP00000310459	Q9NQ31	AKIP1_HUMAN
ENSP00000366974	P62805	H4_HUMAN
ENSP00000264711	Q9NZQ0	DJC27_HUMAN
ENSP00000458018	Q9BQS6	HSPB9_HUMAN
ENSP00000429344	Q9UL42	PNMA2_HUMAN
ENSP00000417418	Q8NHS0	DNJB8_HUMAN
ENSP00000363191	P60602	ROMO1_HUMAN
ENSP00000245185	P02795	MT2_HUMAN
ENSP00000373328	A0A0A0MRY9	A0A0A0MRY9_HUMAN
ENSP00000481249	O14508	SOCS2_HUMAN
ENSP00000375618	Q8N149	LIRA2_HUMAN
ENSP00000419881	C9JYJ0	C9JYJ0_HUMAN
ENSP00000351407	P27540	ARNT_HUMAN
ENSP00000261211	Q00537	CDK17_HUMAN
ENSP00000315731	Q641Q3	METRL_HUMAN
ENSP00000295266	P29803	ODPAT_HUMAN
ENSP00000313079	Q6UWI4	SHSA2_HUMAN
ENSP00000473194	Q8N3P8	Q8N3P8_HUMAN
ENSP00000430031	Q86VQ6	TRXR3_HUMAN
ENSP00000430031	H0YBQ0	H0YBQ0_HUMAN
ENSP00000313432	Q9UBQ7	GRHPR_HUMAN
ENSP00000359680	Q86XE5	HOGA1_HUMAN
ENSP00000361097	Q9H8L6	MMRN2_HUMAN
ENSP00000368818	Q6ZVM7	TM1L2_HUMAN
ENSP00000360262	Q96C11	FGGY_HUMAN
ENSP00000264990	Q709F0	ACD11_HUMAN
ENSP00000256104	P15090	FABP4_HUMAN
ENSP00000391800	Q9ULZ1	APEL_HUMAN
ENSP00000358460	O15247	CLIC2_HUMAN
ENSP00000196371	P55809	SCOT1_HUMAN
ENSP00000302177	Q6ZWT7	MBOA2_HUMAN
ENSP00000219302	Q13232	NDKC_HUMAN
ENSP00000221476	P06732	KCRM_HUMAN
ENSP00000297107	Q86SR1	GLT10_HUMAN
ENSP00000301149	P21695	GPDA_HUMAN
ENSP00000414066	Q9NRP4	SDHF3_HUMAN
ENSP00000221515	Q9HD89	RETN_HUMAN
ENSP00000298198	Q6PCE3	PGM2L_HUMAN
ENSP00000260702	Q96JB6	LOXL4_HUMAN
ENSP00000363216	Q9ULD0	OGDHL_HUMAN
ENSP00000491227	A0A1W2PP11	A0A1W2PP11_HUMAN
ENSP00000258243	Q14146	URB2_HUMAN
ENSP00000481149	Q8N2N9	AN36B_HUMAN
ENSP00000354432	Q9BXX3	AN30A_HUMAN
ENSP00000354432	R4GNA2	R4GNA2_HUMAN
ENSP00000370003	O60238	BNI3L_HUMAN
ENSP00000483403	A0A087X0H5	A0A087X0H5_HUMAN
ENSP00000261439	Q86TI0	TBCD1_HUMAN
ENSP00000443246	F5H5P2	F5H5P2_HUMAN
ENSP00000219551	O75783	RHBL1_HUMAN
ENSP00000396225	Q14154	DELE1_HUMAN
ENSP00000388183	E9PDF2	E9PDF2_HUMAN
ENSP00000336790	P18848	ATF4_HUMAN
ENSP00000370555	O15488	GLYG2_HUMAN
ENSP00000315743	Q16589	CCNG2_HUMAN
ENSP00000478257	Q6ZMN8	CCNI2_HUMAN
ENSP00000350359	Q02930	CREB5_HUMAN
ENSP00000266397	Q96DN0	ERP27_HUMAN
ENSP00000264331	Q02880	TOP2B_HUMAN
ENSP00000483276	Q9H0R3	TM222_HUMAN
ENSP00000332604	Q99613	EIF3C_HUMAN
ENSP00000356990	Q8NEP7	KLDC9_HUMAN
ENSP00000246337	P06132	DCUP_HUMAN
ENSP00000245919	P53539	FOSB_HUMAN
ENSP00000351141	Q15007	FL2D_HUMAN
ENSP00000367312	Q5TEA6	SE1L2_HUMAN
ENSP00000271373	O95563	MPC2_HUMAN
ENSP00000455897	P22897	MRC1_HUMAN
ENSP00000267426	A5D6W6	FITM1_HUMAN
ENSP00000240651	Q8WU10	PYRD1_HUMAN
ENSP00000262109	Q86X53	ERIC1_HUMAN
ENSP00000367069	Q9P243	ZFAT_HUMAN
ENSP00000364145	P16118	F261_HUMAN
ENSP00000344635	P51959	CCNG1_HUMAN
ENSP00000364883	Q13825	AUHM_HUMAN
ENSP00000396304	C9JDP6	CLD25_HUMAN
ENSP00000406490	P54277	PMS1_HUMAN
ENSP00000351284	P43351	RAD52_HUMAN
ENSP00000381666	Q4G148	GXLT1_HUMAN
ENSP00000285737	Q86WA8	LONP2_HUMAN
ENSP00000455047	H3BNX3	H3BNX3_HUMAN
ENSP00000262430	O95822	DCMC_HUMAN
ENSP00000252818	P17535	JUND_HUMAN
ENSP00000221200	Q7L273	KCTD9_HUMAN
ENSP00000362144	Q8NE86	MCU_HUMAN
ENSP00000279488	Q16828	DUS6_HUMAN
ENSP00000324277	Q96LR9	APLD1_HUMAN
ENSP00000276420	O60496	DOK2_HUMAN
ENSP00000449884	Q9Y6G3	RM42_HUMAN
ENSP00000405423	Q9HCP6	HHATL_HUMAN
ENSP00000453854	Q93073	SBP2L_HUMAN
ENSP00000469223	Q9UBD0	HSFX1_HUMAN
ENSP00000340507	O15164	TIF1A_HUMAN
ENSP00000446242	F6RGN5	F6RGN5_HUMAN
ENSP00000355964	Q92604	LGAT1_HUMAN
ENSP00000335463	Q8NG31	KNL1_HUMAN
ENSP00000323071	Q8N9L9	ACOT4_HUMAN
ENSP00000477572	A0A087WT44	A0A087WT44_HUMAN
ENSP00000232375	Q16877	F264_HUMAN
ENSP00000302851	Q9UHI7	S23A1_HUMAN
ENSP00000428056	P27986	P85A_HUMAN
ENSP00000294454	Q6PIV7	S2534_HUMAN
ENSP00000338283	Q99743	NPAS2_HUMAN
ENSP00000436585	Q9NTX5	ECHD1_HUMAN
ENSP00000376475	P10644	KAP0_HUMAN
ENSP00000221418	Q13011	ECH1_HUMAN
ENSP00000218758	P13686	PPA5_HUMAN
ENSP00000264709	Q9Y6K1	DNM3A_HUMAN
ENSP00000495778	Q8WTS1	ABHD5_HUMAN
ENSP00000362409	Q96TA1	NIBA2_HUMAN
ENSP00000378367	Q8WWG1	NRG4_HUMAN
ENSP00000350078	Q03989	ARI5A_HUMAN
ENSP00000301327	Q96ES6	S33A2_HUMAN
ENSP00000219789	O14735	CDIPT_HUMAN
ENSP00000468253	K7ERG9	K7ERG9_HUMAN
ENSP00000433933	P54315	LIPR1_HUMAN
ENSP00000384610	Q6ZV29	PLPL7_HUMAN
ENSP00000287387	Q96HA8	NTAQ1_HUMAN
ENSP00000423190	Q8N5Z0	AADAT_HUMAN
ENSP00000362255	Q5TGU0	TSPO2_HUMAN
ENSP00000341785	Q96A54	PAQR1_HUMAN
ENSP00000371393	Q96G03	PGM2_HUMAN
ENSP00000323074	Q7Z5J4	RAI1_HUMAN
ENSP00000351159	O75175	CNOT3_HUMAN
ENSP00000490928	A0A1B0GWH4	HSFX3_HUMAN
ENSP00000379802	Q01432	AMPD3_HUMAN
ENSP00000382071	P50747	BPL1_HUMAN
ENSP00000238379	Q9BSH5	HDHD3_HUMAN
ENSP00000345555	A6NNW6	ENO4_HUMAN
ENSP00000290705	P04731	MT1A_HUMAN
ENSP00000430706	Q6IS14	IF5AL_HUMAN
ENSP00000342952	Q08462	ADCY2_HUMAN
ENSP00000247219	Q6SJ96	TBPL2_HUMAN
ENSP00000327255	P35813	PPM1A_HUMAN
ENSP00000418823	Q9C0B1	FTO_HUMAN
ENSP00000418112	P23470	PTPRG_HUMAN
ENSP00000299163	Q9NWT6	HIF1N_HUMAN
ENSP00000429633	P10243	MYBA_HUMAN
ENSP00000365016	Q9Y4H2	IRS2_HUMAN
ENSP00000371110	O75600	KBL_HUMAN
ENSP00000379500	Q8IX04	UEVLD_HUMAN
ENSP00000299608	Q96JJ7	TMX3_HUMAN
ENSP00000377696	Q9NQR4	NIT2_HUMAN
ENSP00000473290	H0UI80	H0UI80_HUMAN
ENSP00000367830	Q05513	KPCZ_HUMAN
ENSP00000263776	Q96QU6	1A1L1_HUMAN
ENSP00000265138	Q96B67	ARRD3_HUMAN
ENSP00000346255	Q8NI37	PPTC7_HUMAN
ENSP00000381773	O95985	TOP3B_HUMAN
ENSP00000430241	Q9HAK2	COE2_HUMAN
ENSP00000365601	Q5T6J7	GNTK_HUMAN
ENSP00000320337	P53816	PLAT3_HUMAN
ENSP00000317985	O75116	ROCK2_HUMAN
ENSP00000499676	A0A590UK20	A0A590UK20_HUMAN
ENSP00000375986	Q9Y6R4	M3K4_HUMAN
ENSP00000348020	Q9UHC1	MLH3_HUMAN
ENSP00000265717	P31323	KAP3_HUMAN
ENSP00000360569	P22307	SCP2_HUMAN
ENSP00000350136	Q9ULI2	RIMKB_HUMAN
ENSP00000270776	P52209	6PGD_HUMAN
ENSP00000359444	Q9UBD0	HSFX1_HUMAN
ENSP00000379065	Q9UHF7	TRPS1_HUMAN
ENSP00000466639	K7EMT4	K7EMT4_HUMAN
ENSP00000264451	Q6PML9	ZNT9_HUMAN
ENSP00000374353	Q6PII5	HAGHL_HUMAN
ENSP00000303246	Q8WYK0	ACO12_HUMAN
ENSP00000373702	A8MPX8	PP2D1_HUMAN
ENSP00000498976	Q15760	GPR19_HUMAN
ENSP00000384018	Q9Y618	NCOR2_HUMAN
ENSP00000339992	P10242	MYB_HUMAN
ENSP00000267935	Q9H0A8	COMD4_HUMAN
ENSP00000246672	P20393	NR1D1_HUMAN
ENSP00000386280	Q9BWW8	APOL6_HUMAN
ENSP00000478931	Q9BRQ8	FSP1_HUMAN
ENSP00000266304	Q10587	TEF_HUMAN
ENSP00000253063	P58004	SESN2_HUMAN
ENSP00000346886	Q06546	GABPA_HUMAN
ENSP00000483103	A0JP26	POTB3_HUMAN
ENSP00000335444	Q86XW9	TXND6_HUMAN
ENSP00000440850	B4DZ31	B4DZ31_HUMAN
ENSP00000330389	Q6GMV3	PTRD1_HUMAN
ENSP00000282908	Q9NY57	ST32B_HUMAN
ENSP00000433761	Q96JA4	M4A14_HUMAN
ENSP00000499970	A0A5F9ZHS7	NFILZ_HUMAN
ENSP00000268835	O60256	KPRB_HUMAN
ENSP00000260323	Q8NB66	UN13C_HUMAN
ENSP00000445002	Q6Q788	APOA5_HUMAN
ENSP00000424595	P21108	PRPS3_HUMAN
ENSP00000424595	A0A0B4J207	A0A0B4J207_HUMAN
ENSP00000356481	Q9BZQ8	NIBA1_HUMAN
ENSP00000225916	Q92830	KAT2A_HUMAN
ENSP00000368664	Q9H4X1	RGCC_HUMAN
ENSP00000480091	Q9NPI5	NRK2_HUMAN
ENSP00000322276	O95498	VNN2_HUMAN
ENSP00000384371	P41182	BCL6_HUMAN
ENSP00000222553	P43490	NAMPT_HUMAN
ENSP00000426103	Q96AX9	MIB2_HUMAN
ENSP00000426103	E9PD12	E9PD12_HUMAN
ENSP00000365159	Q9BUE6	ISCA1_HUMAN
ENSP00000359691	Q5TDP6	LGSN_HUMAN
ENSP00000264705	P27708	PYR1_HUMAN
ENSP00000353013	Q86T13	CLC14_HUMAN
ENSP00000300069	Q6ZRY4	RBPS2_HUMAN
ENSP00000342351	Q16656	NRF1_HUMAN
ENSP00000365462	P05165	PCCA_HUMAN
ENSP00000305465	Q8N807	PDILT_HUMAN
ENSP00000364140	P39059	COFA1_HUMAN
ENSP00000356047	O60825	F262_HUMAN
ENSP00000263035	Q96HY7	DHTK1_HUMAN
ENSP00000269097	Q9BUM1	G6PC3_HUMAN
ENSP00000289382	Q9UKZ1	CNO11_HUMAN
ENSP00000377668	P51687	SUOX_HUMAN
ENSP00000419027	P05166	PCCB_HUMAN
ENSP00000461324	B4DLN1	B4DLN1_HUMAN
ENSP00000483312	A0A087X0D8	A0A087X0D8_HUMAN
ENSP00000359022	Q9HB03	ELOV3_HUMAN
ENSP00000308610	P43304	GPDM_HUMAN
ENSP00000361845	O75844	FACE1_HUMAN
ENSP00000309092	Q9Y5P6	GMPPB_HUMAN
ENSP00000366702	Q9UJM3	ERRFI_HUMAN
ENSP00000355566	Q15388	TOM20_HUMAN
ENSP00000291572	Q9NRZ7	PLCC_HUMAN
ENSP00000337701	Q96AD5	PLPL2_HUMAN
ENSP00000342502	Q96C36	P5CR2_HUMAN
ENSP00000368565	Q99543	DNJC2_HUMAN
ENSP00000302441	Q8TBE9	NANP_HUMAN
ENSP00000292401	P25311	ZA2G_HUMAN
ENSP00000354876	P00403	COX2_HUMAN
ENSP00000263918	O43815	STRN_HUMAN
ENSP00000394107	H7C0C1	H7C0C1_HUMAN
ENSP00000399862	Q9H9A5	CNO10_HUMAN
ENSP00000268719	Q8IVV7	GID4_HUMAN
ENSP00000405424	Q8N573	OXR1_HUMAN
ENSP00000348206	Q9Y3B1	PLD3B_HUMAN
ENSP00000489814	A0A1B0GTS1	HSFX4_HUMAN
ENSP00000282412	O75688	PPM1B_HUMAN
ENSP00000494664	P19367	HXK1_HUMAN
ENSP00000370808	P12236	ADT3_HUMAN
ENSP00000309463	A6NK58	LIPT2_HUMAN
ENSP00000295767	Q8N4Q1	MIA40_HUMAN
ENSP00000429089	O96020	CCNE2_HUMAN
ENSP00000381504	P11908	PRPS2_HUMAN
ENSP00000304782	Q6UWW8	EST3_HUMAN
ENSP00000256261	Q9BV47	DUS26_HUMAN
ENSP00000248594	Q05209	PTN12_HUMAN
ENSP00000450607	Q9UNS1	TIM_HUMAN
ENSP00000371272	Q00G26	PLIN5_HUMAN
ENSP00000351856	B2RU33	POTEC_HUMAN
ENSP00000355374	Q9UJX0	OSGI1_HUMAN
ENSP00000450436	Q02252	MMSA_HUMAN
ENSP00000469315	Q9H2R5	KLK15_HUMAN
ENSP00000406472	Q96Q40	CDK15_HUMAN
ENSP00000448062	A6NI47	POTEM_HUMAN
ENSP00000295190	Q7RTX9	MOT14_HUMAN
ENSP00000241651	P15173	MYOG_HUMAN
ENSP00000361083	Q15847	ADIRF_HUMAN
ENSP00000367900	Q9UQ88	CD11A_HUMAN
ENSP00000293756	Q96PC2	IP6K3_HUMAN
ENSP00000295755	Q9BQ08	RETNB_HUMAN
ENSP00000228644	P13349	MYF5_HUMAN
ENSP00000368637	Q9UGH3	S23A2_HUMAN
ENSP00000451712	Q9UN36	NDRG2_HUMAN
ENSP00000370938	P49336	CDK8_HUMAN
ENSP00000457513	P13073	COX41_HUMAN
ENSP00000310551	Q6UWP7	LCLT1_HUMAN
ENSP00000420682	Q9H974	QTRT2_HUMAN
ENSP00000363533	Q5I0G3	MDH1B_HUMAN
ENSP00000365049	Q5T8D3	ACBD5_HUMAN
ENSP00000413575	Q9UKG9	OCTC_HUMAN
ENSP00000417769	Q8NA54	IQUB_HUMAN
ENSP00000269980	P12694	ODBA_HUMAN
ENSP00000318944	Q6Q0C0	TRAF7_HUMAN
ENSP00000356905	O95497	VNN1_HUMAN
ENSP00000380514	Q16775	GLO2_HUMAN
ENSP00000333948	Q86WX3	AROS_HUMAN
ENSP00000324343	Q9UBR1	BUP1_HUMAN
ENSP00000393762	Q9Y6P5	SESN1_HUMAN
ENSP00000318868	P34896	GLYC_HUMAN
ENSP00000299697	A0A7P0MLU2	A0A7P0MLU2_HUMAN
ENSP00000257408	Q86Z14	KLOTB_HUMAN
ENSP00000262302	Q9Y5Y2	NUBP2_HUMAN
ENSP00000354688	Q8TCE6	DEN10_HUMAN
ENSP00000377814	Q8N4P3	MESH1_HUMAN
ENSP00000359375	Q969F0	FATE1_HUMAN
ENSP00000298295	Q9NTK1	DEPP1_HUMAN
ENSP00000364742	Q6P3S6	FBX42_HUMAN
ENSP00000334140	Q6PID8	KLD10_HUMAN
ENSP00000357807	Q8N1Q8	THEM5_HUMAN
ENSP00000435380	O00631	SARCO_HUMAN
ENSP00000357943	O76027	ANXA9_HUMAN
ENSP00000403524	Q7Z569	BRAP_HUMAN
ENSP00000353826	P36776	LONM_HUMAN
ENSP00000385749	P31321	KAP1_HUMAN
ENSP00000466834	K7EN88	K7EN88_HUMAN
ENSP00000325958	Q8WUK0	PTPM1_HUMAN
ENSP00000396452	Q08623	HDHD1_HUMAN
ENSP00000371847	Q8N687	DB125_HUMAN
ENSP00000286234	Q8TB45	DPTOR_HUMAN
ENSP00000072644	Q9Y548	YIPF1_HUMAN
ENSP00000419378	O95833	CLIC3_HUMAN
ENSP00000477870	Q99525	H4G_HUMAN
ENSP00000308292	A6NMN3	F170B_HUMAN
ENSP00000341490	Q6H9L7	ISM2_HUMAN
ENSP00000258729	O00425	IF2B3_HUMAN
ENSP00000187762	Q9H6F2	TM38A_HUMAN
ENSP00000366161	O76080	ZFAN5_HUMAN
ENSP00000397050	Q8N819	PPM1N_HUMAN
ENSP00000320043	O75608	LYPA1_HUMAN
ENSP00000360195	Q5T7N3	KANK4_HUMAN
ENSP00000383365	Q9NNW7	TRXR2_HUMAN
ENSP00000356988	Q86X76	NIT1_HUMAN
ENSP00000235382	P41220	RGS2_HUMAN
ENSP00000298307	Q9Y2U9	KLDC2_HUMAN
ENSP00000250003	P15172	MYOD1_HUMAN
ENSP00000340292	P80370	DLK1_HUMAN
ENSP00000354855	Q14494	NF2L1_HUMAN
ENSP00000367030	O14717	TRDMT_HUMAN
ENSP00000377617	P13995	MTDC_HUMAN
ENSP00000354488	P19237	TNNI1_HUMAN
ENSP00000371193	Q9BRF8	CPPED_HUMAN
ENSP00000416683	P35858	ALS_HUMAN
ENSP00000456851	H3BST1	H3BST1_HUMAN
ENSP00000441927	P58005	SESN3_HUMAN
ENSP00000356785	Q9Y5B8	NDK7_HUMAN
ENSP00000273183	Q99469	STAC_HUMAN
ENSP00000394051	Q8IVI9	NOSTN_HUMAN
ENSP00000407509	Q8IY17	PLPL6_HUMAN
ENSP00000284878	P78310	CXAR_HUMAN
ENSP00000482027	Q92570	NR4A3_HUMAN
ENSP00000290573	P52789	HXK2_HUMAN
ENSP00000247815	Q8NG08	HELB_HUMAN
ENSP00000498994	P11498	PYC_HUMAN
ENSP00000385312	Q9HC21	TPC_HUMAN
ENSP00000329697	O43688	PLPP2_HUMAN
ENSP00000396722	Q9P121	NTRI_HUMAN
ENSP00000280614	Q9UK39	NOCT_HUMAN
ENSP00000340610	Q6S545	POTEH_HUMAN
ENSP00000299443	Q86YR6	POTED_HUMAN
ENSP00000357812	Q9Y2W6	TDRKH_HUMAN
ENSP00000327557	Q6ZNF0	ACP7_HUMAN
ENSP00000385385	Q15084	PDIA6_HUMAN
ENSP00000333845	Q6PI97	HOATZ_HUMAN
ENSP00000376453	Q6ZMG9	CERS6_HUMAN
ENSP00000262219	P27216	ANX13_HUMAN
ENSP00000274793	Q13093	PAFA_HUMAN
ENSP00000229922	P40123	CAP2_HUMAN
ENSP00000215375	P30049	ATPD_HUMAN
ENSP00000332681	Q9P2M1	LR2BP_HUMAN
ENSP00000306817	Q9H477	RBSK_HUMAN
ENSP00000360541	P23786	CPT2_HUMAN
ENSP00000369860	Q8NHP6	MSPD2_HUMAN
ENSP00000370270	O95718	ERR2_HUMAN
ENSP00000424896	Q96LI5	CNO6L_HUMAN
ENSP00000262102	Q9ULD2	MTUS1_HUMAN
ENSP00000377995	P80297	MT1X_HUMAN
ENSP00000476228	Q9NXA8	SIR5_HUMAN
ENSP00000078445	Q68CJ9	CR3L3_HUMAN
ENSP00000427802	Q9H009	NACA2_HUMAN
ENSP00000370517	Q01813	PFKAP_HUMAN
ENSP00000389814	Q15848	ADIPO_HUMAN
ENSP00000403888	Q9NRI5	DISC1_HUMAN
ENSP00000352401	Q96AT9	RPE_HUMAN
ENSP00000262764	Q32NB8	PGPS1_HUMAN
ENSP00000478796	A0A0G2JMU2	A0A0G2JMU2_HUMAN
ENSP00000381795	Q8N5R6	CCD33_HUMAN
ENSP00000492001	A0A1W2PR17	A0A1W2PR17_HUMAN
ENSP00000473474	A6NKP2	D42E2_HUMAN
ENSP00000366898	Q9Y2N7	HIF3A_HUMAN
ENSP00000227667	P02656	APOC3_HUMAN
ENSP00000286070	Q8IUH3	RBM45_HUMAN
ENSP00000313169	O15259	NPHP1_HUMAN
ENSP00000393559	Q86VP3	PACS2_HUMAN
ENSP00000362994	Q13077	TRAF1_HUMAN
ENSP00000373783	Q9Y4K0	LOXL2_HUMAN
ENSP00000404854	Q92597	NDRG1_HUMAN
ENSP00000265191	P56597	NDK5_HUMAN
ENSP00000318602	Q9NRG1	PRDC1_HUMAN
ENSP00000410269	Q3YBM2	T176B_HUMAN
ENSP00000494667	A0A2R8Y5M8	A0A2R8Y5M8_HUMAN
ENSP00000311436	Q8N0Z2	ABRA_HUMAN
ENSP00000350949	Q96IJ6	GMPPA_HUMAN
ENSP00000238721	Q53FA7	QORX_HUMAN
ENSP00000497569	Q6PI48	SYDM_HUMAN
ENSP00000320209	O60543	CIDEA_HUMAN
ENSP00000440915	O15091	MRPP3_HUMAN
ENSP00000353717	A2RUR9	C144A_HUMAN
ENSP00000355279	Q9UIV1	CNOT7_HUMAN
ENSP00000346103	P36969	GPX4_HUMAN
ENSP00000318982	Q96J88	ESIP1_HUMAN
ENSP00000264409	Q53EU6	GPAT3_HUMAN
ENSP00000267273	Q5VZV1	MT21C_HUMAN
ENSP00000296518	Q02108	GCYA1_HUMAN
ENSP00000263056	P41279	M3K8_HUMAN
ENSP00000480221	Q5VT79	AXA81_HUMAN
ENSP00000375629	Q8N423	LIRB2_HUMAN
ENSP00000376184	Q02338	BDH_HUMAN
ENSP00000355904	P62508	ERR3_HUMAN
ENSP00000217740	Q96EQ8	RN125_HUMAN
ENSP00000364486	O00757	F16P2_HUMAN
ENSP00000369979	Q96SM3	CPXM1_HUMAN
ENSP00000449770	H0YIN7	H0YIN7_HUMAN
ENSP00000355084	Q9NZV6	MSRB1_HUMAN
ENSP00000265594	Q96RQ3	MCCA_HUMAN
ENSP00000298717	Q86U44	MTA70_HUMAN
ENSP00000466775	P02655	APOC2_HUMAN
ENSP00000389399	Q6UWJ1	SL9D1_HUMAN
ENSP00000352282	Q8N7A1	KLDC1_HUMAN
ENSP00000341083	P20594	ANPRB_HUMAN
ENSP00000349860	Q06210	GFPT1_HUMAN
ENSP00000283646	P49247	RPIA_HUMAN
ENSP00000347324	Q8IXL7	MSRB3_HUMAN
ENSP00000325421	Q9H300	PARL_HUMAN
ENSP00000430075	P23109	AMPD1_HUMAN
ENSP00000256194	O94851	MICA2_HUMAN
ENSP00000357920	Q99489	OXDD_HUMAN
ENSP00000368458	P12004	PCNA_HUMAN
ENSP00000363645	Q58HT5	AWAT1_HUMAN
ENSP00000360270	Q96E52	OMA1_HUMAN
ENSP00000493184	A8MYZ6	FOXO6_HUMAN
ENSP00000270722	Q9HAZ2	PRD16_HUMAN
ENSP00000410561	Q00526	CDK3_HUMAN
ENSP00000480476	O14841	OPLA_HUMAN
ENSP00000321636	Q13472	TOP3A_HUMAN
ENSP00000349439	Q6PKC3	TXD11_HUMAN
ENSP00000322804	O43312	MTSS1_HUMAN
ENSP00000328083	A1IGU5	ARH37_HUMAN
ENSP00000261326	Q96EN8	MOCOS_HUMAN
ENSP00000365693	Q9Y3D2	MSRB2_HUMAN
ENSP00000354223	Q9Y5U8	MPC1_HUMAN
ENSP00000240123	O60504	VINEX_HUMAN
ENSP00000216160	Q15750	TAB1_HUMAN
ENSP00000228641	P23409	MYF6_HUMAN
ENSP00000489748	P0DKB6	MPC1L_HUMAN
ENSP00000297273	Q96PB1	CASD1_HUMAN
ENSP00000457689	A0A0A6YYL3	POTEB_HUMAN
ENSP00000360366	Q8WXI4	ACO11_HUMAN
ENSP00000481675	O43609	SPY1_HUMAN
ENSP00000157600	Q9NZU5	LMCD1_HUMAN
ENSP00000294724	P35573	GDE_HUMAN
ENSP00000455068	Q9UJH8	METRN_HUMAN
ENSP00000216733	O43281	EFS_HUMAN
ENSP00000244217	Q96PE7	MCEE_HUMAN
ENSP00000314420	O15534	PER1_HUMAN
ENSP00000006053	P78423	X3CL1_HUMAN
ENSP00000260950	O14793	GDF8_HUMAN
ENSP00000322775	Q6PJF5	RHDF2_HUMAN
ENSP00000283928	Q86VZ6	JAZF1_HUMAN
ENSP00000244174	Q01113	IL9R_HUMAN
ENSP00000365651	P16860	ANFB_HUMAN
ENSP00000202967	Q9Y6E7	SIR4_HUMAN
ENSP00000267436	Q9H9P8	L2HDH_HUMAN
ENSP00000254657	O15055	PER2_HUMAN
ENSP00000306549	Q96LI6	HSFY1_HUMAN
ENSP00000466399	O75771	RA51D_HUMAN
ENSP00000242140	A6NGB9	WIPF3_HUMAN
ENSP00000212355	Q03167	TGBR3_HUMAN
ENSP00000366179	Q96KC8	DNJC1_HUMAN
ENSP00000450853	Q6S5H5	POTEG_HUMAN
ENSP00000303599	Q96LI6	HSFY1_HUMAN
ENSP00000366007	Q5W125	Q5W125_HUMAN
ENSP00000415011	Q8IWU4	ZNT8_HUMAN
ENSP00000359539	P17174	AATC_HUMAN
ENSP00000355518	P07954	FUMH_HUMAN
ENSP00000361512	P60891	PRPS1_HUMAN
ENSP00000294435	Q96R05	RET7_HUMAN
ENSP00000360762	Q15327	ANKR1_HUMAN
ENSP00000261593	Q8WVD3	RN138_HUMAN
ENSP00000279206	Q9BRQ3	NUD22_HUMAN
ENSP00000404203	P17540	KCRS_HUMAN
ENSP00000495385	Q9BZV2	S19A3_HUMAN
ENSP00000420612	Q7Z3E1	PARPT_HUMAN
ENSP00000292432	P52790	HXK3_HUMAN
ENSP00000312411	Q8WY54	PPM1E_HUMAN
ENSP00000354499	P00395	COX1_HUMAN
ENSP00000396755	Q9H8S5	CCNP_HUMAN
ENSP00000315013	P43155	CACP_HUMAN
ENSP00000367284	Q8IVP5	FUND1_HUMAN
ENSP00000342637	Q07343	PDE4B_HUMAN
ENSP00000237654	Q14094	CCNI_HUMAN
ENSP00000382767	Q68CR1	SE1L3_HUMAN
ENSP00000307023	O14901	KLF11_HUMAN
ENSP00000417659	Q5SGD2	PPM1L_HUMAN
ENSP00000273588	P48728	GCST_HUMAN
ENSP00000477341	Q8N3J5	PPM1K_HUMAN
ENSP00000380073	Q00978	IRF9_HUMAN
ENSP00000370128	P30825	CTR1_HUMAN
ENSP00000382237	Q6ZUK4	TMM26_HUMAN
ENSP00000245923	O75298	RTN2_HUMAN
ENSP00000451575	Q96Q27	ASB2_HUMAN
ENSP00000219406	Q13087	PDIA2_HUMAN
ENSP00000346643	Q2TB90	HKDC1_HUMAN
ENSP00000429168	Q5SVS4	KMCP1_HUMAN
ENSP00000220429	Q06547	GABP1_HUMAN
ENSP00000339004	P55316	FOXG1_HUMAN
ENSP00000261208	P42357	HUTH_HUMAN
ENSP00000295822	Q9GZV4	IF5A2_HUMAN
ENSP00000287814	Q99727	TIMP4_HUMAN
ENSP00000456436	B4DUT8	B4DUT8_HUMAN
ENSP00000402861	Q15111	PLCL1_HUMAN
ENSP00000269919	Q9NXJ5	PGPI_HUMAN
ENSP00000263212	P49593	PPM1F_HUMAN
ENSP00000300850	O15015	ZN646_HUMAN
ENSP00000247668	Q12933	TRAF2_HUMAN
ENSP00000327509	Q6ZMT1	STAC2_HUMAN
ENSP00000254854	Q02846	GUC2D_HUMAN
ENSP00000406577	P12532	KCRU_HUMAN
ENSP00000357907	Q9BWU1	CDK19_HUMAN
ENSP00000356410	Q9NS18	GLRX2_HUMAN
ENSP00000303315	P17275	JUNB_HUMAN
ENSP00000266719	O60938	KERA_HUMAN
ENSP00000300056	O75192	PX11A_HUMAN
ENSP00000403397	Q8IUH5	ZDH17_HUMAN
ENSP00000310170	P15407	FOSL1_HUMAN
ENSP00000285407	Q13118	KLF10_HUMAN
ENSP00000295488	Q8TDG4	HELQ_HUMAN
ENSP00000481593	P86397	HTD2_HUMAN
ENSP00000381535	B7Z9H7	B7Z9H7_HUMAN
ENSP00000218006	P51841	GUC2F_HUMAN
ENSP00000364512	Q9NQR9	G6PC2_HUMAN
ENSP00000423665	Q07002	CDK18_HUMAN
ENSP00000343782	P13945	ADRB3_HUMAN
ENSP00000301178	P30530	UFO_HUMAN
ENSP00000299022	P11150	LIPC_HUMAN
ENSP00000412189	Q8N0Y7	PGAM4_HUMAN
ENSP00000250092	P34810	CD68_HUMAN
ENSP00000312741	Q96RR4	KKCC2_HUMAN
ENSP00000368605	Q9Y305	ACOT9_HUMAN
ENSP00000284509	Q8TF62	AT8B4_HUMAN
ENSP00000469686	Q96KS0	EGLN2_HUMAN
ENSP00000359364	Q9BYJ9	YTHD1_HUMAN
ENSP00000417841	J3KR52	J3KR52_HUMAN
ENSP00000336701	O43502	RA51C_HUMAN
ENSP00000360437	Q96KR6	F210B_HUMAN
ENSP00000290953	O00253	AGRP_HUMAN
ENSP00000397552	O96019	ACL6A_HUMAN
ENSP00000313504	Q93100	KPBB_HUMAN
ENSP00000368759	Q14511	CASL_HUMAN
ENSP00000453095	Q02078	MEF2A_HUMAN
ENSP00000414330	Q8IXN7	RIMKA_HUMAN
ENSP00000358232	Q17RR3	LIPR3_HUMAN
ENSP00000371388	Q9BYN0	SRXN1_HUMAN
ENSP00000359837	Q8IYH5	ZZZ3_HUMAN
ENSP00000419124	O95990	F107A_HUMAN
ENSP00000299432	Q4VC12	MSS51_HUMAN
ENSP00000360683	P18031	PTN1_HUMAN
ENSP00000400892	A2RU30	TESP1_HUMAN
ENSP00000232974	Q9UFB7	ZBT47_HUMAN
ENSP00000330393	P48357	LEPR_HUMAN
ENSP00000471477	Q9NSA1	FGF21_HUMAN
ENSP00000362010	P20073	ANXA7_HUMAN
ENSP00000360025	P24522	GA45A_HUMAN
ENSP00000225328	Q93086	P2RX5_HUMAN
ENSP00000401764	Q99966	CITE1_HUMAN
ENSP00000340954	Q96M20	CNBD2_HUMAN
ENSP00000369442	Q9UEF7	KLOT_HUMAN
ENSP00000302037	Q9GZY8	MFF_HUMAN
ENSP00000326070	Q96GZ6	S41A3_HUMAN
ENSP00000282541	Q8N335	GPD1L_HUMAN
ENSP00000296098	Q9BYV2	TRI54_HUMAN
ENSP00000290299	P48047	ATPO_HUMAN
ENSP00000334879	A6NEL2	SWAHB_HUMAN
ENSP00000479139	A0AAG2SVG9	A0AAG2SVG9_HUMAN
ENSP00000333019	Q8N142	PURA1_HUMAN
ENSP00000482093	P56645	PER3_HUMAN
ENSP00000356529	O15492	RGS16_HUMAN
ENSP00000487174	O60315	ZEB2_HUMAN
ENSP00000222250	Q8TBH0	ARRD2_HUMAN
ENSP00000292408	P22455	FGFR4_HUMAN
ENSP00000360577	Q86YB7	ECHD2_HUMAN
ENSP00000160382	O94805	ACL6B_HUMAN
ENSP00000414624	Q14558	KPRA_HUMAN
ENSP00000357625	Q12983	BNIP3_HUMAN
ENSP00000349616	Q86V24	PAQR2_HUMAN
ENSP00000263754	Q92831	KAT2B_HUMAN
ENSP00000268042	Q8NCT1	ARRD4_HUMAN
ENSP00000310006	Q14995	NR1D2_HUMAN
ENSP00000263383	A1L0T0	HACL2_HUMAN
ENSP00000389009	A5YM72	CRNS1_HUMAN
ENSP00000362570	A0A0A0MRR6	A0A0A0MRR6_HUMAN
ENSP00000450480	O60312	AT10A_HUMAN
ENSP00000379503	Q9P0J1	PDP1_HUMAN
ENSP00000217455	O14734	ACOT8_HUMAN
ENSP00000340608	Q9HBY8	SGK2_HUMAN
ENSP00000253778	O94808	GFPT2_HUMAN
ENSP00000327009	Q8N3C7	CLIP4_HUMAN
ENSP00000417138	P55058	PLTP_HUMAN
ENSP00000242591	Q8WYA0	IFT81_HUMAN
ENSP00000254654	Q9H0C8	ILKAP_HUMAN
ENSP00000222122	Q10586	DBP_HUMAN
ENSP00000269298	Q96F10	SAT2_HUMAN
ENSP00000382675	Q6UWT2	ENHO_HUMAN
ENSP00000400908	Q00872	MYPC1_HUMAN
ENSP00000226067	Q16534	HLF_HUMAN
ENSP00000364965	Q96T21	SEBP2_HUMAN
ENSP00000398610	P50995	ANX11_HUMAN
ENSP00000283027	P53384	NUBP1_HUMAN
ENSP00000328023	P08240	SRPRA_HUMAN
ENSP00000222115	Q92839	HYAS1_HUMAN
ENSP00000353259	Q9UGN4	CLM8_HUMAN
ENSP00000382120	Q96NN9	AIFM3_HUMAN
ENSP00000357633	O76003	GLRX3_HUMAN
ENSP00000306163	Q9GZV1	ANKR2_HUMAN
ENSP00000301887	Q8N1L9	BATF2_HUMAN
ENSP00000491742	R4GMW8	R4GMW8_HUMAN
ENSP00000456340	Q7L5Y6	DET1_HUMAN
ENSP00000217026	P10244	MYBB_HUMAN
ENSP00000230588	Q16819	MEP1A_HUMAN
ENSP00000490518	A0A1B0GVH7	IQCM_HUMAN
ENSP00000450337	O75334	LIPA2_HUMAN
ENSP00000471851	A0A0A0MQW6	A0A0A0MQW6_HUMAN
ENSP00000261681	Q8N3R9	PALS1_HUMAN
ENSP00000365441	O60840	CAC1F_HUMAN
ENSP00000232766	O94889	KLH18_HUMAN
ENSP00000254667	P23469	PTPRE_HUMAN
ENSP00000274938	Q8IX30	SCUB3_HUMAN
ENSP00000494468	O95452	CXB6_HUMAN
ENSP00000239450	Q9Y5F1	PCDBC_HUMAN
ENSP00000495481	Q9UKN7	MYO15_HUMAN
ENSP00000346964	Q63HQ2	EGFLA_HUMAN
ENSP00000400333	Q96L92	SNX27_HUMAN
ENSP00000374234	A0PK05	TMM72_HUMAN
ENSP00000349768	Q6V1P9	PCD23_HUMAN
ENSP00000386869	O43151	TET3_HUMAN
ENSP00000286688	Q96NL8	CF418_HUMAN
ENSP00000495718	Q15319	PO4F3_HUMAN
ENSP00000495996	A0A2R8Y739	A0A2R8Y739_HUMAN
ENSP00000223208	Q9BYV8	CEP41_HUMAN
ENSP00000261837	O14775	GNB5_HUMAN
ENSP00000264870	P00488	F13A_HUMAN
ENSP00000286744	P82987	ATL3_HUMAN
ENSP00000368808	Q9UHP9	SMPX_HUMAN
ENSP00000261839	Q9NQX4	MYO5C_HUMAN
ENSP00000317224	Q5PRF9	SMAG2_HUMAN
ENSP00000306523	Q96T92	INSM2_HUMAN
ENSP00000332788	A1A5B4	ANO9_HUMAN
ENSP00000312185	Q92556	ELMO1_HUMAN
ENSP00000368698	P15822	ZEP1_HUMAN
ENSP00000354206	Q9P2Y4	ZN219_HUMAN
ENSP00000360672	Q9BYG5	PAR6B_HUMAN
ENSP00000345853	Q99956	DUS9_HUMAN
ENSP00000333539	Q8TD10	MIPO1_HUMAN
ENSP00000362139	Q5JZY3	EPHAA_HUMAN
ENSP00000411013	P57727	TMPS3_HUMAN
ENSP00000386213	Q8WXR4	MYO3B_HUMAN
ENSP00000379866	P53420	CO4A4_HUMAN
ENSP00000070846	Q99959	PKP2_HUMAN
ENSP00000282588	P56199	ITA1_HUMAN
ENSP00000498803	A0A494C108	A0A494C108_HUMAN
ENSP00000371798	Q16658	FSCN1_HUMAN
ENSP00000483562	Q9Y467	SALL2_HUMAN
ENSP00000246081	Q9NRC9	OTOR_HUMAN
ENSP00000384582	Q8WXG9	AGRV1_HUMAN
ENSP00000385450	Q96QZ7	MAGI1_HUMAN
ENSP00000250018	P17752	TPH1_HUMAN
ENSP00000261778	Q9C0B7	TNG6_HUMAN
ENSP00000247986	Q9P2E2	KIF17_HUMAN
ENSP00000217289	Q9BQL6	FERM1_HUMAN
ENSP00000307006	Q9BZI1	IRX2_HUMAN
ENSP00000371923	Q8IWN7	RP1L1_HUMAN
ENSP00000359655	Q5T1H1	EYS_HUMAN
ENSP00000268720	Q9UBL6	CPNE7_HUMAN
ENSP00000263610	Q9BZE3	BARH1_HUMAN
ENSP00000264183	Q4LE39	ARI4B_HUMAN
ENSP00000365924	Q9BZY9	TRI31_HUMAN
ENSP00000305631	Q96CM4	NXNL1_HUMAN
ENSP00000364946	Q8IYA7	MKX_HUMAN
ENSP00000278886	Q9Y2I6	NINL_HUMAN
ENSP00000332809	A6NGG8	PCARE_HUMAN
ENSP00000356319	Q15058	KIF14_HUMAN
ENSP00000334876	Q15835	GRK1_HUMAN
ENSP00000264538	Q9NWB7	IFT57_HUMAN
ENSP00000278198	Q9HCJ2	LRC4C_HUMAN
ENSP00000317123	O75643	U520_HUMAN
ENSP00000373343	Q8IYJ1	CPNE9_HUMAN
ENSP00000274487	Q8TE59	ATS19_HUMAN
ENSP00000386439	Q9H7C4	SYNCI_HUMAN
ENSP00000363313	O43172	PRP4_HUMAN
ENSP00000215886	P05162	LEG2_HUMAN
ENSP00000381101	O75635	SPB7_HUMAN
ENSP00000324122	Q8WWY3	PRP31_HUMAN
ENSP00000282849	Q8TE60	ATS18_HUMAN
ENSP00000359621	Q8TDD5	MCLN3_HUMAN
ENSP00000343339	Q9UBL9	P2RX2_HUMAN
ENSP00000422554	P58397	ATS12_HUMAN
ENSP00000362424	Q8TDR0	MIPT3_HUMAN
ENSP00000244751	Q9HCH3	CPNE5_HUMAN
ENSP00000386227	P23508	CRCM_HUMAN
ENSP00000499465	A0A804H2H4	A0A804H2H4_HUMAN
ENSP00000364929	A0A0C4DFW2	A0A0C4DFW2_HUMAN
ENSP00000349458	Q9UPZ9	CILK1_HUMAN
ENSP00000346340	Q99627	CSN8_HUMAN
ENSP00000339115	Q6ZVH7	ESPNL_HUMAN
ENSP00000372201	Q5BJH2	TM128_HUMAN
ENSP00000361769	Q9UJD0	RIMS3_HUMAN
ENSP00000412988	F2Z2I4	F2Z2I4_HUMAN
ENSP00000462701	P55286	CADH8_HUMAN
ENSP00000259746	Q5T3F8	TM63B_HUMAN
ENSP00000432487	Q96ER3	SAAL1_HUMAN
ENSP00000343144	Q9BYG4	PAR6G_HUMAN
ENSP00000377176	Q9P0W8	SPAT7_HUMAN
ENSP00000441858	Q8TDJ6	DMXL2_HUMAN
ENSP00000386162	Q6ZST4	LCNL1_HUMAN
ENSP00000500934	Q5TF39	S60A2_HUMAN
ENSP00000417183	Q16829	DUS7_HUMAN
ENSP00000310658	Q9NQ36	SCUB2_HUMAN
ENSP00000334665	O14926	FSCN2_HUMAN
ENSP00000497174	Q8NCM8	DYHC2_HUMAN
ENSP00000265381	Q02410	APBA1_HUMAN
ENSP00000449629	Q7Z6G8	ANS1B_HUMAN
ENSP00000337128	P14138	EDN3_HUMAN
ENSP00000381430	D3DX46	D3DX46_HUMAN
ENSP00000325748	O00506	STK25_HUMAN
ENSP00000472316	P04001	OPSG_HUMAN
ENSP00000427018	Q9UQ26	RIMS2_HUMAN
ENSP00000331902	P29400	CO4A5_HUMAN
ENSP00000468678	Q7Z736	PKHH3_HUMAN
ENSP00000365725	Q8N2K0	ABD12_HUMAN
ENSP00000371514	Q8TDN2	KCNV2_HUMAN
ENSP00000424565	Q9BYE9	CDHR2_HUMAN
ENSP00000419599	Q96FX2	DPH3_HUMAN
ENSP00000324672	Q6UX73	CP089_HUMAN
ENSP00000478878	Q96A23	CPNE4_HUMAN
ENSP00000298542	Q6ZUT3	FRMD7_HUMAN
ENSP00000249806	Q9NWW5	CLN6_HUMAN
ENSP00000495855	Q0ZLH3	PJVK_HUMAN
ENSP00000481773	A0A087WYF9	A0A087WYF9_HUMAN
ENSP00000251582	O95450	ATS2_HUMAN
ENSP00000314444	Q9P2L0	WDR35_HUMAN
ENSP00000295887	Q92903	CDS1_HUMAN
ENSP00000317257	B0QZ18	B0QZ18_HUMAN
ENSP00000410083	Q9HBM0	VEZA_HUMAN
ENSP00000215582	Q8IVT2	MISP_HUMAN
ENSP00000367316	P53708	ITA8_HUMAN
ENSP00000353518	Q92625	ANS1A_HUMAN
ENSP00000454062	P54845	NRL_HUMAN
ENSP00000358820	Q8TE67	ES8L3_HUMAN
ENSP00000444411	Q5SYB0	FRPD1_HUMAN
ENSP00000193391	Q9BZV3	IMPG2_HUMAN
ENSP00000360997	Q76LX8	ATS13_HUMAN
ENSP00000194152	Q9Y5E5	PCDB4_HUMAN
ENSP00000355110	Q9H4F8	SMOC1_HUMAN
ENSP00000494689	Q12929	EPS8_HUMAN
ENSP00000278833	Q03395	ROM1_HUMAN
ENSP00000286657	O15072	ATS3_HUMAN
ENSP00000266673	Q96HH6	TMM19_HUMAN
ENSP00000290974	Q9HCC9	LST2_HUMAN
ENSP00000320434	Q9UBT7	CTNL1_HUMAN
ENSP00000370984	Q9NX08	COMD8_HUMAN
ENSP00000354859	P14416	DRD2_HUMAN
ENSP00000493901	Q8TF64	GIPC3_HUMAN
ENSP00000255266	P16499	PDE6A_HUMAN
ENSP00000369716	Q12873	CHD3_HUMAN
ENSP00000311505	Q15051	IQCB1_HUMAN
ENSP00000358963	P28222	5HT1B_HUMAN
ENSP00000265965	Q9UGK8	SRGEF_HUMAN
ENSP00000300105	Q9Y698	CCG2_HUMAN
ENSP00000484928	P55283	CADH4_HUMAN
ENSP00000303908	Q6IBS0	TWF2_HUMAN
ENSP00000266079	O94906	PRP6_HUMAN
ENSP00000354080	Q8IWY4	SCUB1_HUMAN
ENSP00000389998	Q5HYA8	MKS3_HUMAN
ENSP00000006724	Q14002	CEAM7_HUMAN
ENSP00000349358	Q8N999	RLIG1_HUMAN
ENSP00000332528	Q7RTS6	OTOP2_HUMAN
ENSP00000297837	Q68DC2	ANKS6_HUMAN
ENSP00000494550	O00160	MYO1F_HUMAN
ENSP00000495607	A0A087WZU1	A0A087WZU1_HUMAN
ENSP00000273353	Q9Y2K3	MYH15_HUMAN
ENSP00000375921	P23760	PAX3_HUMAN
ENSP00000482180	C9JLR9	ZFTA_HUMAN
ENSP00000376827	Q9NXB0	MKS1_HUMAN
ENSP00000370781	Q86Y33	CD20B_HUMAN
ENSP00000353850	O14713	ITBP1_HUMAN
ENSP00000262715	Q99973	TEP1_HUMAN
ENSP00000306129	P21918	DRD5_HUMAN
ENSP00000466937	Q2V2M9	FHOD3_HUMAN
ENSP00000354623	Q9P202	WHRN_HUMAN
ENSP00000286732	Q6P656	CF161_HUMAN
ENSP00000321962	Q8TAL6	FIBIN_HUMAN
ENSP00000254627	Q02509	OC90_HUMAN
ENSP00000344219	Q5VX71	SUSD4_HUMAN
ENSP00000362121	Q9Y366	IFT52_HUMAN
ENSP00000252597	Q8N6Y0	USBP1_HUMAN
ENSP00000486687	Q4W5G0	TIGD2_HUMAN
ENSP00000376506	Q9BUL8	PDC10_HUMAN
ENSP00000243344	Q7Z4L5	TT21B_HUMAN
ENSP00000382670	A8MXD5	GRCR1_HUMAN
ENSP00000345868	Q9NTQ9	CXB4_HUMAN
ENSP00000386181	Q8N4P2	IT70B_HUMAN
ENSP00000385207	Q99999	G3ST1_HUMAN
ENSP00000387100	Q4KMQ1	TPRN_HUMAN
ENSP00000496255	Q99502	EYA1_HUMAN
ENSP00000348163	P13797	PLST_HUMAN
ENSP00000263266	Q2M2I3	FA83E_HUMAN
ENSP00000359795	Q8TF65	GIPC2_HUMAN
ENSP00000320025	Q08289	CACB2_HUMAN
ENSP00000376167	Q13098	CSN1_HUMAN
ENSP00000482504	Q9Y5X4	NR2E3_HUMAN
ENSP00000267260	A7MD48	SRRM4_HUMAN
ENSP00000274629	Q16558	KCMB1_HUMAN
ENSP00000365782	Q5JTW2	CEP78_HUMAN
ENSP00000483469	A0A087X0K8	A0A087X0K8_HUMAN
ENSP00000471252	Q8TF21	ANR24_HUMAN
ENSP00000493594	Q7Z406	MYH14_HUMAN
ENSP00000363840	Q4VXY6	Q4VXY6_HUMAN
ENSP00000316130	Q8N205	SYNE4_HUMAN
ENSP00000303028	Q53R12	T4S20_HUMAN
ENSP00000327290	Q9UKX5	ITA11_HUMAN
ENSP00000356951	Q5VTH2	FLTOP_HUMAN
ENSP00000313833	Q6UWW0	LCN15_HUMAN
ENSP00000299441	Q96JQ0	PCD16_HUMAN
ENSP00000263431	P05129	KPCG_HUMAN
ENSP00000182290	Q96QS1	TSN32_HUMAN
ENSP00000420295	P35913	PDE6B_HUMAN
ENSP00000358798	Q86XJ0	CAHM3_HUMAN
ENSP00000446460	Q5JQS6	GSAML_HUMAN
ENSP00000352413	Q7Z5M5	TMC3_HUMAN
ENSP00000353915	Q13639	5HT4R_HUMAN
ENSP00000428417	Q86UR5	RIMS1_HUMAN
ENSP00000398342	E9PAT1	E9PAT1_HUMAN
ENSP00000370443	Q9UKP5	ATS6_HUMAN
ENSP00000331106	Q7Z412	PEX26_HUMAN
ENSP00000362304	Q8WXS8	ATS14_HUMAN
ENSP00000259698	Q9Y4F9	RIPR2_HUMAN
ENSP00000295777	Q99574	NEUS_HUMAN
ENSP00000274181	Q8TE57	ATS16_HUMAN
ENSP00000272321	O95876	FRITZ_HUMAN
ENSP00000291582	O43918	AIRE_HUMAN
ENSP00000382717	Q8NEZ3	WDR19_HUMAN
ENSP00000345988	Q4KWH8	PLCH1_HUMAN
ENSP00000353104	Q86SQ9	DHDDS_HUMAN
ENSP00000369921	Q8N6G6	ATL1_HUMAN
ENSP00000329748	Q86YQ8	CPNE8_HUMAN
ENSP00000356975	O75173	ATS4_HUMAN
ENSP00000429015	Q86W74	ANR46_HUMAN
ENSP00000419279	A0AVF1	IFT56_HUMAN
ENSP00000299752	O75309	CAD16_HUMAN
ENSP00000296266	Q9HBG6	IF122_HUMAN
ENSP00000268603	P55287	CAD11_HUMAN
ENSP00000221996	O43186	CRX_HUMAN
ENSP00000378132	P78411	IRX5_HUMAN
ENSP00000417161	P51810	GP143_HUMAN
ENSP00000260570	Q9UG01	IF172_HUMAN
ENSP00000428182	A0A0C4DH75	A0A0C4DH75_HUMAN
ENSP00000251020	Q9NSC2	SALL1_HUMAN
ENSP00000315379	O43395	PRPF3_HUMAN
ENSP00000452535	Q9UPU9	SMAG1_HUMAN
ENSP00000485532	Q96P15	SPB11_HUMAN
ENSP00000485532	A0A096LPD5	A0A096LPD5_HUMAN
ENSP00000304586	Q6ZW76	ANKS3_HUMAN
ENSP00000427123	Q9P0K7	RAI14_HUMAN
ENSP00000376249	Q8IVM0	CCD50_HUMAN
ENSP00000428184	G5EA09	G5EA09_HUMAN
ENSP00000490240	Q5JPB2	ZN831_HUMAN
ENSP00000380661	Q9BV73	CP250_HUMAN
ENSP00000367950	Q2M3G4	SHRM1_HUMAN
ENSP00000329158	P58418	CLRN1_HUMAN
ENSP00000498322	Q8TAF8	LHPL5_HUMAN
ENSP00000378248	J9JIF5	J9JIF5_HUMAN
ENSP00000301972	Q8NFW9	MYRIP_HUMAN
ENSP00000451866	P0DJ93	SIM13_HUMAN
ENSP00000381086	Q9H7Y0	DIK2B_HUMAN
ENSP00000497748	Q8N8U9	BMPER_HUMAN
ENSP00000345667	Q86SU0	ILDR1_HUMAN
ENSP00000366410	Q9HAN9	NMNA1_HUMAN
ENSP00000221543	Q9HA65	TBC17_HUMAN
ENSP00000378868	F8W9F8	F8W9F8_HUMAN
ENSP00000498766	Q9NZW4	DSPP_HUMAN
ENSP00000216361	A0A2U3TZE7	A0A2U3TZE7_HUMAN
ENSP00000495242	Q96JP2	MY15B_HUMAN
ENSP00000370057	Q14CM0	FRPD4_HUMAN
ENSP00000406012	Q96RY7	IF140_HUMAN
ENSP00000259782	Q9UJW2	TINAG_HUMAN
ENSP00000312631	Q01101	INSM1_HUMAN
ENSP00000381058	Q9ULB5	CADH7_HUMAN
ENSP00000495564	Q6ISB3	GRHL2_HUMAN
ENSP00000381581	P13796	PLSL_HUMAN
ENSP00000258200	Q96CD0	FBXL8_HUMAN
ENSP00000353332	Q9NZ71	RTEL1_HUMAN
ENSP00000480489	Q9H5P4	PDZD7_HUMAN
ENSP00000337907	Q5T2T1	MPP7_HUMAN
ENSP00000302811	P48039	MTR1A_HUMAN
ENSP00000477590	O75131	CPNE3_HUMAN
ENSP00000358490	P06729	CD2_HUMAN
ENSP00000374071	P59510	ATS20_HUMAN
ENSP00000455099	A6NKF7	TM278_HUMAN
ENSP00000250699	Q9GZZ6	ACH10_HUMAN
ENSP00000432770	F2Z2Y1	F2Z2Y1_HUMAN
ENSP00000224721	Q9H251	CAD23_HUMAN
ENSP00000397351	A4D2P6	GRD2I_HUMAN
ENSP00000380676	Q9HBB8	CDHR5_HUMAN
ENSP00000496394	Q9H2D6	TARA_HUMAN
ENSP00000344572	O43427	FIBP_HUMAN
ENSP00000261892	O60721	NCKX1_HUMAN
ENSP00000440077	O95741	CPNE6_HUMAN
ENSP00000363748	P28221	5HT1D_HUMAN
ENSP00000351732	Q8TDI7	TMC2_HUMAN
ENSP00000349629	P50851	LRBA_HUMAN
ENSP00000324527	O94832	MYO1D_HUMAN
ENSP00000355499	Q86SQ7	SDCG8_HUMAN
ENSP00000450456	Q96IS3	RAX2_HUMAN
ENSP00000328412	P18545	CNRG_HUMAN
ENSP00000341159	Q49MI3	CERKL_HUMAN
ENSP00000323264	Q8N4S9	MALD2_HUMAN
ENSP00000251102	Q14028	CNGB1_HUMAN
ENSP00000356437	O94885	SASH1_HUMAN
ENSP00000367965	Q2M3V2	SWAHA_HUMAN
ENSP00000361993	O60220	TIM8A_HUMAN
ENSP00000377396	Q6UWH4	GAK1B_HUMAN
ENSP00000290776	Q96FN4	CPNE2_HUMAN
ENSP00000377353	P21728	DRD1_HUMAN
ENSP00000358310	O75578	ITA10_HUMAN
ENSP00000480279	Q495M9	USH1G_HUMAN
ENSP00000314173	Q8N8I0	SAM12_HUMAN
ENSP00000421377	Q9H5I5	PIEZ2_HUMAN
ENSP00000422834	Q86XX4	FRAS1_HUMAN
ENSP00000484078	Q16663	CCL15_HUMAN
ENSP00000367214	A6NFK2	GRCR2_HUMAN
ENSP00000321987	Q8WU66	TSEAR_HUMAN
ENSP00000438273	Q6ZW61	BBS12_HUMAN
ENSP00000272602	Q16281	CNGA3_HUMAN
ENSP00000397151	F2Z2I4	F2Z2I4_HUMAN
ENSP00000308193	Q8TDP1	RNH2C_HUMAN
ENSP00000325978	Q6UY01	LRC31_HUMAN
ENSP00000289746	P55291	CAD15_HUMAN
ENSP00000164227	P20749	BCL3_HUMAN
ENSP00000442788	Q6N021	TET2_HUMAN
ENSP00000347915	Q86WT1	IT70A_HUMAN
ENSP00000346478	Q86TH1	ATL2_HUMAN
ENSP00000237172	Q7Z7B0	FLIP1_HUMAN
ENSP00000376543	O75443	TECTA_HUMAN
ENSP00000263946	Q13835	PKP1_HUMAN
ENSP00000347602	P29374	ARI4A_HUMAN
ENSP00000495965	Q8NEV4	MYO3A_HUMAN
ENSP00000392105	Q3KP66	INAVA_HUMAN
ENSP00000482968	Q8TCU4	ALMS1_HUMAN
ENSP00000258201	Q9Y613	FHOD1_HUMAN
ENSP00000371233	Q9H190	SDCB2_HUMAN
ENSP00000305852	P48230	T4S4_HUMAN
ENSP00000268070	Q8TE56	ATS17_HUMAN
ENSP00000246080	Q12870	TCF15_HUMAN
ENSP00000401597	Q6ZMT9	DTHD1_HUMAN
ENSP00000359640	Q8IZK6	MCLN2_HUMAN
ENSP00000377862	A0A6Q8JR05	A0A6Q8JR05_HUMAN
ENSP00000230381	P23942	PRPH2_HUMAN
ENSP00000497110	O15303	GRM6_HUMAN
ENSP00000496564	Q7RTW8	OTOAN_HUMAN
ENSP00000485478	Q96JP9	CDHR1_HUMAN
ENSP00000466561	Q2WEN9	CEA16_HUMAN
ENSP00000371689	P55289	CAD12_HUMAN
ENSP00000377867	Q9P289	STK26_HUMAN
ENSP00000496301	Q9BZR9	TRIM8_HUMAN
ENSP00000400099	Q6ZS17	RIPR1_HUMAN
ENSP00000450310	Q9NQS5	GPR84_HUMAN
ENSP00000479169	Q93079	H2B1H_HUMAN
ENSP00000247306	O75638	CTAG2_HUMAN
ENSP00000005257	P11233	RALA_HUMAN
ENSP00000297156	P49069	CAMLG_HUMAN
ENSP00000376943	O43521	B2L11_HUMAN
ENSP00000366798	O00479	HMGN4_HUMAN
ENSP00000262879	Q86X10	RLGPB_HUMAN
ENSP00000256196	P62070	RRAS2_HUMAN
ENSP00000348753	Q7Z698	SPRE2_HUMAN
ENSP00000081029	P82673	RT35_HUMAN
ENSP00000487444	A0A0D9SGF6	A0A0D9SGF6_HUMAN
ENSP00000262850	Q5VZM2	RRAGB_HUMAN
ENSP00000295797	P41743	KPCI_HUMAN
ENSP00000362485	Q5VVW2	GARL3_HUMAN
ENSP00000316809	Q00169	PIPNA_HUMAN
ENSP00000346300	P46109	CRKL_HUMAN
ENSP00000484855	O00471	EXOC5_HUMAN
ENSP00000251157	Q96N67	DOCK7_HUMAN
ENSP00000078429	P29992	GNA11_HUMAN
ENSP00000368884	P51812	KS6A3_HUMAN
ENSP00000220849	P60228	EIF3E_HUMAN
ENSP00000240100	Q13115	DUS4_HUMAN
ENSP00000479518	Q96H55	MYO19_HUMAN
ENSP00000479636	Q8N3E9	PLCD3_HUMAN
ENSP00000295095	Q53QZ3	RHG15_HUMAN
ENSP00000311827	Q9HCI7	MSL2_HUMAN
ENSP00000268616	Q8WYQ9	ZCH14_HUMAN
ENSP00000358596	Q16690	DUS5_HUMAN
ENSP00000355731	Q5VT25	MRCKA_HUMAN
ENSP00000257017	Q14088	RB33A_HUMAN
ENSP00000378368	Q14254	FLOT2_HUMAN
ENSP00000362638	P49006	MRP_HUMAN
ENSP00000352926	Q15561	TEAD4_HUMAN
ENSP00000352926	Q53GI4	Q53GI4_HUMAN
ENSP00000301215	Q8TF50	ZN526_HUMAN
ENSP00000207549	Q70J99	UN13D_HUMAN
ENSP00000358983	Q00653	NFKB2_HUMAN
ENSP00000462099	Q8WWW0	RASF5_HUMAN
ENSP00000490119	A0A1B0GUI1	A0A1B0GUI1_HUMAN
ENSP00000312988	Q15653	IKBB_HUMAN
ENSP00000377075	Q3MIN7	RGL3_HUMAN
ENSP00000256458	O43187	IRAK2_HUMAN
ENSP00000328875	O60296	TRAK2_HUMAN
ENSP00000300574	P46108	CRK_HUMAN
ENSP00000288368	Q70Z35	PREX2_HUMAN
ENSP00000319096	P61225	RAP2B_HUMAN
ENSP00000410157	Q8N961	ABTB2_HUMAN
ENSP00000364813	Q9Y333	LSM2_HUMAN
ENSP00000280800	Q8NHP8	PLBL2_HUMAN
ENSP00000379808	Q5U623	MCAF2_HUMAN
ENSP00000319781	Q86YS6	RAB43_HUMAN
ENSP00000381958	Q8IVT5	KSR1_HUMAN
ENSP00000369270	Q92766	RREB1_HUMAN
ENSP00000316543	Q70E73	RAPH1_HUMAN
ENSP00000262094	O00194	RB27B_HUMAN
ENSP00000356602	Q9NP79	VTA1_HUMAN
ENSP00000489597	Q06124	PTN11_HUMAN
ENSP00000229264	P16520	GBB3_HUMAN
ENSP00000377037	Q8N431	RGF1C_HUMAN
ENSP00000372924	Q15311	RBP1_HUMAN
ENSP00000416125	Q9NXL2	ARH38_HUMAN
ENSP00000368824	Q8WXI2	CNKR2_HUMAN
ENSP00000491279	A0A1W2PPD8	KDM4F_HUMAN
ENSP00000264431	Q9Y4G8	RPGF2_HUMAN
ENSP00000306220	Q8N4V1	EMC5_HUMAN
ENSP00000370710	Q9H3R0	KDM4C_HUMAN
ENSP00000380713	Q02833	RASF7_HUMAN
ENSP00000258787	B0I1T2	MYO1G_HUMAN
ENSP00000482228	Q9HB19	PKHA2_HUMAN
ENSP00000286713	P27105	STOM_HUMAN
ENSP00000484403	P56180	TPTE_HUMAN
ENSP00000306776	Q8TBZ0	CC110_HUMAN
ENSP00000290691	Q8IZJ4	RGDSR_HUMAN
ENSP00000398560	Q96N96	SPT13_HUMAN
ENSP00000341905	Q86YV0	RASL3_HUMAN
ENSP00000440167	A4D1S5	RAB19_HUMAN
ENSP00000347427	Q8N4C8	MINK1_HUMAN
ENSP00000322265	Q6ZNG0	ZN620_HUMAN
ENSP00000287169	Q9C0B5	ZDHC5_HUMAN
ENSP00000316845	Q9NR80	ARHG4_HUMAN
ENSP00000298048	Q14680	MELK_HUMAN
ENSP00000304376	Q969Q5	RAB24_HUMAN
ENSP00000243662	P57729	RAB38_HUMAN
ENSP00000392511	Q5FWE3	PRRT3_HUMAN
ENSP00000161559	P13688	CEAM1_HUMAN
ENSP00000046794	Q13094	LCP2_HUMAN
ENSP00000202677	Q2PPJ7	RGPA2_HUMAN
ENSP00000387266	Q08AE8	SPIR1_HUMAN
ENSP00000376522	Q8N8E3	CE112_HUMAN
ENSP00000351255	Q14765	STAT4_HUMAN
ENSP00000382004	O60716	CTND1_HUMAN
ENSP00000363895	X6R8W7	X6R8W7_HUMAN
ENSP00000384638	P26232	CTNA2_HUMAN
ENSP00000422435	F2Z2J1	F2Z2J1_HUMAN
ENSP00000354201	Q9H832	UBE2Z_HUMAN
ENSP00000472929	P15498	VAV_HUMAN
ENSP00000327368	Q03692	COAA1_HUMAN
ENSP00000425587	O60645	EXOC3_HUMAN
ENSP00000443204	Q86YS7	C2CD5_HUMAN
ENSP00000326550	Q9Y6A5	TACC3_HUMAN
ENSP00000435233	P28347	TEAD1_HUMAN
ENSP00000435233	H0YE88	H0YE88_HUMAN
ENSP00000362146	Q53HL2	BOREA_HUMAN
ENSP00000365569	O75955	FLOT1_HUMAN
ENSP00000321326	P25116	PAR1_HUMAN
ENSP00000490940	A0A1B0GWI5	A0A1B0GWI5_HUMAN
ENSP00000481841	P25063	CD24_HUMAN
ENSP00000321537	Q15334	L2GL1_HUMAN
ENSP00000310661	Q9NP56	PDE7B_HUMAN
ENSP00000353025	Q92520	FAM3C_HUMAN
ENSP00000259089	P51451	BLK_HUMAN
ENSP00000482647	Q6ZSZ5	ARHGI_HUMAN
ENSP00000482647	A0A087WZG4	A0A087WZG4_HUMAN
ENSP00000341911	O75781	PALM_HUMAN
ENSP00000216639	Q99986	VRK1_HUMAN
ENSP00000276211	Q6ZRI8	RHG36_HUMAN
ENSP00000340578	Q6ZTQ3	RASF6_HUMAN
ENSP00000365272	Q15700	DLG2_HUMAN
ENSP00000262395	Q9BUZ4	TRAF4_HUMAN
ENSP00000371897	Q13017	RHG05_HUMAN
ENSP00000286364	Q15283	RASA2_HUMAN
ENSP00000341843	Q9Y603	ETV7_HUMAN
ENSP00000399511	Q9UKE5	TNIK_HUMAN
ENSP00000351132	Q8IXI2	MIRO1_HUMAN
ENSP00000358466	Q96DA2	RB39B_HUMAN
ENSP00000322649	Q8N5S1	S2541_HUMAN
ENSP00000321826	Q5T5C0	STXB5_HUMAN
ENSP00000441913	Q8N1W1	ARG28_HUMAN
ENSP00000432511	P52333	JAK3_HUMAN
ENSP00000345206	Q06330	SUH_HUMAN
ENSP00000380702	Q99417	MYCBP_HUMAN
ENSP00000391592	P29350	PTN6_HUMAN
ENSP00000472109	Q15562	TEAD2_HUMAN
ENSP00000365312	Q8IZP0	ABI1_HUMAN
ENSP00000353646	Q58EX7	PKHG4_HUMAN
ENSP00000272519	P11234	RALB_HUMAN
ENSP00000410402	P45985	MP2K4_HUMAN
ENSP00000375711	Q96B36	AKTS1_HUMAN
ENSP00000392906	Q9H7P9	PKHG2_HUMAN
ENSP00000305069	Q8IY95	TM192_HUMAN
ENSP00000349486	Q14160	SCRIB_HUMAN
ENSP00000391803	O75030	MITF_HUMAN
ENSP00000345984	O43734	CIKS_HUMAN
ENSP00000335029	Q14644	RASA3_HUMAN
ENSP00000391167	A0A7I2RAZ6	A0A7I2RAZ6_HUMAN
ENSP00000267484	Q16799	RTN1_HUMAN
ENSP00000276282	Q9Y4C4	MFHA1_HUMAN
ENSP00000483313	Q9Y6W5	WASF2_HUMAN
ENSP00000482950	Q14184	DOC2B_HUMAN
ENSP00000389649	P18859	ATP5J_HUMAN
ENSP00000252891	Q9Y6R0	NUMBL_HUMAN
ENSP00000364585	Q9P258	RCC2_HUMAN
ENSP00000241453	P36888	FLT3_HUMAN
ENSP00000349824	Q8NFH8	REPS2_HUMAN
ENSP00000479762	Q96AH8	RAB7B_HUMAN
ENSP00000481054	Q7Z6P3	RAB44_HUMAN
ENSP00000273666	Q9Y2K9	STB5L_HUMAN
ENSP00000312262	P25098	ARBK1_HUMAN
ENSP00000245960	P30305	MPIP2_HUMAN
ENSP00000365261	O00453	LST1_HUMAN
ENSP00000362080	Q96C24	SYTL4_HUMAN
ENSP00000244007	P19174	PLCG1_HUMAN
ENSP00000265334	Q8IVW4	CDKL3_HUMAN
ENSP00000387356	P16112	PGCA_HUMAN
ENSP00000443021	Q86WH2	RASF3_HUMAN
ENSP00000284987	Q9UNA0	ATS5_HUMAN
ENSP00000476792	Q5HYW3	RTL5_HUMAN
ENSP00000450832	O43166	SI1L1_HUMAN
ENSP00000372410	Q5GAN3	RNS13_HUMAN
ENSP00000355809	Q8N8S7	ENAH_HUMAN
ENSP00000440440	Q6VMQ6	MCAF1_HUMAN
ENSP00000478458	Q9UPR0	PLCL2_HUMAN
ENSP00000266041	Q14624	ITIH4_HUMAN
ENSP00000417610	Q9ULC3	RAB23_HUMAN
ENSP00000379057	Q96C03	MID49_HUMAN
ENSP00000355361	Q08722	CD47_HUMAN
ENSP00000343552	O60725	ICMT_HUMAN
ENSP00000252979	Q9Y3M9	ZN337_HUMAN
ENSP00000386229	O43566	RGS14_HUMAN
ENSP00000268933	Q9H201	EPN3_HUMAN
ENSP00000332979	Q9Y5Z0	BACE2_HUMAN
ENSP00000359787	Q53G44	IF44L_HUMAN
ENSP00000351605	O60353	FZD6_HUMAN
ENSP00000358464	Q9UQ13	SHOC2_HUMAN
ENSP00000339692	Q9H2L5	RASF4_HUMAN
ENSP00000494125	P67936	TPM4_HUMAN
ENSP00000355961	Q9NVH2	INT7_HUMAN
ENSP00000345808	Q8IWW6	RHG12_HUMAN
ENSP00000301633	H3BLT4	H3BLT4_HUMAN
ENSP00000363371	Q969H4	CNKR1_HUMAN
ENSP00000343658	O95819	M4K4_HUMAN
ENSP00000479719	Q96F07	CYFP2_HUMAN
ENSP00000429986	Q9NPA8	ENY2_HUMAN
ENSP00000470383	M0QZ92	M0QZ92_HUMAN
ENSP00000159111	A0A0C4DFL8	A0A0C4DFL8_HUMAN
ENSP00000181796	Q9H098	F107B_HUMAN
ENSP00000426948	E9PCH4	E9PCH4_HUMAN
ENSP00000361473	O75164	KDM4A_HUMAN
ENSP00000376611	Q13569	TDG_HUMAN
ENSP00000495631	A0A2R8YG42	A0A2R8YG42_HUMAN
ENSP00000355511	P26374	RAE2_HUMAN
ENSP00000262768	P16035	TIMP2_HUMAN
ENSP00000261739	Q8IZ07	AN13A_HUMAN
ENSP00000475727	Q9P0N9	TBCD7_HUMAN
ENSP00000288943	Q05923	DUSP2_HUMAN
ENSP00000360540	Q53EZ4	CEP55_HUMAN
ENSP00000301258	O43653	PSCA_HUMAN
ENSP00000339826	Q6ZUJ8	BCAP_HUMAN
ENSP00000345492	Q9UQQ2	SH2B3_HUMAN
ENSP00000365411	Q7Z5R6	AB1IP_HUMAN
ENSP00000217515	O43396	TXNL1_HUMAN
ENSP00000437188	Q8IVF5	TIAM2_HUMAN
ENSP00000364976	P33552	CKS2_HUMAN
ENSP00000357906	Q6P589	TP8L2_HUMAN
ENSP00000281928	Q71F56	MD13L_HUMAN
ENSP00000345083	P46734	MP2K3_HUMAN
ENSP00000445806	Q3ZCQ8	TIM50_HUMAN
ENSP00000384491	Q8NHQ8	RASF8_HUMAN
ENSP00000244040	Q9UL26	RB22A_HUMAN
ENSP00000380888	Q9UHV7	MED13_HUMAN
ENSP00000365530	Q6ZWJ1	STXB4_HUMAN
ENSP00000379612	Q86VP1	TAXB1_HUMAN
ENSP00000473469	Q5VZ89	DEN4C_HUMAN
ENSP00000424183	Q9UHA4	LTOR3_HUMAN
ENSP00000306496	Q9H082	RB33B_HUMAN
ENSP00000221419	P14866	HNRPL_HUMAN
ENSP00000310406	Q13671	RIN1_HUMAN
ENSP00000458663	Q96RK0	CIC_HUMAN
ENSP00000260502	O75815	BCAR3_HUMAN
ENSP00000380453	Q8TAM6	ERMIN_HUMAN
ENSP00000288937	Q9NRX2	RM17_HUMAN
ENSP00000254695	Q684P5	RPGP2_HUMAN
ENSP00000397239	B2RXH2	KDM4E_HUMAN
ENSP00000392065	Q96D71	REPS1_HUMAN
ENSP00000260283	Q9P2F6	RHG20_HUMAN
ENSP00000360475	Q8N5I2	ARRD1_HUMAN
ENSP00000271638	P31949	S10AB_HUMAN
ENSP00000427130	Q6ZTN6	AN13D_HUMAN
ENSP00000362082	P30281	CCND3_HUMAN
ENSP00000345405	Q2MJR0	SPRE3_HUMAN
ENSP00000359925	Q9BTT6	LRRC1_HUMAN
ENSP00000385632	Q13946	PDE7A_HUMAN
ENSP00000260302	P45452	MMP13_HUMAN
ENSP00000363117	P09769	FGR_HUMAN
ENSP00000355922	P49454	CENPF_HUMAN
ENSP00000344401	Q6ZN17	LN28B_HUMAN
ENSP00000401303	P29353	SHC1_HUMAN
ENSP00000497444	P30533	AMRP_HUMAN
ENSP00000372313	Q13421	MSLN_HUMAN
ENSP00000485526	A6NK89	RASFA_HUMAN
ENSP00000215742	Q9BT49	THAP7_HUMAN
ENSP00000378611	Q8N264	RHG24_HUMAN
ENSP00000334181	Q6B0I6	KDM4D_HUMAN
ENSP00000220507	Q96L33	RHOV_HUMAN
ENSP00000452634	Q03169	TNAP2_HUMAN
ENSP00000366563	O00329	PK3CD_HUMAN
ENSP00000356621	Q9UJF2	NGAP_HUMAN
ENSP00000362621	Q5JQF8	PAP1M_HUMAN
ENSP00000263881	Q8IVH8	M4K3_HUMAN
ENSP00000276202	Q5JSL3	DOC11_HUMAN
ENSP00000343847	Q6ZWH5	NEK10_HUMAN
ENSP00000497482	A6NKG5	RTL1_HUMAN
ENSP00000321971	Q8IXI1	MIRO2_HUMAN
ENSP00000020926	Q7L8C5	SYT13_HUMAN
ENSP00000263800	P29376	LTK_HUMAN
ENSP00000368710	P50749	RASF2_HUMAN
ENSP00000362618	Q5JQF8	PAP1M_HUMAN
ENSP00000225665	Q02978	M2OM_HUMAN
ENSP00000372042	Q9Y2T4	2ABG_HUMAN
ENSP00000339637	Q6PJG6	BRAT1_HUMAN
ENSP00000349689	Q9Y397	ZDHC9_HUMAN
ENSP00000345752	Q13614	MTMR2_HUMAN
ENSP00000265073	P53999	TCP4_HUMAN
ENSP00000458065	Q9UBX2	DUX4_HUMAN
ENSP00000266505	Q86YW0	PLCZ1_HUMAN
ENSP00000321848	Q8TAW3	ZN671_HUMAN
ENSP00000244869	O14944	EREG_HUMAN
ENSP00000501150	P42338	PK3CB_HUMAN
ENSP00000377771	Q96FS4	SIPA1_HUMAN
ENSP00000367154	Q15404	RSU1_HUMAN
ENSP00000241014	Q9UQF2	JIP1_HUMAN
ENSP00000490038	Q53S08	RAB6D_HUMAN
ENSP00000223324	Q9BYC8	RM32_HUMAN
ENSP00000345772	Q99594	TEAD3_HUMAN
ENSP00000345772	A0A1X7SBS4	A0A1X7SBS4_HUMAN
ENSP00000299084	Q7Z699	SPRE1_HUMAN
ENSP00000280350	Q8WWB5	PIHD2_HUMAN
ENSP00000359045	P98171	RHG04_HUMAN
ENSP00000357695	Q96FQ6	S10AG_HUMAN
ENSP00000265748	Q9NQW6	ANLN_HUMAN
ENSP00000355133	O75052	CAPON_HUMAN
ENSP00000353590	P35580	MYH10_HUMAN
ENSP00000217188	Q9H3Y6	SRMS_HUMAN
ENSP00000361120	Q12967	GNDS_HUMAN
ENSP00000337641	Q16537	2A5E_HUMAN
ENSP00000283351	Q9Y2L5	TPPC8_HUMAN
ENSP00000363553	Q92633	LPAR1_HUMAN
ENSP00000296015	Q96N46	TTC14_HUMAN
ENSP00000309007	Q8TBB0	THAP6_HUMAN
ENSP00000359025	O00186	STXB3_HUMAN
ENSP00000332602	P78358	CTG1B_HUMAN
ENSP00000382492	Q96JH8	RADIL_HUMAN
ENSP00000385110	B0QY95	B0QY95_HUMAN
ENSP00000351379	P60673	PROF3_HUMAN
ENSP00000273258	O75915	PRAF3_HUMAN
ENSP00000417273	P16333	NCK1_HUMAN
ENSP00000366182	P19419	ELK1_HUMAN
ENSP00000306185	P58335	ANTR2_HUMAN
ENSP00000439479	F5H269	F5H269_HUMAN
ENSP00000310901	Q16527	CSRP2_HUMAN
ENSP00000282096	Q13370	PDE3B_HUMAN
ENSP00000453508	Q9Y4G6	TLN2_HUMAN
ENSP00000405004	Q04771	ACVR1_HUMAN
ENSP00000308012	Q96DU9	PABP5_HUMAN
ENSP00000285071	Q8NFG4	FLCN_HUMAN
ENSP00000007699	Q9Y2T7	YBOX2_HUMAN
ENSP00000325674	Q86VI1	EX3L1_HUMAN
ENSP00000320543	O95208	EPN2_HUMAN
ENSP00000369335	Q8NFZ0	FBH1_HUMAN
ENSP00000429803	Q3ZCT1	ZN260_HUMAN
ENSP00000365756	Q8IYS2	K2013_HUMAN
ENSP00000262848	P51817	PRKX_HUMAN
ENSP00000276925	P42772	CDN2B_HUMAN
ENSP00000303192	Q9NZL6	RGL1_HUMAN
ENSP00000293330	O43612	OREX_HUMAN
ENSP00000218249	P0C0E4	RB40L_HUMAN
ENSP00000435412	Q15418	KS6A1_HUMAN
ENSP00000362399	P61764	STXB1_HUMAN
ENSP00000243349	Q8NER5	ACV1C_HUMAN
ENSP00000391311	Q99719	SEPT5_HUMAN
ENSP00000284637	Q7Z6J0	SH3R1_HUMAN
ENSP00000484687	Q15649	ZNHI3_HUMAN
ENSP00000357791	Q86YZ3	HORN_HUMAN
ENSP00000354360	Q9Y6N6	LAMC3_HUMAN
ENSP00000376822	Q658P3	STEA3_HUMAN
ENSP00000263713	Q9HCM4	E41L5_HUMAN
ENSP00000379602	P23763	VAMP1_HUMAN
ENSP00000447241	Q8WU20	FRS2_HUMAN
ENSP00000497402	P18754	RCC1_HUMAN
ENSP00000343742	Q5VW32	BROX_HUMAN
ENSP00000309163	Q9Y256	FACE2_HUMAN
ENSP00000328998	Q9UPV9	TRAK1_HUMAN
ENSP00000281092	P16591	FER_HUMAN
ENSP00000304250	Q13319	CD5R2_HUMAN
ENSP00000351539	Q99592	ZBT18_HUMAN
ENSP00000352208	Q9NZM1	MYOF_HUMAN
ENSP00000358423	Q9NQL2	RRAGD_HUMAN
ENSP00000331065	Q86WC6	PPR27_HUMAN
ENSP00000261558	Q9H0R1	AP5M1_HUMAN
ENSP00000338785	Q9Y3M8	STA13_HUMAN
ENSP00000382021	Q9UIC8	LCMT1_HUMAN
ENSP00000280758	A6QL63	ABTB3_HUMAN
ENSP00000263116	O95755	RAB36_HUMAN
ENSP00000450244	O95294	RASL1_HUMAN
ENSP00000365533	Q8N0X4	CLYBL_HUMAN
ENSP00000222120	O95716	RAB3D_HUMAN
ENSP00000414521	O15344	TRI18_HUMAN
ENSP00000267328	Q9NX57	RAB20_HUMAN
ENSP00000005260	Q9UHR4	BI2L1_HUMAN
ENSP00000377725	Q9Y2L8	ZKSC5_HUMAN
ENSP00000359982	Q8N6S4	AN13C_HUMAN
ENSP00000416707	Q5GH73	XKR6_HUMAN
ENSP00000333680	Q8NET5	NFAM1_HUMAN
ENSP00000176763	O94804	STK10_HUMAN
ENSP00000284073	Q96DH6	MSI2H_HUMAN
ENSP00000427820	Q49A92	CH034_HUMAN
ENSP00000263440	Q9Y672	ALG6_HUMAN
ENSP00000354649	Q9H0U3	MAGT1_HUMAN
ENSP00000354649	A0A087WU53	A0A087WU53_HUMAN
ENSP00000261590	Q14126	DSG2_HUMAN
ENSP00000365830	Q53LP3	SWAHC_HUMAN
ENSP00000386834	P51826	AFF3_HUMAN
ENSP00000237642	O95210	STBD1_HUMAN
ENSP00000386722	O94868	FCSD2_HUMAN
ENSP00000405738	Q6NXG1	ESRP1_HUMAN
ENSP00000276416	Q9NQY0	BIN3_HUMAN
ENSP00000427421	Q9NRR3	C42S2_HUMAN
ENSP00000223398	Q9UDT6	CLIP2_HUMAN
ENSP00000465099	O15446	RPA34_HUMAN
ENSP00000387462	Q96DT7	ZBT10_HUMAN
ENSP00000305334	Q8N475	FSTL5_HUMAN
ENSP00000299626	Q9BVK2	ALG8_HUMAN
ENSP00000304429	Q9UNH6	SNX7_HUMAN
ENSP00000370669	P57103	NAC3_HUMAN
ENSP00000296121	Q96AT1	K1143_HUMAN
ENSP00000295851	A0A7D9NKC8	A0A7D9NKC8_HUMAN
ENSP00000378958	Q9UNT1	RBL2B_HUMAN
ENSP00000424544	Q13454	TUSC3_HUMAN
ENSP00000258111	Q86W47	KCMB4_HUMAN
ENSP00000417583	Q9BVH7	SIA7E_HUMAN
ENSP00000363824	Q9NVV0	TM38B_HUMAN
ENSP00000462998	J3KTI2	J3KTI2_HUMAN
ENSP00000362962	Q7Z7A1	CNTRL_HUMAN
ENSP00000437790	Q9UJ99	CAD22_HUMAN
ENSP00000008391	Q7Z6R9	AP2D_HUMAN
ENSP00000356991	Q96NY8	NECT4_HUMAN
ENSP00000373808	Q9Y6X4	F169A_HUMAN
ENSP00000293872	Q9NQ29	LUC7L_HUMAN
ENSP00000347198	Q7Z6B7	SRGP1_HUMAN
ENSP00000342276	Q96RF0	SNX18_HUMAN
ENSP00000341597	Q9NRY5	F1142_HUMAN
ENSP00000278671	Q6IAA8	LTOR1_HUMAN
ENSP00000429993	Q96SJ8	TSN18_HUMAN
ENSP00000324701	Q9Y586	MB212_HUMAN
ENSP00000363667	P26045	PTN3_HUMAN
ENSP00000056217	Q12774	ARHG5_HUMAN
ENSP00000477792	Q15345	LRC41_HUMAN
ENSP00000164305	Q92521	PIGB_HUMAN
ENSP00000357643	P46013	KI67_HUMAN
ENSP00000373565	Q6ZRV2	FA83H_HUMAN
ENSP00000229395	Q9NVK5	FGOP2_HUMAN
ENSP00000301200	Q6NZY7	BORG3_HUMAN
ENSP00000353863	Q9UQR1	ZN148_HUMAN
ENSP00000353904	Q9Y6M4	KC1G3_HUMAN
ENSP00000459615	O75044	SRGP2_HUMAN
ENSP00000254942	Q15554	TERF2_HUMAN
ENSP00000376317	Q9H2K8	TAOK3_HUMAN
ENSP00000363571	O15146	MUSK_HUMAN
ENSP00000378165	O43670	ZN207_HUMAN
ENSP00000222990	Q9Y5X2	SNX8_HUMAN
ENSP00000491073	A0A1W2PNV4	A0A1W2PNV4_HUMAN
ENSP00000254260	Q8IUC4	RHPN2_HUMAN
ENSP00000466379	O43681	GET3_HUMAN
ENSP00000373647	A6ND36	FA83G_HUMAN
ENSP00000486285	C9JME2	C9JME2_HUMAN
ENSP00000320092	Q99963	SH3G3_HUMAN
ENSP00000378912	O75128	COBL_HUMAN
ENSP00000247226	A1L390	PKHG3_HUMAN
ENSP00000310670	Q8N163	CCAR2_HUMAN
ENSP00000295770	Q8TCJ2	STT3B_HUMAN
ENSP00000358001	O95359	TACC2_HUMAN
ENSP00000376330	O43516	WIPF1_HUMAN
ENSP00000262919	O75882	ATRN_HUMAN
ENSP00000261597	O14777	NDC80_HUMAN
ENSP00000320219	Q5FYB0	ARSJ_HUMAN
ENSP00000364860	Q01974	ROR2_HUMAN
ENSP00000338671	O94844	RHBT1_HUMAN
ENSP00000324573	Q13045	FLII_HUMAN
ENSP00000266732	P42166	LAP2A_HUMAN
ENSP00000351207	Q9BY89	K1671_HUMAN
ENSP00000358327	A0A0A0MRL7	A0A0A0MRL7_HUMAN
ENSP00000296292	Q96AA3	RFT1_HUMAN
ENSP00000347710	O60890	OPHN1_HUMAN
ENSP00000354848	Q96EK5	KBP_HUMAN
ENSP00000498126	A0A3B3ITZ1	A0A3B3ITZ1_HUMAN
ENSP00000393776	Q0JRZ9	FCHO2_HUMAN
ENSP00000322218	Q9BZ72	PITM2_HUMAN
ENSP00000349351	Q8TD16	BICD2_HUMAN
ENSP00000249014	Q00587	BORG5_HUMAN
ENSP00000354251	Q9Y2A7	NCKP1_HUMAN
ENSP00000376992	Q5TBC7	B2L15_HUMAN
ENSP00000484060	Q9BY11	PACN1_HUMAN
ENSP00000446335	Q5T0B9	ZN362_HUMAN
ENSP00000335481	Q96A84	EMID1_HUMAN
ENSP00000259075	Q92844	TANK_HUMAN
ENSP00000356113	Q96JT2	S45A3_HUMAN
ENSP00000432472	Q8WUW1	BRK1_HUMAN
ENSP00000261623	P13498	CY24A_HUMAN
ENSP00000348381	Q9UEY8	ADDG_HUMAN
ENSP00000289968	Q68EM7	RHG17_HUMAN
ENSP00000371085	Q6UXY1	BI2L2_HUMAN
ENSP00000379658	P41212	ETV6_HUMAN
ENSP00000414178	F8WA39	F8WA39_HUMAN
ENSP00000336923	A1A4S6	RHG10_HUMAN
ENSP00000358770	Q9H2G2	SLK_HUMAN
ENSP00000321703	O75410	TACC1_HUMAN
ENSP00000379087	Q7Z4H4	ADM2_HUMAN
ENSP00000356694	P48023	TNFL6_HUMAN
ENSP00000037502	Q99972	MYOC_HUMAN
ENSP00000262741	Q92569	P55G_HUMAN
ENSP00000075503	Q6J9G0	STYK1_HUMAN
ENSP00000436786	Q03164	KMT2A_HUMAN
ENSP00000292090	Q96CP7	TLCD1_HUMAN
ENSP00000440402	Q96FC9	DDX11_HUMAN
ENSP00000366522	Q9C0H5	RHG39_HUMAN
ENSP00000358956	Q5VVH5	IKBP1_HUMAN
ENSP00000347532	A0MZ66	SHOT1_HUMAN
ENSP00000410242	F8W930	F8W930_HUMAN
ENSP00000435365	Q5JTV8	TOIP1_HUMAN
ENSP00000347672	Q8TAA9	VANG1_HUMAN
ENSP00000365503	A6NL88	SHSA7_HUMAN
ENSP00000359073	Q9UKW4	VAV3_HUMAN
ENSP00000290341	Q9NZI8	IF2B1_HUMAN
ENSP00000321203	Q8NFZ5	TNIP2_HUMAN
ENSP00000259455	O75899	GABR2_HUMAN
ENSP00000293373	P55160	NCKPL_HUMAN
ENSP00000364550	P41229	KDM5C_HUMAN
ENSP00000475845	Q9NRR8	C42S1_HUMAN
ENSP00000482437	Q9H6U8	ALG9_HUMAN
ENSP00000380793	Q92685	ALG3_HUMAN
ENSP00000427926	Q9BYZ6	RHBT2_HUMAN
ENSP00000299505	O15063	GRRE1_HUMAN
ENSP00000405890	P40424	PBX1_HUMAN
ENSP00000250101	Q9BRA2	TXD17_HUMAN
ENSP00000426906	H0YAE9	H0YAE9_HUMAN
ENSP00000360120	Q01973	ROR1_HUMAN
ENSP00000261592	O94818	NOL4_HUMAN
ENSP00000387229	Q9UBK7	RBL2A_HUMAN
ENSP00000426455	O00584	RNT2_HUMAN
ENSP00000276603	P54274	TERF1_HUMAN
ENSP00000452746	O43586	PPIP1_HUMAN
ENSP00000378935	Q8NEY8	PPHLN_HUMAN
ENSP00000367355	A5YM69	ARG35_HUMAN
ENSP00000315630	Q9UH65	SWP70_HUMAN
ENSP00000470248	O43900	PRIC3_HUMAN
ENSP00000499092	A0A0C4DFY5	A0A0C4DFY5_HUMAN
ENSP00000271234	Q5T0N5	FBP1L_HUMAN
ENSP00000226432	Q9H720	PG2IP_HUMAN
ENSP00000322181	O94777	DPM2_HUMAN
ENSP00000384564	Q8WWX9	SELM_HUMAN
ENSP00000378464	Q8WVH0	CPLX3_HUMAN
ENSP00000350719	Q8WXH0	SYNE2_HUMAN
ENSP00000418748	Q9H6T0	ESRP2_HUMAN
ENSP00000368994	Q17R89	RHG44_HUMAN
ENSP00000298815	A6NI28	RHG42_HUMAN
ENSP00000380019	Q8TF68	ZN384_HUMAN
ENSP00000250498	P61803	DAD1_HUMAN
ENSP00000451223	G3V3G0	G3V3G0_HUMAN
ENSP00000331545	P47890	OR1G1_HUMAN
ENSP00000338330	Q6TCH4	PAQR6_HUMAN
ENSP00000386289	Q9UBP9	GULP1_HUMAN
ENSP00000265036	Q8WUY9	DEP1B_HUMAN
ENSP00000373347	O43295	SRGP3_HUMAN
ENSP00000354158	Q8IUD2	RB6I2_HUMAN
ENSP00000314806	Q6PIV2	FOXR1_HUMAN
ENSP00000313384	P30953	OR1E1_HUMAN
ENSP00000318177	Q96I24	FUBP3_HUMAN
ENSP00000377735	A0A0R4J2F2	A0A0R4J2F2_HUMAN
ENSP00000328923	Q6NY19	KANK3_HUMAN
ENSP00000361556	Q5SZB4	CI050_HUMAN
ENSP00000388713	O43813	LANC1_HUMAN
ENSP00000319281	P80723	BASP1_HUMAN
ENSP00000379441	Q8N9B5	JMY_HUMAN
ENSP00000479904	Q9UBW7	ZMYM2_HUMAN
ENSP00000357591	Q5T215	TPC3L_HUMAN
ENSP00000342560	Q9Y5N1	HRH3_HUMAN
ENSP00000354686	Q9Y2D9	ZN652_HUMAN
ENSP00000386711	Q96N16	JKIP1_HUMAN
ENSP00000387261	Q9H939	PPIP2_HUMAN
ENSP00000328336	Q8N111	CEND_HUMAN
ENSP00000380996	Q6NV74	CRCDL_HUMAN
ENSP00000363055	O95229	ZWINT_HUMAN
ENSP00000385939	P17014	ZNF12_HUMAN
ENSP00000288912	Q8TBY9	CF251_HUMAN
ENSP00000274498	Q9UNA1	RHG26_HUMAN
ENSP00000413625	Q96RU3	FNBP1_HUMAN
ENSP00000399259	Q86WN1	FCSD1_HUMAN
ENSP00000348757	A5D8V7	ODAD3_HUMAN
ENSP00000347152	Q5VV63	ATRN1_HUMAN
ENSP00000491655	Q96M83	CCDC7_HUMAN
ENSP00000264036	P43121	MUC18_HUMAN
ENSP00000222254	O00459	P85B_HUMAN
ENSP00000397157	Q96FX8	PERP_HUMAN
ENSP00000376472	P46977	STT3A_HUMAN
ENSP00000347586	A6NI79	CCD69_HUMAN
ENSP00000263102	Q16204	CCDC6_HUMAN
ENSP00000222574	O60381	HBP1_HUMAN
ENSP00000005284	O60359	CCG3_HUMAN
ENSP00000365486	Q8N688	DB123_HUMAN
ENSP00000380746	Q8N461	FXL16_HUMAN
ENSP00000380307	Q96JJ6	JPH4_HUMAN
ENSP00000295987	P17600	SYN1_HUMAN
ENSP00000435637	O94779	CNTN5_HUMAN
ENSP00000264638	P78357	CNTP1_HUMAN
ENSP00000393161	Q8IW70	T151B_HUMAN
ENSP00000282499	P48058	GRIA4_HUMAN
ENSP00000322617	Q8WXA8	5HT3C_HUMAN
ENSP00000330572	Q13387	JIP2_HUMAN
ENSP00000399485	O94772	LY6H_HUMAN
ENSP00000312663	Q9UGM1	ACHA9_HUMAN
ENSP00000371785	Q8TAK6	OLIG1_HUMAN
ENSP00000349594	A0A0R4J2E6	A0A0R4J2E6_HUMAN
ENSP00000304127	Q8TAE7	KCNG3_HUMAN
ENSP00000454468	Q2WGJ8	CTSRQ_HUMAN
ENSP00000419975	Q8IYB4	PEX5R_HUMAN
ENSP00000369146	Q8N339	MT1M_HUMAN
ENSP00000401089	P0C6C1	AN34C_HUMAN
ENSP00000258385	Q07001	ACHD_HUMAN
ENSP00000386499	P0CG20	PRR35_HUMAN
ENSP00000329654	Q6IS24	GLT17_HUMAN
ENSP00000324651	Q6UXF1	TM108_HUMAN
ENSP00000248598	Q14314	FGL2_HUMAN
ENSP00000219478	O60304	ZN500_HUMAN
ENSP00000414856	Q14515	SPRL1_HUMAN
ENSP00000255039	Q9GZV7	HPLN2_HUMAN
ENSP00000308976	B2RUY7	VWC2L_HUMAN
ENSP00000242108	Q7L9B9	EEPD1_HUMAN
ENSP00000349320	P54289	CA2D1_HUMAN
ENSP00000258302	P57771	RGS8_HUMAN
ENSP00000346342	O75677	RFPL1_HUMAN
ENSP00000216416	O95406	CNIH1_HUMAN
ENSP00000261726	O14529	CUX2_HUMAN
ENSP00000366288	Q96PX8	SLIK1_HUMAN
ENSP00000390423	Q7RTX7	CTSR4_HUMAN
ENSP00000312273	Q8N135	LGI4_HUMAN
ENSP00000366586	Q504Y0	S39AC_HUMAN
ENSP00000316861	Q13491	GPM6B_HUMAN
ENSP00000482870	Q14183	DOC2A_HUMAN
ENSP00000366091	Q16653	MOG_HUMAN
ENSP00000419952	Q14722	KCAB1_HUMAN
ENSP00000312129	Q8TDN1	KCNG4_HUMAN
ENSP00000263666	Q9UPQ7	PZRN3_HUMAN
ENSP00000303108	Q8TAG5	VTM2A_HUMAN
ENSP00000339340	Q4G0X4	KCD21_HUMAN
ENSP00000446278	Q8N967	LRTM2_HUMAN
ENSP00000356237	Q8N9I0	SYT2_HUMAN
ENSP00000363480	Q92796	DLG3_HUMAN
ENSP00000264977	Q06190	P2R3A_HUMAN
ENSP00000332591	P49146	NPY2R_HUMAN
ENSP00000264428	P48167	GLRB_HUMAN
ENSP00000450958	Q6ZVK1	T179A_HUMAN
ENSP00000266659	P48060	GLIP1_HUMAN
ENSP00000287713	Q9BZQ4	NMNA2_HUMAN
ENSP00000469242	Q9H254	SPTN4_HUMAN
ENSP00000310375	Q15049	MLC1_HUMAN
ENSP00000265727	Q9P0K1	ADA22_HUMAN
ENSP00000282878	Q96E17	RAB3C_HUMAN
ENSP00000282611	Q86XQ3	CTSR3_HUMAN
ENSP00000261475	Q969Q6	P2R3C_HUMAN
ENSP00000356191	Q9UBM4	OPT_HUMAN
ENSP00000327687	E7ENK3	E7ENK3_HUMAN
ENSP00000390661	P0C7M8	CLC2L_HUMAN
ENSP00000248121	O43761	SNG3_HUMAN
ENSP00000396915	Q07699	SCN1B_HUMAN
ENSP00000334851	Q6MZT1	R7BP_HUMAN
ENSP00000378534	Q9NQ76	MEPE_HUMAN
ENSP00000361860	Q6IPX3	TCAL6_HUMAN
ENSP00000371037	Q86XM0	CTSRD_HUMAN
ENSP00000365492	Q8N690	DB119_HUMAN
ENSP00000362457	Q8TD90	MAGE2_HUMAN
ENSP00000362328	Q96T54	KCNKH_HUMAN
ENSP00000385780	Q9Y6T7	DGKB_HUMAN
ENSP00000252087	Q9Y5F6	PCDGM_HUMAN
ENSP00000359285	P43681	ACHA4_HUMAN
ENSP00000456226	Q7Z6L0	PRRT2_HUMAN
ENSP00000295718	Q16849	PTPRN_HUMAN
ENSP00000310594	Q8TBE3	FNDC9_HUMAN
ENSP00000330269	Q5W5W9	RES18_HUMAN
ENSP00000371188	J3KPJ3	J3KPJ3_HUMAN
ENSP00000355777	Q9H3P7	GCP60_HUMAN
ENSP00000329403	P48539	PCP4_HUMAN
ENSP00000379651	Q6PI73	LIRA6_HUMAN
ENSP00000315070	Q96KN9	CXD4_HUMAN
ENSP00000481554	P42263	GRIA3_HUMAN
ENSP00000294725	Q6UVM3	KCNT2_HUMAN
ENSP00000496114	Q01118	SCN7A_HUMAN
ENSP00000352162	Q14576	ELAV3_HUMAN
ENSP00000274547	P47870	GBRB2_HUMAN
ENSP00000303686	O95665	NTR2_HUMAN
ENSP00000317872	Q7Z6E9	RBBP6_HUMAN
ENSP00000344819	Q96DZ9	CKLF5_HUMAN
ENSP00000264833	O95897	NOE2_HUMAN
ENSP00000340125	O96001	PPR17_HUMAN
ENSP00000385142	Q9ULB1	NRX1A_HUMAN
ENSP00000339726	A6ND48	O14I1_HUMAN
ENSP00000310003	Q6PI25	CNIH2_HUMAN
ENSP00000218075	P23416	GLRA2_HUMAN
ENSP00000262450	Q8TDI0	CHD5_HUMAN
ENSP00000164133	Q15173	2A5B_HUMAN
ENSP00000465978	A8MUP6	GS1L2_HUMAN
ENSP00000215095	P61266	STX1B_HUMAN
ENSP00000357307	Q9BT88	SYT11_HUMAN
ENSP00000246070	Q9UJQ1	LAMP5_HUMAN
ENSP00000399970	Q66LE6	2ABD_HUMAN
ENSP00000322304	Q9H237	PORCN_HUMAN
ENSP00000289957	Q05901	ACHB3_HUMAN
ENSP00000402790	A6NFC5	TM235_HUMAN
ENSP00000393379	O60282	KIF5C_HUMAN
ENSP00000494051	A0A2R8Y4H2	A0A2R8Y4H2_HUMAN
ENSP00000358888	Q5VXT5	SYPL2_HUMAN
ENSP00000357736	Q5T871	LELP1_HUMAN
ENSP00000440556	Q14833	GRM4_HUMAN
ENSP00000316377	O14490	DLGP1_HUMAN
ENSP00000351142	O00222	GRM8_HUMAN
ENSP00000455711	Q9BWW7	SCRT1_HUMAN
ENSP00000362125	Q8TAB3	PCD19_HUMAN
ENSP00000271064	Q9GZM7	TINAL_HUMAN
ENSP00000355316	Q14832	GRM3_HUMAN
ENSP00000283254	Q9NY46	SCN3A_HUMAN
ENSP00000236877	Q9UPR5	NAC2_HUMAN
ENSP00000306490	P11229	ACM1_HUMAN
ENSP00000499569	Q9UI33	SCNBA_HUMAN
ENSP00000352544	Q6PUV4	CPLX2_HUMAN
ENSP00000290039	A0A0A0MQY7	A0A0A0MQY7_HUMAN
ENSP00000412326	Q9UBL0	ARP21_HUMAN
ENSP00000476519	Q92952	KCNN1_HUMAN
ENSP00000462647	P18509	PACA_HUMAN
ENSP00000337168	Q9H4G0	E41L1_HUMAN
ENSP00000345985	Q9ULH4	LRFN2_HUMAN
ENSP00000481203	B8ZZ34	SHSA8_HUMAN
ENSP00000403954	Q9UKZ4	TEN1_HUMAN
ENSP00000403954	A0A8Z5AZJ6	A0A8Z5AZJ6_HUMAN
ENSP00000272771	Q9UIK5	TEFF2_HUMAN
ENSP00000294117	P63215	GBG3_HUMAN
ENSP00000375859	Q6ZNR0	TMM91_HUMAN
ENSP00000479811	Q9C0A0	CNTP4_HUMAN
ENSP00000298355	Q9C026	TRIM9_HUMAN
ENSP00000251296	Q96ID5	IGS21_HUMAN
ENSP00000356124	Q8IYD2	KLD8A_HUMAN
ENSP00000293190	Q14957	NMDE3_HUMAN
ENSP00000264360	Q9P2E7	PCD10_HUMAN
ENSP00000256255	Q96BY9	SARAF_HUMAN
ENSP00000371614	Q8IWQ3	BRSK2_HUMAN
ENSP00000252939	Q9NYX4	CALY_HUMAN
ENSP00000384690	Q8IY49	PAQRA_HUMAN
ENSP00000245620	O75022	LIRB3_HUMAN
ENSP00000420443	Q9P003	CNIH4_HUMAN
ENSP00000308921	Q6PEW1	ZCH12_HUMAN
ENSP00000490107	Q99250	SCN2A_HUMAN
ENSP00000501259	P0C2L3	F163B_HUMAN
ENSP00000436836	Q9UF02	CCG5_HUMAN
ENSP00000306138	P41594	GRM5_HUMAN
ENSP00000364919	Q96HU8	DIRA2_HUMAN
ENSP00000379098	Q13554	KCC2B_HUMAN
ENSP00000330199	Q9H1V8	S6A17_HUMAN
ENSP00000330278	Q9ULM0	PKHH1_HUMAN
ENSP00000331474	A6NDD5	SYN1L_HUMAN
ENSP00000306754	Q15784	NDF2_HUMAN
ENSP00000367001	P42658	DPP6_HUMAN
ENSP00000268154	Q8N1W2	ZN710_HUMAN
ENSP00000495936	Q4W5P6	SIM43_HUMAN
ENSP00000495936	A0A7E1QX52	A0A7E1QX52_HUMAN
ENSP00000463653	A6NFN3	RFOX3_HUMAN
ENSP00000394954	Q6UXU4	GSG1L_HUMAN
ENSP00000299565	P30532	ACHA5_HUMAN
ENSP00000478637	Q17RD7	SYT16_HUMAN
ENSP00000493075	Q8N349	OR2LD_HUMAN
ENSP00000287907	P47898	5HT5A_HUMAN
ENSP00000318486	Q15078	CD5R1_HUMAN
ENSP00000345192	Q96PB7	NOE3_HUMAN
ENSP00000332488	Q8IUH8	SPP2C_HUMAN
ENSP00000298925	J3KNC5	J3KNC5_HUMAN
ENSP00000413163	Q8N3G9	TM130_HUMAN
ENSP00000498662	Q9NT99	LRC4B_HUMAN
ENSP00000480050	Q92777	SYN2_HUMAN
ENSP00000302194	O95670	VATG2_HUMAN
ENSP00000325836	O95057	DIRA1_HUMAN
ENSP00000352011	O43497	CAC1G_HUMAN
ENSP00000497479	Q9UL68	MYT1L_HUMAN
ENSP00000385026	Q15822	ACHA2_HUMAN
ENSP00000453302	P78325	ADAM8_HUMAN
ENSP00000448047	Q2TBF2	WSCD2_HUMAN
ENSP00000330862	Q14982	OPCM_HUMAN
ENSP00000469445	Q9UL41	PNMA3_HUMAN
ENSP00000353129	Q6ZWB6	KCTD8_HUMAN
ENSP00000265922	O60477	BRNP1_HUMAN
ENSP00000426528	Q8N7J2	AMER2_HUMAN
ENSP00000251645	Q15323	K1H1_HUMAN
ENSP00000420091	O94933	SLIK3_HUMAN
ENSP00000454014	B4DS77	SHSA9_HUMAN
ENSP00000265459	Q9P2S2	NRX2A_HUMAN
ENSP00000255008	P31391	SSR4_HUMAN
ENSP00000365301	Q92915	FGF14_HUMAN
ENSP00000242315	Q9UPV7	PHF24_HUMAN
ENSP00000335017	Q53SZ7	PRR30_HUMAN
ENSP00000308725	P28472	GBRB3_HUMAN
ENSP00000390084	Q6ZSJ9	SHSA6_HUMAN
ENSP00000349677	Q9BQ16	TICN3_HUMAN
ENSP00000304290	P11230	ACHB_HUMAN
ENSP00000255224	Q9H2B2	SYT4_HUMAN
ENSP00000435648	Q16099	GRIK4_HUMAN
ENSP00000491717	Q9NTU4	CTSRZ_HUMAN
ENSP00000261205	P21579	SYT1_HUMAN
ENSP00000432459	E9PQX1	CTSRH_HUMAN
ENSP00000355155	Q8TCU5	NMD3A_HUMAN
ENSP00000357461	P17787	ACHB2_HUMAN
ENSP00000270458	Q8WXS5	CCG8_HUMAN
ENSP00000270458	A0A1X7SBR8	A0A1X7SBR8_HUMAN
ENSP00000262138	Q9UBN1	CCG4_HUMAN
ENSP00000351342	P54829	PTN5_HUMAN
ENSP00000368244	P05060	SCG1_HUMAN
ENSP00000284262	Q8WXH2	JPH3_HUMAN
ENSP00000440498	Q96MZ0	GD1L1_HUMAN
ENSP00000381070	O14733	MP2K7_HUMAN
ENSP00000440185	P01213	PDYN_HUMAN
ENSP00000379784	Q8TF08	CX7B2_HUMAN
ENSP00000321805	Q99578	RIT2_HUMAN
ENSP00000342538	Q9H169	STMN4_HUMAN
ENSP00000306900	Q9UKY0	PRND_HUMAN
ENSP00000357402	Q5VXU1	NKAI2_HUMAN
ENSP00000287585	Q7Z7J7	LHPL4_HUMAN
ENSP00000266546	Q9BQT9	CSTN3_HUMAN
ENSP00000310649	Q8TDC3	BRSK1_HUMAN
ENSP00000390590	O94850	DEND_HUMAN
ENSP00000479104	Q8N4V2	SVOP_HUMAN
ENSP00000355187	Q86VH5	LRRT3_HUMAN
ENSP00000326445	A0PJX4	SHSA3_HUMAN
ENSP00000234389	O60391	NMD3B_HUMAN
ENSP00000312293	Q13875	MOBP_HUMAN
ENSP00000269503	Q8IUK8	CBLN2_HUMAN
ENSP00000270642	A6NGN9	IGLO5_HUMAN
ENSP00000467266	Q6YFQ2	CX6B2_HUMAN
ENSP00000324270	P30559	OXYR_HUMAN
ENSP00000261007	P02708	ACHA_HUMAN
ENSP00000379047	Q96ER9	MITOK_HUMAN
ENSP00000261655	O15034	RIMB2_HUMAN
ENSP00000284292	Q92686	NEUG_HUMAN
ENSP00000388137	O15442	MPPD1_HUMAN
ENSP00000357106	Q8N126	CADM3_HUMAN
ENSP00000263160	Q9P2U8	VGLU2_HUMAN
ENSP00000489774	A0A1B0GTN4	A0A1B0GTN4_HUMAN
ENSP00000371929	Q70Z44	5HT3D_HUMAN
ENSP00000283228	Q15256	PTPRR_HUMAN
ENSP00000442786	Q8TAP4	LMO3_HUMAN
ENSP00000489551	A0A0U1RRJ0	A0A0U1RRJ0_HUMAN
ENSP00000377545	A0A499FIM1	A0A499FIM1_HUMAN
ENSP00000442954	O95996	APCL_HUMAN
ENSP00000375080	Q9Y5P8	P2R3B_HUMAN
ENSP00000344801	Q9UI40	NCKX2_HUMAN
ENSP00000385019	Q9P0X4	CAC1I_HUMAN
ENSP00000388850	Q96PV4	PNMA5_HUMAN
ENSP00000282146	Q9HB14	KCNKD_HUMAN
ENSP00000362183	Q13003	GRIK3_HUMAN
ENSP00000462046	P0C851	PIRT_HUMAN
ENSP00000329200	Q96MF2	STAC3_HUMAN
ENSP00000300179	Q6ZVC0	NYAP1_HUMAN
ENSP00000484715	Q9C0H9	SRCN1_HUMAN
ENSP00000377616	Q8N1A0	KT222_HUMAN
ENSP00000372169	Q7Z3S7	CA2D4_HUMAN
ENSP00000261800	Q9NYQ8	FAT2_HUMAN
ENSP00000281961	Q8NBL3	T178A_HUMAN
ENSP00000288490	O75912	DGKI_HUMAN
ENSP00000360822	Q5JUK3	KCNT1_HUMAN
ENSP00000307766	P28566	5HT1E_HUMAN
ENSP00000360472	O95970	LGI1_HUMAN
ENSP00000322609	Q5RHP9	ERIC3_HUMAN
ENSP00000319590	Q8N4B5	PRR18_HUMAN
ENSP00000377840	Q02641	CACB1_HUMAN
ENSP00000270310	P58549	FXYD7_HUMAN
ENSP00000361765	Q5H9L2	TCAL5_HUMAN
ENSP00000426548	Q68DU8	KCD16_HUMAN
ENSP00000252575	O14594	NCAN_HUMAN
ENSP00000440832	Q9UGQ2	FLOWR_HUMAN
ENSP00000379880	Q96PB8	LRC3B_HUMAN
ENSP00000345374	Q14D33	RTP5_HUMAN
ENSP00000411418	Q15042	RB3GP_HUMAN
ENSP00000407822	Q9UQ52	CNTN6_HUMAN
ENSP00000386143	Q6WQI6	HEPN1_HUMAN
ENSP00000346534	Q9UQD0	SCN8A_HUMAN
ENSP00000386543	Q4J6C6	PPCEL_HUMAN
ENSP00000272133	Q8TBE1	CNIH3_HUMAN
ENSP00000391269	B7Z1U7	B7Z1U7_HUMAN
ENSP00000480483	A0A087WWT2	A0A087WWT2_HUMAN
ENSP00000344820	Q9Y2U2	KCNK7_HUMAN
ENSP00000406986	P46095	GPR6_HUMAN
ENSP00000275162	Q5SYC1	CLVS2_HUMAN
ENSP00000410584	Q9BZC1	CELF4_HUMAN
ENSP00000263269	O15399	NMDE4_HUMAN
ENSP00000290583	Q5SZQ8	CELF3_HUMAN
ENSP00000368982	Q9BVA0	KTNB1_HUMAN
ENSP00000335038	A6NLU5	VTM2B_HUMAN
ENSP00000332886	P0C091	FREM3_HUMAN
ENSP00000218176	Q9NSA2	KCND1_HUMAN
ENSP00000315654	Q9UJ96	KCNG2_HUMAN
ENSP00000320017	Q92561	PHYIP_HUMAN
ENSP00000497070	Q99689	FEZ1_HUMAN
ENSP00000309501	Q9ULI1	NWD2_HUMAN
ENSP00000298119	Q96NI6	LRFN5_HUMAN
ENSP00000402797	Q9NYG8	KCNK4_HUMAN
ENSP00000272425	Q9UHE5	NAT8_HUMAN
ENSP00000321249	Q8N7X8	SIGL1_HUMAN
ENSP00000405388	Q9NS85	CAH10_HUMAN
ENSP00000360423	Q00975	CAC1B_HUMAN
ENSP00000302297	Q8N145	LGI3_HUMAN
ENSP00000365529	Q5T848	MGLYR_HUMAN
ENSP00000252729	Q9BXT2	CCG6_HUMAN
ENSP00000384193	Q8N3J6	CADM2_HUMAN
ENSP00000259750	Q5TCY1	TTBK1_HUMAN
ENSP00000386962	Q6ZRH7	CTSRG_HUMAN
ENSP00000419705	A6PVL3	KNCN_HUMAN
ENSP00000355613	Q6ZTA4	TRI67_HUMAN
ENSP00000367318	Q92546	RGP1_HUMAN
ENSP00000378492	Q14416	GRM2_HUMAN
ENSP00000326244	Q8N4L1	T151A_HUMAN
ENSP00000390941	Q86WG3	ATCAY_HUMAN
ENSP00000334198	O95180	CAC1H_HUMAN
ENSP00000419101	Q8IZS8	CA2D3_HUMAN
ENSP00000367848	O14764	GBRD_HUMAN
ENSP00000295962	Q9BV23	ABHD6_HUMAN
ENSP00000409378	P08173	ACM4_HUMAN
ENSP00000413496	P61328	FGF12_HUMAN
ENSP00000298352	Q9NPG2	NGB_HUMAN
ENSP00000256103	P02689	MYP2_HUMAN
ENSP00000346577	Q9Y6K8	KAD5_HUMAN
ENSP00000432586	Q8TDW7	FAT3_HUMAN
ENSP00000432586	E9PQ73	E9PQ73_HUMAN
ENSP00000367177	O95206	PCDH8_HUMAN
ENSP00000301050	P54284	CACB3_HUMAN
ENSP00000354536	O14525	ASTN1_HUMAN
ENSP00000221166	P07197	NFM_HUMAN
ENSP00000410862	Q59EK9	RUN3A_HUMAN
ENSP00000320431	O43173	SIA8C_HUMAN
ENSP00000262752	Q9UK32	KS6A6_HUMAN
ENSP00000332549	Q12879	NMDE1_HUMAN
ENSP00000477455	Q13224	NMDE2_HUMAN
ENSP00000402219	Q86XK7	VSIG1_HUMAN
ENSP00000437554	Q9UPP2	IQEC3_HUMAN
ENSP00000334872	P04733	MT1F_HUMAN
ENSP00000316244	P08908	5HT1A_HUMAN
ENSP00000353401	P39880	CUX1_HUMAN
ENSP00000477141	Q9P0K9	FRS1L_HUMAN
ENSP00000377779	Q7L1I2	SV2B_HUMAN
ENSP00000454919	Q9ULX5	RN112_HUMAN
ENSP00000253693	Q9Y6W3	CAN7_HUMAN
ENSP00000280187	P51674	GPM6A_HUMAN
ENSP00000221444	Q96RP8	KCNA7_HUMAN
ENSP00000345436	Q8WXD9	CSKI1_HUMAN
ENSP00000333519	Q9HC58	NCKX3_HUMAN
ENSP00000291481	Q86UW8	HPLN4_HUMAN
ENSP00000278947	O60939	SCN2B_HUMAN
ENSP00000301218	Q16478	GRIK5_HUMAN
ENSP00000490614	A8K340	A8K340_HUMAN
ENSP00000387128	O14513	NCKP5_HUMAN
ENSP00000261751	P30926	ACHB4_HUMAN
ENSP00000300571	Q9NZH0	GPC5B_HUMAN
ENSP00000246071	P08579	RU2B_HUMAN
ENSP00000357511	Q5VU69	CP141_HUMAN
ENSP00000328325	P53801	PTTG_HUMAN
ENSP00000420641	Q9UNL2	SSRG_HUMAN
ENSP00000429834	Q9Y5G8	PCDG5_HUMAN
ENSP00000273920	Q9UHY7	ENOPH_HUMAN
ENSP00000289359	Q8WV92	MITD1_HUMAN
ENSP00000261191	Q9NVM9	INT13_HUMAN
ENSP00000438349	Q9UI30	TR112_HUMAN
ENSP00000366475	Q2TAZ0	ATG2A_HUMAN
ENSP00000476386	Q9NPI6	DCP1A_HUMAN
ENSP00000319726	Q9BZ67	FRMD8_HUMAN
ENSP00000263408	P02748	CO9_HUMAN
ENSP00000431548	E9PKP3	E9PKP3_HUMAN
ENSP00000482760	P29122	PCSK6_HUMAN
ENSP00000300213	O95273	CCDB1_HUMAN
ENSP00000289921	Q86V87	FHI2B_HUMAN
ENSP00000397073	Q9UDY6	TRI10_HUMAN
ENSP00000297205	Q9UHE8	STEA1_HUMAN
ENSP00000250916	Q9BXK1	KLF16_HUMAN
ENSP00000223127	O60568	PLOD3_HUMAN
ENSP00000381204	Q8N131	PORIM_HUMAN
ENSP00000330391	Q9UBC9	SPRR3_HUMAN
ENSP00000461830	I3NI25	I3NI25_HUMAN
ENSP00000329890	Q01523	DEF5_HUMAN
ENSP00000365908	Q8WUY3	PRUN2_HUMAN
ENSP00000263413	P13671	CO6_HUMAN
ENSP00000477515	Q5KSL6	DGKK_HUMAN
ENSP00000466051	Q494X3	ZN404_HUMAN
ENSP00000364013	Q8IYR6	TEFF1_HUMAN
ENSP00000267294	Q96T25	ZIC5_HUMAN
ENSP00000491067	Q8NC96	NECP1_HUMAN
ENSP00000227525	Q9BVC6	TM109_HUMAN
ENSP00000319250	Q9BZJ7	GPR62_HUMAN
ENSP00000263593	Q9HAT2	SIAE_HUMAN
ENSP00000295888	Q8IZQ1	WDFY3_HUMAN
ENSP00000376767	Q6ZUT1	NKAP1_HUMAN
ENSP00000275053	Q6ZRQ5	MMS22_HUMAN
ENSP00000397566	Q9UHL9	GT2D1_HUMAN
ENSP00000445626	Q05215	EGR4_HUMAN
ENSP00000333262	Q15735	PI5PA_HUMAN
ENSP00000311183	Q6ZNH5	ZN497_HUMAN
ENSP00000423354	Q96KG7	MEG10_HUMAN
ENSP00000016913	Q9NXJ0	M4A12_HUMAN
ENSP00000269593	P22692	IBP4_HUMAN
ENSP00000296370	P25815	S100P_HUMAN
ENSP00000359699	Q8WZ79	DNS2B_HUMAN
ENSP00000349874	Q86X67	NUD13_HUMAN
ENSP00000487800	Q6IEE7	T132E_HUMAN
ENSP00000311862	Q96PG2	M4A10_HUMAN
ENSP00000264192	O60759	CYTIP_HUMAN
ENSP00000307208	Q12830	BPTF_HUMAN
ENSP00000264703	Q9H6D8	FNDC4_HUMAN
ENSP00000221980	Q9UMF0	ICAM5_HUMAN
ENSP00000355302	Q9BYS1	KRA15_HUMAN
ENSP00000333593	O95158	NXPH4_HUMAN
ENSP00000489959	Q5VXM1	CDCP2_HUMAN
ENSP00000315387	Q8N9M5	TM102_HUMAN
ENSP00000350716	Q2TAM9	TUSC1_HUMAN
ENSP00000475986	U3KQL2	U3KQL2_HUMAN
ENSP00000430110	Q6NT76	HMBX1_HUMAN
ENSP00000339390	Q8IXH8	CAD26_HUMAN
ENSP00000478384	A8MTJ6	FOXI3_HUMAN
ENSP00000445043	Q5TBA9	FRY_HUMAN
ENSP00000272462	Q13021	MALL_HUMAN
ENSP00000456743	Q8N4N3	KLH36_HUMAN
ENSP00000364000	P05997	CO5A2_HUMAN
ENSP00000368100	Q92878	RAD50_HUMAN
ENSP00000288025	Q8WW62	TMED6_HUMAN
ENSP00000248668	Q9P244	LRFN1_HUMAN
ENSP00000248564	P61952	GBG11_HUMAN
ENSP00000345243	Q96LC7	SIG10_HUMAN
ENSP00000355589	Q9P2F8	SI1L2_HUMAN
ENSP00000393785	Q9NYS0	KBRS1_HUMAN
ENSP00000337477	Q9NP50	SHCAF_HUMAN
ENSP00000383894	O15232	MATN3_HUMAN
ENSP00000328484	Q99878	H2A1J_HUMAN
ENSP00000311447	Q5U4P2	ASPH1_HUMAN
ENSP00000238156	Q53HC0	CCD92_HUMAN
ENSP00000268989	O43147	SGSM2_HUMAN
ENSP00000327968	Q3KNW1	SNAI3_HUMAN
ENSP00000465894	Q53F39	MPPE1_HUMAN
ENSP00000301599	Q6PEY1	TMM88_HUMAN
ENSP00000298351	Q9P1W3	TM63C_HUMAN
ENSP00000255641	P78368	KC1G2_HUMAN
ENSP00000349436	Q13444	ADA15_HUMAN
ENSP00000476117	Q9BV38	WDR18_HUMAN
ENSP00000288167	Q9NRM6	I17RB_HUMAN
ENSP00000262301	Q96S06	LMF1_HUMAN
ENSP00000056233	Q9Y4A8	NF2L3_HUMAN
ENSP00000357362	P49746	TSP3_HUMAN
ENSP00000280734	Q8N2M4	TM86A_HUMAN
ENSP00000263563	Q9ULE6	PALD_HUMAN
ENSP00000263256	Q6ICB0	DESI1_HUMAN
ENSP00000365637	Q5T5P2	SKT_HUMAN
ENSP00000349296	Q6P5X7	TMM71_HUMAN
ENSP00000291232	Q96RJ3	TR13C_HUMAN
ENSP00000353422	Q96RL7	VP13A_HUMAN
ENSP00000227520	Q9H6F5	CCD86_HUMAN
ENSP00000367263	Q09666	AHNK_HUMAN
ENSP00000354498	Q86UU1	PHLB1_HUMAN
ENSP00000378167	A2RUB6	CCD66_HUMAN
ENSP00000325525	P43630	KI3L2_HUMAN
ENSP00000364219	Q7Z7J9	CK2N1_HUMAN
ENSP00000429150	Q9NUQ9	CYRIB_HUMAN
ENSP00000222543	P48307	TFPI2_HUMAN
ENSP00000445492	O15466	SIA8E_HUMAN
ENSP00000499185	O14682	ENC1_HUMAN
ENSP00000355022	Q7L2K0	TEDC2_HUMAN
ENSP00000415030	Q8WVE6	TM171_HUMAN
ENSP00000322837	Q8WWA1	TMM40_HUMAN
ENSP00000360365	Q9ULC4	MCTS1_HUMAN
ENSP00000384053	P32927	IL3RB_HUMAN
ENSP00000240617	Q6P4A8	LYLAP_HUMAN
ENSP00000390076	Q96LW9	ZSC31_HUMAN
ENSP00000434056	Q8N9N8	EIF1A_HUMAN
ENSP00000332287	O43759	SNG1_HUMAN
ENSP00000372136	P59665	DEF1_HUMAN
ENSP00000337598	P48059	LIMS1_HUMAN
ENSP00000364621	Q96L08	SUSD3_HUMAN
ENSP00000313953	Q6P3X3	TTC27_HUMAN
ENSP00000469981	Q16635	TAZ_HUMAN
ENSP00000344208	Q14142	TRI14_HUMAN
ENSP00000424768	A0A0A6YYJ0	A0A0A6YYJ0_HUMAN
ENSP00000369409	Q17RC7	EX3L4_HUMAN
ENSP00000386069	P18825	ADA2C_HUMAN
ENSP00000438406	Q13291	SLAF1_HUMAN
ENSP00000355470	Q6PJW8	CNST_HUMAN
ENSP00000410769	P62633	CNBP_HUMAN
ENSP00000368503	Q504U0	CD046_HUMAN
ENSP00000356263	Q9H993	ARMT1_HUMAN
ENSP00000477841	Q9UDV7	ZN282_HUMAN
ENSP00000360777	Q9NRR6	INP5E_HUMAN
ENSP00000349205	Q99570	PI3R4_HUMAN
ENSP00000425631	G5EA03	G5EA03_HUMAN
ENSP00000266066	Q5T4F7	SFRP5_HUMAN
ENSP00000465578	Q6P280	ZN529_HUMAN
ENSP00000282111	Q9HCS4	TF7L1_HUMAN
ENSP00000398124	Q15329	E2F5_HUMAN
ENSP00000375809	P18074	ERCC2_HUMAN
ENSP00000359240	Q9BRK4	LZTS2_HUMAN
ENSP00000271332	Q9HCU4	CELR2_HUMAN
ENSP00000360060	Q92837	FRAT1_HUMAN
ENSP00000202556	Q96KQ4	ASPP1_HUMAN
ENSP00000350267	Q9ULD4	BRPF3_HUMAN
ENSP00000318086	Q8IWC1	MA7D3_HUMAN
ENSP00000345767	Q9Y2G4	ANKR6_HUMAN
ENSP00000322885	Q86UW9	DTX2_HUMAN
ENSP00000487041	A0A0D9SG04	A0A0D9SG04_HUMAN
ENSP00000365682	Q04724	TLE1_HUMAN
ENSP00000365606	Q4V328	GRAP1_HUMAN
ENSP00000339186	O75791	GRAP2_HUMAN
ENSP00000369614	Q8N137	CNTRB_HUMAN
ENSP00000229314	Q9Y3E0	GOT1B_HUMAN
ENSP00000355523	P49802	RGS7_HUMAN
ENSP00000365080	B1AL88	NALF1_HUMAN
ENSP00000269967	Q96F63	CCD97_HUMAN
ENSP00000345102	Q6ZS72	PEAK3_HUMAN
ENSP00000262319	Q9Y4R8	TELO2_HUMAN
ENSP00000288955	Q8TE85	GRHL3_HUMAN
ENSP00000349156	Q8IUQ4	SIAH1_HUMAN
ENSP00000336747	O00291	HIP1_HUMAN
ENSP00000431926	Q9C0C7	AMRA1_HUMAN
ENSP00000332013	Q8N5A5	ZGPAT_HUMAN
ENSP00000246229	Q9UPG8	PLAL2_HUMAN
ENSP00000349823	Q9NZC9	SMAL1_HUMAN
ENSP00000316054	Q92997	DVL3_HUMAN
ENSP00000466047	Q9P0T4	ZN581_HUMAN
ENSP00000374135	Q9NZR2	LRP1B_HUMAN
ENSP00000297313	O76081	RGS20_HUMAN
ENSP00000443824	Q9ULT6	ZNRF3_HUMAN
ENSP00000356230	Q53G59	KLH12_HUMAN
ENSP00000363255	P49796	RGS3_HUMAN
ENSP00000390436	P10070	GLI2_HUMAN
ENSP00000301727	Q66K89	E4F1_HUMAN
ENSP00000405405	Q86SQ0	PHLB2_HUMAN
ENSP00000459943	Q9P2R3	ANFY1_HUMAN
ENSP00000337439	Q9NYF0	DACT1_HUMAN
ENSP00000335500	Q8NEG2	CG057_HUMAN
ENSP00000354911	Q96CG3	TIFA_HUMAN
ENSP00000350937	Q9UGI8	TES_HUMAN
ENSP00000261254	P30279	CCND2_HUMAN
ENSP00000376154	Q2TAC2	CCD57_HUMAN
ENSP00000400223	Q86VR8	FJX1_HUMAN
ENSP00000401023	E7ERR3	E7ERR3_HUMAN
ENSP00000267460	Q9HAT8	PELI2_HUMAN
ENSP00000378483	P49795	RGS19_HUMAN
ENSP00000333633	Q13330	MTA1_HUMAN
ENSP00000265094	Q9UKB1	FBW1B_HUMAN
ENSP00000358904	Q96KM6	Z512B_HUMAN
ENSP00000497178	Q8NEA9	GMCL2_HUMAN
ENSP00000340279	Q9Y2D8	ADIP_HUMAN
ENSP00000265602	Q8N157	AHI1_HUMAN
ENSP00000360058	O75474	FRAT2_HUMAN
ENSP00000302579	O95171	SCEL_HUMAN
ENSP00000391788	Q8IYA8	IHO1_HUMAN
ENSP00000272252	Q96C23	GALM_HUMAN
ENSP00000473553	Q8NEV1	CSK23_HUMAN
ENSP00000262891	Q96L34	MARK4_HUMAN
ENSP00000312134	P13727	PRG2_HUMAN
ENSP00000375783	Q96B18	DACT3_HUMAN
ENSP00000392410	E7ETH6	Z587B_HUMAN
ENSP00000313309	Q9BT04	FUZZY_HUMAN
ENSP00000250160	O95388	CCN4_HUMAN
ENSP00000459799	Q13470	TNK1_HUMAN
ENSP00000011619	Q96S59	RANB9_HUMAN
ENSP00000221494	Q15428	SF3A2_HUMAN
ENSP00000431265	Q8N141	ZFP82_HUMAN
ENSP00000379915	P54259	ATN1_HUMAN
ENSP00000292579	P15622	ZN250_HUMAN
ENSP00000331682	Q53GT1	KLH22_HUMAN
ENSP00000200181	P16144	ITB4_HUMAN
ENSP00000265382	O14986	PI51B_HUMAN
ENSP00000281471	Q8IY45	AMN1_HUMAN
ENSP00000221561	Q08117	TLE5_HUMAN
ENSP00000281513	A2RRP1	NBAS_HUMAN
ENSP00000319829	Q8N1G0	ZN687_HUMAN
ENSP00000260408	O14672	ADA10_HUMAN
ENSP00000366474	Q9NSA3	CNBP1_HUMAN
ENSP00000473391	R4GMX3	R4GMX3_HUMAN
ENSP00000391942	Q9NVZ3	NECP2_HUMAN
ENSP00000262406	O75916	RGS9_HUMAN
ENSP00000346537	Q9H3U7	SMOC2_HUMAN
ENSP00000428343	Q2M5E4	RGS21_HUMAN
ENSP00000361544	Q9H1M0	N62CL_HUMAN
ENSP00000496779	Q8N653	LZTR1_HUMAN
ENSP00000368644	Q96HA4	CA159_HUMAN
ENSP00000331302	Q8IYF1	ELOA2_HUMAN
ENSP00000225512	P56703	WNT3_HUMAN
ENSP00000288840	O43541	SMAD6_HUMAN
ENSP00000396976	Q8TBE0	BAHD1_HUMAN
ENSP00000315112	Q96EP0	RNF31_HUMAN
ENSP00000328848	P98175	RBM10_HUMAN
ENSP00000311579	O95271	TNKS1_HUMAN
ENSP00000361834	Q14055	CO9A2_HUMAN
ENSP00000445418	Q86YD7	F90A1_HUMAN
ENSP00000281156	Q5VWX1	KHDR2_HUMAN
ENSP00000311905	Q8N2S1	LTBP4_HUMAN
ENSP00000303522	P25103	NK1R_HUMAN
ENSP00000451300	P49757	NUMB_HUMAN
ENSP00000317971	Q8N5D0	WDTC1_HUMAN
ENSP00000263997	Q96CW6	S7A6O_HUMAN
ENSP00000265713	Q92794	KAT6A_HUMAN
ENSP00000322570	Q07864	DPOE1_HUMAN
ENSP00000354884	O75901	RASF9_HUMAN
ENSP00000250124	O75352	MPU1_HUMAN
ENSP00000367638	Q8N4T4	ARG39_HUMAN
ENSP00000296849	Q969F2	NKD2_HUMAN
ENSP00000222747	O95859	TSN12_HUMAN
ENSP00000356886	Q86UF4	CC190_HUMAN
ENSP00000303997	Q9BX10	GTPB2_HUMAN
ENSP00000257287	Q66GS9	CP135_HUMAN
ENSP00000466953	A6NIX2	WTIP_HUMAN
ENSP00000298386	Q8WXD0	RXFP2_HUMAN
ENSP00000418194	Q460N5	PAR14_HUMAN
ENSP00000292928	Q96SR6	ZN382_HUMAN
ENSP00000293883	Q96S15	WDR24_HUMAN
ENSP00000219782	P56270	MAZ_HUMAN
ENSP00000327889	Q6P9B9	INT5_HUMAN
ENSP00000312397	Q9UH77	KLHL3_HUMAN
ENSP00000345064	Q96MT3	PRIC1_HUMAN
ENSP00000298532	Q5SXM2	SNPC4_HUMAN
ENSP00000343890	Q5TA50	CPTP_HUMAN
ENSP00000364885	Q13105	ZBT17_HUMAN
ENSP00000321221	Q9NRF2	SH2B1_HUMAN
ENSP00000356429	Q08116	RGS1_HUMAN
ENSP00000394352	Q155Q3	DIXC1_HUMAN
ENSP00000296473	Q86VX9	MON1A_HUMAN
ENSP00000356489	O95278	EPM2A_HUMAN
ENSP00000363162	O75348	VATG1_HUMAN
ENSP00000433001	O15539	RGS5_HUMAN
ENSP00000300659	Q12968	NFAC3_HUMAN
ENSP00000338728	Q3V6T2	GRDN_HUMAN
ENSP00000222339	A0A0C4DFM2	A0A0C4DFM2_HUMAN
ENSP00000247178	Q6ZNE5	BAKOR_HUMAN
ENSP00000221265	Q8N7H5	PAF1_HUMAN
ENSP00000217381	Q13424	SNTA1_HUMAN
ENSP00000382800	Q13761	RUNX3_HUMAN
ENSP00000367714	Q5TA89	HES5_HUMAN
ENSP00000365042	P67870	CSK2B_HUMAN
ENSP00000478070	Q9NXE8	CWC25_HUMAN
ENSP00000209873	Q9NRG9	AAAS_HUMAN
ENSP00000383428	B7WPH3	B7WPH3_HUMAN
ENSP00000263274	P18858	DNLI1_HUMAN
ENSP00000460683	O95476	CNEP1_HUMAN
ENSP00000269392	Q9UPN4	CP131_HUMAN
ENSP00000324463	P49750	YLPM1_HUMAN
ENSP00000356430	Q9NS28	RGS18_HUMAN
ENSP00000366902	P10074	ZBT48_HUMAN
ENSP00000234739	O00512	BCL9_HUMAN
ENSP00000222329	P50548	ERF_HUMAN
ENSP00000478755	O76054	S14L2_HUMAN
ENSP00000339381	O14924	RGS12_HUMAN
ENSP00000268766	Q86SG6	NEK8_HUMAN
ENSP00000358918	Q9UMX1	SUFU_HUMAN
ENSP00000401907	O00238	BMR1B_HUMAN
ENSP00000356379	Q8IZT6	ASPM_HUMAN
ENSP00000286201	O75084	FZD7_HUMAN
ENSP00000242576	P13051	UNG_HUMAN
ENSP00000323901	Q14332	FZD2_HUMAN
ENSP00000361522	Q5JTD0	TJAP1_HUMAN
ENSP00000363640	O43189	PHF1_HUMAN
ENSP00000206262	Q9UGC6	RGS17_HUMAN
ENSP00000357901	Q9BWG6	SCNM1_HUMAN
ENSP00000381775	O14788	TNF11_HUMAN
ENSP00000296161	Q8TDB6	DTX3L_HUMAN
ENSP00000356416	P10155	RO60_HUMAN
ENSP00000348564	Q8IWY9	CDAN1_HUMAN
ENSP00000365851	P35226	BMI1_HUMAN
ENSP00000446205	Q9BYE0	HES7_HUMAN
ENSP00000343930	Q6TDP4	KLH17_HUMAN
ENSP00000357442	Q9BRQ0	PYGO2_HUMAN
ENSP00000345773	A0AAK2PQJ4	A0AAK2PQJ4_HUMAN
ENSP00000263334	Q06710	PAX8_HUMAN
ENSP00000228495	Q9H3F6	BACD3_HUMAN
ENSP00000293760	Q8NC56	LEMD2_HUMAN
ENSP00000366542	P49910	ZN165_HUMAN
ENSP00000365024	Q8NDX9	LY65B_HUMAN
ENSP00000374507	Q9P219	DAPLE_HUMAN
ENSP00000262158	O15105	SMAD7_HUMAN
ENSP00000426653	Q9H1J5	WNT8A_HUMAN
ENSP00000364519	Q14186	TFDP1_HUMAN
ENSP00000262738	Q9NYQ6	CELR1_HUMAN
ENSP00000305769	Q15797	SMAD1_HUMAN
ENSP00000467579	Q969T9	WBP2_HUMAN
ENSP00000281882	P0CG36	CFC1B_HUMAN
ENSP00000357597	Q9H0U9	TSYL1_HUMAN
ENSP00000339723	Q86X95	CIR1_HUMAN
ENSP00000268459	Q969G9	NKD1_HUMAN
ENSP00000261349	O75581	LRP6_HUMAN
ENSP00000356247	Q9HBX8	LGR6_HUMAN
ENSP00000360689	Q9H2K2	TNKS2_HUMAN
ENSP00000282701	P12645	BMP3_HUMAN
ENSP00000257818	P25791	RBTN2_HUMAN
ENSP00000364265	O00358	FOXE1_HUMAN
ENSP00000367888	O75096	LRP4_HUMAN
ENSP00000054650	Q8WTV1	THAP3_HUMAN
ENSP00000307265	Q8IU81	I2BP1_HUMAN
ENSP00000264110	P15336	ATF2_HUMAN
ENSP00000286574	Q9Y5W5	WIF1_HUMAN
ENSP00000292616	Q9UFC0	LRWD1_HUMAN
ENSP00000358099	O43665	RGS10_HUMAN
ENSP00000220812	Q9UBT3	DKK4_HUMAN
ENSP00000361027	Q4VCS5	AMOT_HUMAN
ENSP00000227163	P17947	SPI1_HUMAN
ENSP00000269187	Q13433	S39A6_HUMAN
ENSP00000406367	Q96PE1	AGRA2_HUMAN
ENSP00000244728	Q96P44	COLA1_HUMAN
ENSP00000205143	Q9NYJ7	DLL3_HUMAN
ENSP00000365014	Q5VZ03	NXNL2_HUMAN
ENSP00000355718	O00548	DLL1_HUMAN
ENSP00000287934	Q9UP38	FZD1_HUMAN
ENSP00000262887	P18887	XRCC1_HUMAN
ENSP00000364683	Q13145	BAMBI_HUMAN
ENSP00000358753	Q8TCI5	CMAP3_HUMAN
ENSP00000361180	Q9Y5Q8	TF3C5_HUMAN
ENSP00000261798	P48729	KC1A_HUMAN
ENSP00000314004	Q9UJX6	ANC2_HUMAN
ENSP00000229030	Q9ULW2	FZD10_HUMAN
ENSP00000494040	O00571	DDX3X_HUMAN
ENSP00000477817	A0A087WTF0	A0A087WTF0_HUMAN
ENSP00000294753	Q96IT1	ZN496_HUMAN
ENSP00000257600	Q86Y01	DTX1_HUMAN
ENSP00000304422	Q8NCW0	KREM2_HUMAN
ENSP00000344503	Q5SNT2	TM201_HUMAN
ENSP00000302543	Q7LFL8	CXXC5_HUMAN
ENSP00000483989	N0E472	N0E472_HUMAN
ENSP00000387310	Q6P988	NOTUM_HUMAN
ENSP00000304360	Q8IYR2	SMYD4_HUMAN
ENSP00000419765	Q9H8M2	BRD9_HUMAN
ENSP00000380876	O94810	RGS11_HUMAN
ENSP00000296215	Q8TAD8	SNIP1_HUMAN
ENSP00000450969	Q86T24	KAISO_HUMAN
ENSP00000342755	Q9H4P4	RNF41_HUMAN
ENSP00000379078	A2ABF9	A2ABF9_HUMAN
ENSP00000399745	P08172	ACM2_HUMAN
ENSP00000285311	Q9UBU2	DKK2_HUMAN
ENSP00000262320	O15169	AXIN1_HUMAN
ENSP00000292782	Q96GG9	DCNL1_HUMAN
ENSP00000476369	Q9UKT8	FBXW2_HUMAN
ENSP00000256474	P40337	VHL_HUMAN
ENSP00000308000	F5H0R1	F5H0R1_HUMAN
ENSP00000349116	B5ME97	B5ME97_HUMAN
ENSP00000457723	Q15287	RNPS1_HUMAN
ENSP00000356056	P63172	DYLT1_HUMAN
ENSP00000437464	Q9UF56	FXL17_HUMAN
ENSP00000231656	P47902	CDX1_HUMAN
ENSP00000267890	Q6IQ55	TTBK2_HUMAN
ENSP00000472445	M0R2B7	M0R2B7_HUMAN
ENSP00000216923	Q9NTW7	ZF64B_HUMAN
ENSP00000301458	Q9NPF0	CD320_HUMAN
ENSP00000381498	Q8N441	FGRL1_HUMAN
ENSP00000263196	P98153	IDD_HUMAN
ENSP00000301246	Q9GZP8	IMUP_HUMAN
ENSP00000380044	P49674	KC1E_HUMAN
ENSP00000340677	Q93098	WNT8B_HUMAN
ENSP00000276198	P28335	5HT2C_HUMAN
ENSP00000389913	Q9Y4G2	PKHM1_HUMAN
ENSP00000341364	Q96A57	TM230_HUMAN
ENSP00000360441	Q9BQY4	RHXF2_HUMAN
ENSP00000335320	Q86UU0	BCL9L_HUMAN
ENSP00000397181	P49798	RGS4_HUMAN
ENSP00000501191	Q496A3	SPAS1_HUMAN
ENSP00000338629	Q9P2R6	RERE_HUMAN
ENSP00000405574	Q9BZK7	TBL1R_HUMAN
ENSP00000442837	O14921	RGS13_HUMAN
ENSP00000328070	A6NH11	GLTD2_HUMAN
ENSP00000304502	Q9NPC8	SIX2_HUMAN
ENSP00000307853	Q96NY9	MUS81_HUMAN
ENSP00000301691	Q9BQB4	SOST_HUMAN
ENSP00000399465	P17544	ATF7_HUMAN
ENSP00000299299	P61457	PHS_HUMAN
ENSP00000364003	Q5JTC6	AMER1_HUMAN
ENSP00000338572	Q9UDV6	ZN212_HUMAN
ENSP00000407130	Q86VK4	ZN410_HUMAN
ENSP00000338860	Q8N0Y2	ZN444_HUMAN
ENSP00000333283	Q0VG06	FP100_HUMAN
ENSP00000226225	Q13829	BACD2_HUMAN
ENSP00000406209	Q9Y6I3	EPN1_HUMAN
ENSP00000386456	Q2M2I8	AAK1_HUMAN
ENSP00000367440	O95551	TYDP2_HUMAN
ENSP00000373574	P37023	ACVL1_HUMAN
ENSP00000340347	P36402	TCF7_HUMAN
ENSP00000357297	Q9NTX7	RN146_HUMAN
ENSP00000262519	O15047	SET1A_HUMAN
ENSP00000364163	Q99466	NOTC4_HUMAN
ENSP00000314129	P19532	TFE3_HUMAN
ENSP00000416040	Q9HCM3	K1549_HUMAN
ENSP00000331242	Q96MU8	KREM1_HUMAN
ENSP00000364520	Q8TE23	TS1R2_HUMAN
ENSP00000282251	Q2TBE0	C19L2_HUMAN
ENSP00000384433	Q5T7B8	KIF24_HUMAN
ENSP00000299821	Q6IBW4	CNDH2_HUMAN
ENSP00000404911	Q2TBC4	PRIC4_HUMAN
ENSP00000220772	Q8N474	SFRP1_HUMAN
ENSP00000355250	Q2KHM9	MOONR_HUMAN
ENSP00000308351	Q8NB16	MLKL_HUMAN
ENSP00000357040	Q9ULK5	VANG2_HUMAN
ENSP00000330349	Q9UJV9	DDX41_HUMAN
ENSP00000472530	Q9GZY0	NXF2_HUMAN
ENSP00000490491	Q8NFD5	ARI1B_HUMAN
ENSP00000490491	A0A6Q8NVI4	A0A6Q8NVI4_HUMAN
ENSP00000367910	O15287	FANCG_HUMAN
ENSP00000254250	Q9NVV9	THAP1_HUMAN
ENSP00000233948	Q9Y6F9	WNT6_HUMAN
ENSP00000265026	O43283	M3K13_HUMAN
ENSP00000389377	O95644	NFAC1_HUMAN
ENSP00000434513	Q32P44	EMAL3_HUMAN
ENSP00000381148	O14595	CTDS2_HUMAN
ENSP00000384625	Q9UBE8	NLK_HUMAN
ENSP00000451030	P49758	RGS6_HUMAN
ENSP00000379643	Q9NXR1	NDE1_HUMAN
ENSP00000501277	Q86U70	LDB1_HUMAN
ENSP00000371341	A0A499FJ16	A0A499FJ16_HUMAN
ENSP00000417710	Q7Z7J5	DPPA2_HUMAN
ENSP00000473001	A0A0C3SFZ9	A0A0C3SFZ9_HUMAN
ENSP00000342848	Q86UR1	NOXA1_HUMAN
ENSP00000497737	Q96F86	EDC3_HUMAN
ENSP00000361467	Q8TDM6	DLG5_HUMAN
ENSP00000385006	Q8WY91	THAP4_HUMAN
ENSP00000309689	O75427	LRCH4_HUMAN
ENSP00000379366	Q7L9L4	MOB1B_HUMAN
ENSP00000238616	Q8TD19	NEK9_HUMAN
ENSP00000381382	E9PH57	E9PH57_HUMAN
ENSP00000261758	Q14696	MESD_HUMAN
ENSP00000339314	Q9UC06	ZNF70_HUMAN
ENSP00000243878	Q9H0I2	ENKD1_HUMAN
ENSP00000335677	Q01167	FOXK2_HUMAN
ENSP00000324729	Q9H4B6	SAV1_HUMAN
ENSP00000332049	P42081	CD86_HUMAN
ENSP00000225525	O14907	TX1B3_HUMAN
ENSP00000378414	Q96GM5	SMRD1_HUMAN
ENSP00000345412	Q8N684	CPSF7_HUMAN
ENSP00000451998	Q05BV3	EMAL5_HUMAN
ENSP00000380911	Q9Y592	CEP83_HUMAN
ENSP00000363043	Q9Y312	AAR2_HUMAN
ENSP00000289013	Q8TCX5	RHPN1_HUMAN
ENSP00000216807	Q5PSV4	BRM1L_HUMAN
ENSP00000488642	A0A9H4DBI9	A0A9H4DBI9_HUMAN
ENSP00000216190	O15371	EIF3D_HUMAN
ENSP00000358547	Q00013	EM55_HUMAN
ENSP00000366557	Q9BZJ0	CRNL1_HUMAN
ENSP00000426421	D6RG30	D6RG30_HUMAN
ENSP00000263150	Q9Y2I8	WDR37_HUMAN
ENSP00000355614	Q96GI7	FA89A_HUMAN
ENSP00000261245	P51948	MAT1_HUMAN
ENSP00000312318	O60232	ZNRD2_HUMAN
ENSP00000255120	P49321	NASP_HUMAN
ENSP00000347005	Q9Y383	LC7L2_HUMAN
ENSP00000202017	Q9NUG6	PDRG1_HUMAN
ENSP00000354340	Q8TBC4	UBA3_HUMAN
ENSP00000386488	Q8N5P1	ZC3H8_HUMAN
ENSP00000336606	Q9Y620	RA54B_HUMAN
ENSP00000296484	Q8NBT0	POC1A_HUMAN
ENSP00000414851	Q6IA86	ELP2_HUMAN
ENSP00000270115	Q8IYG6	LRC56_HUMAN
ENSP00000287156	O14933	UB2L6_HUMAN
ENSP00000261772	P49588	SYAC_HUMAN
ENSP00000323302	Q8TC44	POC1B_HUMAN
ENSP00000435565	Q8NDA8	MROH1_HUMAN
ENSP00000295899	Q6I9Y2	THOC7_HUMAN
ENSP00000340982	Q99932	SPAG8_HUMAN
ENSP00000328174	Q9H611	PIF1_HUMAN
ENSP00000431459	Q8N5H3	LRA25_HUMAN
ENSP00000333234	Q8NET1	D108B_HUMAN
ENSP00000181839	Q14004	CDK13_HUMAN
ENSP00000386902	A0A7N4I3A5	A0A7N4I3A5_HUMAN
ENSP00000336752	Q6UN15	FIP1_HUMAN
ENSP00000363250	Q9H9Y4	GPN2_HUMAN
ENSP00000358965	Q5T5A4	CF276_HUMAN
ENSP00000343741	Q13535	ATR_HUMAN
ENSP00000360515	O75486	SUPT3_HUMAN
ENSP00000498071	Q9BXL6	CAR14_HUMAN
ENSP00000468592	Q9H6U6	BCAS3_HUMAN
ENSP00000263694	Q96DI7	SNR40_HUMAN
ENSP00000339324	Q7Z3B0	SIM15_HUMAN
ENSP00000302768	Q9H074	PAIP1_HUMAN
ENSP00000170564	Q9BRR8	GPTC1_HUMAN
ENSP00000346359	Q9BVV6	TALD3_HUMAN
ENSP00000216442	Q9Y5K8	VATD_HUMAN
ENSP00000333363	A0A075B6F3	A0A075B6F3_HUMAN
ENSP00000415662	B2RV13	CF97D_HUMAN
ENSP00000357858	O43684	BUB3_HUMAN
ENSP00000362344	Q05932	FOLC_HUMAN
ENSP00000497744	P17812	PYRG1_HUMAN
ENSP00000367835	Q99633	PRP18_HUMAN
ENSP00000314810	P56851	EP3B_HUMAN
ENSP00000348107	Q13901	C1D_HUMAN
ENSP00000374377	Q6ZTI6	RFLA_HUMAN
ENSP00000387996	E7EWR4	E7EWR4_HUMAN
ENSP00000287025	Q96E29	MTEF3_HUMAN
ENSP00000316496	Q8NA75	DC4L2_HUMAN
ENSP00000468969	Q9Y284	ASTER_HUMAN
ENSP00000368984	Q06265	EXOS9_HUMAN
ENSP00000331062	Q8IW00	VSTM4_HUMAN
ENSP00000323099	Q8WXE1	ATRIP_HUMAN
ENSP00000357301	Q8TDU9	RL3R2_HUMAN
ENSP00000330753	Q9NSI6	BRWD1_HUMAN
ENSP00000380150	Q9BXL7	CAR11_HUMAN
ENSP00000328596	O95475	SIX6_HUMAN
ENSP00000257359	Q9UP79	ATS8_HUMAN
ENSP00000331111	Q9P1U0	RPA12_HUMAN
ENSP00000501265	Q149M9	NWD1_HUMAN
ENSP00000371835	Q9BYW3	DB126_HUMAN
ENSP00000355388	Q99549	MPP8_HUMAN
ENSP00000326879	Q49AR2	CE022_HUMAN
ENSP00000290155	P57076	CF298_HUMAN
ENSP00000223641	P60468	SC61B_HUMAN
ENSP00000247020	Q99470	SDF2_HUMAN
ENSP00000312379	Q8IZD2	KMT2E_HUMAN
ENSP00000415464	Q71RC2	LARP4_HUMAN
ENSP00000323687	Q9C0C9	UBE2O_HUMAN
ENSP00000321320	Q9BTY7	HGH1_HUMAN
ENSP00000221859	P36954	RPB9_HUMAN
ENSP00000300146	Q86TB9	PATL1_HUMAN
ENSP00000155926	Q92519	TRIB2_HUMAN
ENSP00000360065	Q5VTH9	DNAI4_HUMAN
ENSP00000365255	Q9UPS8	ANR26_HUMAN
ENSP00000361557	Q96IZ5	RBM41_HUMAN
ENSP00000258281	O75529	TAF5L_HUMAN
ENSP00000441786	Q9H5V9	STEEP_HUMAN
ENSP00000402033	O15018	PDZD2_HUMAN
ENSP00000430493	Q9UFF9	CNOT8_HUMAN
ENSP00000322579	Q9BUL5	PHF23_HUMAN
ENSP00000441140	Q76FK4	NOL8_HUMAN
ENSP00000384302	Q15061	WDR43_HUMAN
ENSP00000251810	Q7LG56	RIR2B_HUMAN
ENSP00000260665	P42704	LPPRC_HUMAN
ENSP00000452697	P67812	SC11A_HUMAN
ENSP00000327436	Q86TU7	SETD3_HUMAN
ENSP00000475224	L0R819	ASURF_HUMAN
ENSP00000320251	Q6NW34	RMP64_HUMAN
ENSP00000215743	P24347	MMP11_HUMAN
ENSP00000358854	Q15542	TAF5_HUMAN
ENSP00000361418	O94829	IPO13_HUMAN
ENSP00000465676	O75928	PIAS2_HUMAN
ENSP00000381840	Q6ZN18	AEBP2_HUMAN
ENSP00000466111	O43148	MCES_HUMAN
ENSP00000296564	Q9Y2F5	ICE1_HUMAN
ENSP00000378851	Q8NDC0	MISSL_HUMAN
ENSP00000341346	Q969V4	TEKT1_HUMAN
ENSP00000447057	Q8N5I9	NOPC1_HUMAN
ENSP00000265728	Q9UBU7	DBF4A_HUMAN
ENSP00000441930	Q9NQM4	DAAF6_HUMAN
ENSP00000302478	P0DPB6	RPAC2_HUMAN
ENSP00000337946	Q96M98	PACRG_HUMAN
ENSP00000307833	Q8NEZ5	FBX22_HUMAN
ENSP00000390637	Q13336	UT1_HUMAN
ENSP00000245544	Q9BW27	NUP85_HUMAN
ENSP00000363391	Q9NPE6	SPAG4_HUMAN
ENSP00000497271	Q9BYX4	IFIH1_HUMAN
ENSP00000353098	Q9BTE3	MCMBP_HUMAN
ENSP00000365388	Q5T2R2	DPS1_HUMAN
ENSP00000390158	Q15751	HERC1_HUMAN
ENSP00000360473	Q9NQP4	PFD4_HUMAN
ENSP00000480986	A0A087WXF8	A0A087WXF8_HUMAN
ENSP00000325634	Q9UID6	ZN639_HUMAN
ENSP00000417559	C9JA08	C9JA08_HUMAN
ENSP00000424417	O43660	PLRG1_HUMAN
ENSP00000387077	Q8NI32	LPD6B_HUMAN
ENSP00000362777	Q8N100	ATOH7_HUMAN
ENSP00000332592	Q8N0X2	SPG16_HUMAN
ENSP00000225504	P63272	SPT4H_HUMAN
ENSP00000216367	P56282	DPOE2_HUMAN
ENSP00000320532	Q8NEX5	WFDC9_HUMAN
ENSP00000306410	Q5T2S8	ODAD2_HUMAN
ENSP00000296657	A6NCL7	AN33B_HUMAN
ENSP00000476948	Q8IXW5	RPAP2_HUMAN
ENSP00000328327	Q9H672	ASB7_HUMAN
ENSP00000299259	P61201	CSN2_HUMAN
ENSP00000344299	Q7Z6K3	PTAR1_HUMAN
ENSP00000430774	E5RI56	E5RI56_HUMAN
ENSP00000500986	Q8NEL9	DDHD1_HUMAN
ENSP00000442699	O43719	HTSF1_HUMAN
ENSP00000364691	Q5TZA2	CROCC_HUMAN
ENSP00000366402	Q5VTT2	CFA95_HUMAN
ENSP00000316012	A0A0A0MR37	A0A0A0MR37_HUMAN
ENSP00000358716	Q9UHI6	DDX20_HUMAN
ENSP00000348933	Q86WR0	CCD25_HUMAN
ENSP00000410470	Q6P2I3	FAH2B_HUMAN
ENSP00000372274	Q8TCJ0	FBX25_HUMAN
ENSP00000314505	Q9NXL9	MCM9_HUMAN
ENSP00000389810	Q9H410	DSN1_HUMAN
ENSP00000386433	Q14966	ZN638_HUMAN
ENSP00000464512	J3QS41	J3QS41_HUMAN
ENSP00000306117	Q9NUU7	DD19A_HUMAN
ENSP00000354163	Q9BQ89	F110A_HUMAN
ENSP00000315702	Q9Y3A3	PHOCN_HUMAN
ENSP00000265107	Q9NW82	WDR70_HUMAN
ENSP00000260952	Q9NWL6	ASND1_HUMAN
ENSP00000342680	Q86X51	EZHIP_HUMAN
ENSP00000421592	E9PB61	E9PB61_HUMAN
ENSP00000312399	Q8NA47	CCD63_HUMAN
ENSP00000368931	Q8NEF3	CC112_HUMAN
ENSP00000296417	P0C0S5	H2AZ_HUMAN
ENSP00000489675	Q8IVF4	DYH10_HUMAN
ENSP00000378067	Q7Z7L1	SLN11_HUMAN
ENSP00000264108	O14929	HAT1_HUMAN
ENSP00000378181	Q9NPI1	BRD7_HUMAN
ENSP00000362340	Q9UBB6	NCDN_HUMAN
ENSP00000434724	Q9GZT6	CC90B_HUMAN
ENSP00000233055	Q8IWB7	WDFY1_HUMAN
ENSP00000264669	Q14CZ7	FAKD3_HUMAN
ENSP00000432172	Q96LX7	CCD17_HUMAN
ENSP00000240922	Q9GZZ1	NAA50_HUMAN
ENSP00000295148	Q9H6R7	WDCP_HUMAN
ENSP00000349568	Q8NDM7	CFA43_HUMAN
ENSP00000428982	P24863	CCNC_HUMAN
ENSP00000262518	Q6ZRS2	SRCAP_HUMAN
ENSP00000370196	O95248	MTMR5_HUMAN
ENSP00000206020	O75391	SPAG7_HUMAN
ENSP00000381970	Q9NXP7	GIN1_HUMAN
ENSP00000343867	Q96E11	RRFM_HUMAN
ENSP00000295824	Q8N7U6	EFHB_HUMAN
ENSP00000386226	P42696	RBM34_HUMAN
ENSP00000267430	Q8IYD8	FANCM_HUMAN
ENSP00000216068	O96015	DNAL4_HUMAN
ENSP00000362532	Q9NQG5	RPR1B_HUMAN
ENSP00000261609	O95714	HERC2_HUMAN
ENSP00000330460	Q5T1V6	DDX59_HUMAN
ENSP00000318429	Q96M63	ODAD1_HUMAN
ENSP00000359606	Q9NWK9	BCD1_HUMAN
ENSP00000491046	A0A1W2PNU3	A0A1W2PNU3_HUMAN
ENSP00000404092	Q96SB8	SMC6_HUMAN
ENSP00000246801	Q9UJT2	TSKS_HUMAN
ENSP00000362021	Q53FP2	NACHO_HUMAN
ENSP00000328708	Q9NSD7	RL3R1_HUMAN
ENSP00000485750	Q86YH2	Z280B_HUMAN
ENSP00000485750	A0A0D9SEJ8	A0A0D9SEJ8_HUMAN
ENSP00000229179	P57740	NU107_HUMAN
ENSP00000400471	Q9BVX2	T106C_HUMAN
ENSP00000323046	Q9NQT5	EXOS3_HUMAN
ENSP00000339280	Q5VVM6	CCD30_HUMAN
ENSP00000322915	Q5VZL5	ZMYM4_HUMAN
ENSP00000330381	Q86VZ2	WDR5B_HUMAN
ENSP00000222644	Q9NZW5	PALS2_HUMAN
ENSP00000301788	P62487	RPB7_HUMAN
ENSP00000251636	Q7Z478	DHX29_HUMAN
ENSP00000368164	Q9UJA3	MCM8_HUMAN
ENSP00000385722	Q8N201	INT1_HUMAN
ENSP00000299638	P0CAP2	GRL1A_HUMAN
ENSP00000319531	P23434	GCSH_HUMAN
ENSP00000216036	Q9UHP6	RSP14_HUMAN
ENSP00000233379	Q96GK7	FAH2A_HUMAN
ENSP00000206595	Q7L622	G2E3_HUMAN
ENSP00000318641	Q68E01	INT3_HUMAN
ENSP00000284601	Q16821	PPR3A_HUMAN
ENSP00000351669	Q5SRI9	MANEA_HUMAN
ENSP00000346599	Q8WUJ0	STYX_HUMAN
ENSP00000486540	Q92600	CNOT9_HUMAN
ENSP00000314023	Q8NBJ9	SIDT2_HUMAN
ENSP00000336741	O43143	DHX15_HUMAN
ENSP00000308332	Q9BRU9	UTP23_HUMAN
ENSP00000480514	Q9UM00	TMCO1_HUMAN
ENSP00000360411	Q5T700	LRAD1_HUMAN
ENSP00000377601	A0A0B4J1V9	A0A0B4J1V9_HUMAN
ENSP00000303427	Q29RF7	PDS5A_HUMAN
ENSP00000340896	Q9UBL3	ASH2L_HUMAN
ENSP00000324920	Q8N1H7	S6OS1_HUMAN
ENSP00000366876	Q86YI8	PHF13_HUMAN
ENSP00000253462	Q9Y248	PSF2_HUMAN
ENSP00000216297	Q9Y5B9	SP16H_HUMAN
ENSP00000331086	Q2M2E3	ODFP4_HUMAN
ENSP00000265857	Q7L5D6	GET4_HUMAN
ENSP00000377416	Q9NXL6	SIDT1_HUMAN
ENSP00000480836	A0A087WX97	A0A087WX97_HUMAN
ENSP00000358541	Q9BRV8	SIKE1_HUMAN
ENSP00000264515	Q15291	RBBP5_HUMAN
ENSP00000400391	Q15072	OZF_HUMAN
ENSP00000336712	Q92973	TNPO1_HUMAN
ENSP00000479542	Q2M2Z5	KIZ_HUMAN
ENSP00000223129	P35244	RFA3_HUMAN
ENSP00000362774	Q9HBD1	RC3H2_HUMAN
ENSP00000337368	Q9NZL3	ZN224_HUMAN
ENSP00000388731	P28290	ITPI2_HUMAN
ENSP00000359170	Q9BVM2	DPCD_HUMAN
ENSP00000250454	Q56P03	EAPP_HUMAN
ENSP00000353793	O75717	WDHD1_HUMAN
ENSP00000348842	Q6ZMW3	EMAL6_HUMAN
ENSP00000456480	Q8TEQ0	SNX29_HUMAN
ENSP00000298125	Q96P53	WDFY2_HUMAN
ENSP00000433769	P0DTL6	ZTRF1_HUMAN
ENSP00000481091	A0A024R0Y4	A0A024R0Y4_HUMAN
ENSP00000265986	P14735	IDE_HUMAN
ENSP00000405726	O75419	CDC45_HUMAN
ENSP00000353270	Q96RQ1	ERGI2_HUMAN
ENSP00000487693	P48739	PIPNB_HUMAN
ENSP00000366208	Q9H112	CST11_HUMAN
ENSP00000458355	Q9P225	DYH2_HUMAN
ENSP00000256443	P50613	CDK7_HUMAN
ENSP00000363124	Q9BVI0	PHF20_HUMAN
ENSP00000392318	Q9H8E8	CSR2B_HUMAN
ENSP00000428426	P23193	TCEA1_HUMAN
ENSP00000427951	A6NGH7	CC160_HUMAN
ENSP00000262442	Q9NYC9	DYH9_HUMAN
ENSP00000401566	O95905	ECD_HUMAN
ENSP00000348968	Q8NEX6	WFD11_HUMAN
ENSP00000380157	O96007	MOC2B_HUMAN
ENSP00000424707	Q8TBQ9	KISHA_HUMAN
ENSP00000351619	P30039	PBLD_HUMAN
ENSP00000321744	P62807	H2B1C_HUMAN
ENSP00000475489	Q99550	MPP9_HUMAN
ENSP00000424328	Q9NP92	RT30_HUMAN
ENSP00000402527	Q9GZR1	SENP6_HUMAN
ENSP00000470252	O00267	SPT5H_HUMAN
ENSP00000327950	A6NCJ1	TKTI1_HUMAN
ENSP00000253247	Q9H8H0	NOL11_HUMAN
ENSP00000368358	A6NMQ1	A6NMQ1_HUMAN
ENSP00000264933	O75340	PDCD6_HUMAN
ENSP00000477802	Q8N1D5	CF107_HUMAN
ENSP00000348596	Q9NVU7	SDA1_HUMAN
ENSP00000264159	Q5FWF4	ZRAB3_HUMAN
ENSP00000364270	P23025	XPA_HUMAN
ENSP00000475216	Q5T749	KPRP_HUMAN
ENSP00000311429	Q9H900	ZWILC_HUMAN
ENSP00000173527	Q96CN7	ISOC1_HUMAN
ENSP00000363259	Q711Q0	CEFIP_HUMAN
ENSP00000256538	Q7L8W6	DPH6_HUMAN
ENSP00000266987	Q15633	TRBP2_HUMAN
ENSP00000381104	Q92544	TM9S4_HUMAN
ENSP00000263736	Q8N5C6	SRBD1_HUMAN
ENSP00000346464	Q15906	VPS72_HUMAN
ENSP00000264156	Q14566	MCM6_HUMAN
ENSP00000367049	Q08AG7	MZT1_HUMAN
ENSP00000324203	Q9BUR4	TCAB1_HUMAN
ENSP00000280191	Q8NEY3	SPAT4_HUMAN
ENSP00000378710	Q49AJ0	F135B_HUMAN
ENSP00000362807	Q9UBV8	PEF1_HUMAN
ENSP00000388920	Q6NW29	RWDD4_HUMAN
ENSP00000477760	Q96DE5	APC16_HUMAN
ENSP00000337991	Q68D10	SPT2_HUMAN
ENSP00000278612	Q14207	NPAT_HUMAN
ENSP00000262577	Q8IXZ2	ZC3H3_HUMAN
ENSP00000496813	O00258	GET1_HUMAN
ENSP00000332225	P20382	MCH_HUMAN
ENSP00000255695	Q9NWW9	PLAT2_HUMAN
ENSP00000365694	Q96QC0	PP1RA_HUMAN
ENSP00000308405	Q71UI9	H2AV_HUMAN
ENSP00000258105	Q96EL3	RM53_HUMAN
ENSP00000362372	Q6RI45	BRWD3_HUMAN
ENSP00000415536	P52434	RPAB3_HUMAN
ENSP00000299853	Q9NVU0	RPC5_HUMAN
ENSP00000420176	Q9NR33	DPOE4_HUMAN
ENSP00000355609	Q8NDD1	FSAF1_HUMAN
ENSP00000389182	P78346	RPP30_HUMAN
ENSP00000262207	Q9H336	CRLD1_HUMAN
ENSP00000248958	Q9HCN8	SDF2L_HUMAN
ENSP00000265260	Q8WW12	PCNP_HUMAN
ENSP00000489123	A0A0U1RQQ9	A0A0U1RQQ9_HUMAN
ENSP00000385334	Q9Y6D9	MD1L1_HUMAN
ENSP00000377428	Q96MT7	CFA44_HUMAN
ENSP00000362136	Q5VSG8	MANEL_HUMAN
ENSP00000286398	O95347	SMC2_HUMAN
ENSP00000403400	Q9ULG6	CCPG1_HUMAN
ENSP00000379619	Q3MJ13	WDR72_HUMAN
ENSP00000368459	Q9UHK0	NUFP1_HUMAN
ENSP00000298292	Q9NVR5	KTU_HUMAN
ENSP00000261520	Q659A1	ICE2_HUMAN
ENSP00000262315	Q8WVB6	CTF18_HUMAN
ENSP00000419619	Q9H0F7	ARL6_HUMAN
ENSP00000358147	Q86Y37	CACL1_HUMAN
ENSP00000287380	Q96DN5	TBC31_HUMAN
ENSP00000351947	Q9H4L7	SMRCD_HUMAN
ENSP00000337194	Q13523	PRP4K_HUMAN
ENSP00000358778	Q5T3J3	LRIF1_HUMAN
ENSP00000482313	O94761	RECQ4_HUMAN
ENSP00000452037	Q4LDG9	DNAL1_HUMAN
ENSP00000395232	Q6P444	MTFR2_HUMAN
ENSP00000442770	Q9UHW5	GPN3_HUMAN
ENSP00000294008	Q8IY92	SLX4_HUMAN
ENSP00000465213	O95707	RPP29_HUMAN
ENSP00000249910	O95243	MBD4_HUMAN
ENSP00000410396	Q9BQ75	CMS1_HUMAN
ENSP00000308548	Q9UHR6	ZNHI2_HUMAN
ENSP00000417078	Q9H2U1	DHX36_HUMAN
ENSP00000337393	Q9UBK9	UXT_HUMAN
ENSP00000340900	Q5JRA6	TGO1_HUMAN
ENSP00000377492	O75330	HMMR_HUMAN
ENSP00000331087	Q9Y5U2	TSSC4_HUMAN
ENSP00000310448	O43290	SNUT1_HUMAN
ENSP00000262013	O60271	JIP4_HUMAN
ENSP00000325868	Q96PU9	CMA1A_HUMAN
ENSP00000337804	Q6Q759	SPG17_HUMAN
ENSP00000259895	Q92759	TF2H4_HUMAN
ENSP00000335538	P59861	D131A_HUMAN
ENSP00000361800	Q96EX3	DC2I2_HUMAN
ENSP00000388638	Q96I25	SPF45_HUMAN
ENSP00000272645	O15514	RPB4_HUMAN
ENSP00000366430	Q8WZA0	LZIC_HUMAN
ENSP00000244051	O95396	MOCS3_HUMAN
ENSP00000385795	O94880	PHF14_HUMAN
ENSP00000300575	Q96LL3	FIMP_HUMAN
ENSP00000387278	Q96JB8	MPP4_HUMAN
ENSP00000381480	Q08648	SG11B_HUMAN
ENSP00000323782	Q96MW1	CCD43_HUMAN
ENSP00000282892	Q13503	MED21_HUMAN
ENSP00000342889	P53803	RPAB4_HUMAN
ENSP00000372499	Q9BQ87	TBL1Y_HUMAN
ENSP00000317039	Q9H9A7	RMI1_HUMAN
ENSP00000361735	Q8IUA0	WFDC8_HUMAN
ENSP00000379267	G5E9D4	G5E9D4_HUMAN
ENSP00000306123	Q9BWH6	RPAP1_HUMAN
ENSP00000369887	Q9NWH9	SLTM_HUMAN
ENSP00000364721	Q15691	MARE1_HUMAN
ENSP00000358159	Q8N3C0	ASCC3_HUMAN
ENSP00000351697	O60673	REV3L_HUMAN
ENSP00000299575	O43313	ATMIN_HUMAN
ENSP00000385055	Q8N7B1	HORM2_HUMAN
ENSP00000358064	Q5VT52	RPRD2_HUMAN
ENSP00000372112	Q6P587	FAHD1_HUMAN
ENSP00000322159	Q96DT6	ATG4C_HUMAN
ENSP00000348554	Q13042	CDC16_HUMAN
ENSP00000319104	Q7KZ85	SPT6H_HUMAN
ENSP00000378736	O75575	RPC9_HUMAN
ENSP00000349365	Q8NEV9	IL27A_HUMAN
ENSP00000486502	A0A8I5KWX0	A0A8I5KWX0_HUMAN
ENSP00000373176	Q8N3Z3	GTPB8_HUMAN
ENSP00000312811	P57789	KCNKA_HUMAN
ENSP00000359518	Q9NV56	MRGBP_HUMAN
ENSP00000261250	Q9NQ89	FERY3_HUMAN
ENSP00000301190	Q7Z3H0	PANKY_HUMAN
ENSP00000441953	O43929	ORC4_HUMAN
ENSP00000324124	P62875	RPAB5_HUMAN
ENSP00000275034	Q8WWQ0	PHIP_HUMAN
ENSP00000360576	Q9UHB4	NDOR1_HUMAN
ENSP00000325377	Q9C0J8	WDR33_HUMAN
ENSP00000455813	H3BQK0	H3BQK0_HUMAN
ENSP00000256854	O43776	SYNC_HUMAN
ENSP00000296328	O94888	UBXN7_HUMAN
ENSP00000298032	Q5W041	ARMC3_HUMAN
ENSP00000355944	Q96IY1	NSL1_HUMAN
ENSP00000423881	Q8N7B6	PACRL_HUMAN
ENSP00000261667	O00505	IMA4_HUMAN
ENSP00000347345	Q9Y535	RPC8_HUMAN
ENSP00000260505	Q6ZT98	TTLL7_HUMAN
ENSP00000253381	Q96PH6	DB118_HUMAN
ENSP00000261037	P27658	CO8A1_HUMAN
ENSP00000465765	P60002	ELOF1_HUMAN
ENSP00000465765	A0A024R7E8	A0A024R7E8_HUMAN
ENSP00000307260	Q9Y4P3	TBL2_HUMAN
ENSP00000234038	Q15435	PP1R7_HUMAN
ENSP00000331845	Q5THK1	PR14L_HUMAN
ENSP00000360488	Q70Z53	F10C1_HUMAN
ENSP00000349957	Q9NYG5	APC11_HUMAN
ENSP00000421842	Q9BS18	APC13_HUMAN
ENSP00000005587	O75563	SKAP2_HUMAN
ENSP00000321506	Q8NH49	OR4X1_HUMAN
ENSP00000222728	P31267	HXA6_HUMAN
ENSP00000254765	Q9HBV1	POPD3_HUMAN
ENSP00000478763	P78324	SHPS1_HUMAN
ENSP00000367590	Q9BRK0	REEP2_HUMAN
ENSP00000336687	Q13185	CBX3_HUMAN
ENSP00000431140	Q9BXJ0	C1QT5_HUMAN
ENSP00000379390	Q9BSE4	HERP2_HUMAN
ENSP00000320567	Q9Y291	RT33_HUMAN
ENSP00000424737	Q86YA3	ZGRF1_HUMAN
ENSP00000493623	O15117	FYB1_HUMAN
ENSP00000223145	Q86VQ1	GLCI1_HUMAN
ENSP00000279227	Q86UX7	URP2_HUMAN
ENSP00000242159	P31268	HXA7_HUMAN
ENSP00000382379	O15084	ANR28_HUMAN
ENSP00000395012	Q6TFL4	KLH24_HUMAN
ENSP00000238647	Q9H1B7	I2BPL_HUMAN
ENSP00000288680	Q8TCT6	SPPL3_HUMAN
ENSP00000308782	Q9HCN6	GPVI_HUMAN
ENSP00000324422	Q15942	ZYX_HUMAN
ENSP00000448051	Q15038	DAZP2_HUMAN
ENSP00000473233	M0R3H8	M0R3H8_HUMAN
ENSP00000283309	Q8N878	FRMD1_HUMAN
ENSP00000377055	P42785	PCP_HUMAN
ENSP00000304410	Q2NKX9	CB068_HUMAN
ENSP00000484736	A0A087X266	A0A087X266_HUMAN
ENSP00000356505	P19878	NCF2_HUMAN
ENSP00000368920	Q5JS37	NHLC3_HUMAN
ENSP00000396935	Q9H714	PACER_HUMAN
ENSP00000477213	O00213	APBB1_HUMAN
ENSP00000320184	Q9Y3D9	RT23_HUMAN
ENSP00000228438	Q92478	CLC2B_HUMAN
ENSP00000324204	Q8N3F0	MTURN_HUMAN
ENSP00000438526	Q6PF15	KLH35_HUMAN
ENSP00000304078	Q5T0W9	FA83B_HUMAN
ENSP00000399013	Q8WYK1	CNTP5_HUMAN
ENSP00000422354	Q8NEC7	GSTCD_HUMAN
ENSP00000317439	Q3B7I2	CNPY1_HUMAN
ENSP00000384408	Q86W56	PARG_HUMAN
ENSP00000253047	Q9NX00	TM160_HUMAN
ENSP00000361850	P00749	UROK_HUMAN
ENSP00000479166	Q00056	HXA4_HUMAN
ENSP00000431376	Q17R31	TATD3_HUMAN
ENSP00000371512	Q96LD1	SGCZ_HUMAN
ENSP00000414202	Q9UPN7	PP6R1_HUMAN
ENSP00000438886	Q96JB5	CK5P3_HUMAN
ENSP00000334474	Q9ULJ6	ZMIZ1_HUMAN
ENSP00000373277	Q6XE24	RBMS3_HUMAN
ENSP00000367453	Q8N6N7	ACBD7_HUMAN
ENSP00000238508	P48595	SPB10_HUMAN
ENSP00000435509	Q8N9L1	ZIC4_HUMAN
ENSP00000371398	Q8NEA6	GLIS3_HUMAN
ENSP00000378845	O43561	LAT_HUMAN
ENSP00000357218	Q8NCW5	NNRE_HUMAN
ENSP00000368547	Q9UHY8	FEZ2_HUMAN
ENSP00000425658	Q9ULJ7	ANR50_HUMAN
ENSP00000427211	Q92870	APBB2_HUMAN
ENSP00000396688	P0C0L4	CO4A_HUMAN
ENSP00000400376	Q6P179	ERAP2_HUMAN
ENSP00000320081	Q8NDZ4	DIK2A_HUMAN
ENSP00000224337	Q8WV28	BLNK_HUMAN
ENSP00000295756	Q6PIZ9	TRAT1_HUMAN
ENSP00000334767	Q86UT8	CATAC_HUMAN
ENSP00000399547	C9JTQ0	ANR63_HUMAN
ENSP00000415941	P0C0L5	CO4B_HUMAN
ENSP00000357308	Q5EE01	CENPW_HUMAN
ENSP00000352833	A0A0B4J1S7	A0A0B4J1S7_HUMAN
ENSP00000398655	Q08881	ITK_HUMAN
ENSP00000340211	Q9BR76	COR1B_HUMAN
ENSP00000362187	Q5T9C2	EEIG1_HUMAN
ENSP00000362479	Q7Z408	CSMD2_HUMAN
ENSP00000421380	Q96H20	SNF8_HUMAN
ENSP00000249776	Q9Y448	SKAP_HUMAN
ENSP00000240587	Q63HK5	TSH3_HUMAN
ENSP00000175756	Q99952	PTN18_HUMAN
ENSP00000367096	Q9HC56	PCDH9_HUMAN
ENSP00000341342	Q8WZ60	KLHL6_HUMAN
ENSP00000365048	Q9Y275	TN13B_HUMAN
ENSP00000385143	Q6UXZ4	UNC5D_HUMAN
ENSP00000219150	P31146	COR1A_HUMAN
ENSP00000392197	Q9H902	REEP1_HUMAN
ENSP00000368959	Q00765	REEP5_HUMAN
ENSP00000349252	P20701	ITAL_HUMAN
ENSP00000359052	Q5T8I3	EEIG2_HUMAN
ENSP00000345972	Q5VWT5	FYB2_HUMAN
ENSP00000338812	Q9BXI9	C1QT6_HUMAN
ENSP00000317327	P57075	UBS3A_HUMAN
ENSP00000248139	Q96S21	RB40C_HUMAN
ENSP00000338191	Q13425	SNTB2_HUMAN
ENSP00000230124	Q92562	FIG4_HUMAN
ENSP00000253673	Q9BY15	AGRE3_HUMAN
ENSP00000385936	B6ZDN3	B6ZDN3_HUMAN
ENSP00000310260	Q9UL03	INT6_HUMAN
ENSP00000285046	Q6ZNL6	FGD5_HUMAN
ENSP00000361202	A0A804CF45	A0A804CF45_HUMAN
ENSP00000367151	O14917	PCD17_HUMAN
ENSP00000369473	Q5TBK1	N42L1_HUMAN
ENSP00000356033	Q8N103	TAGAP_HUMAN
ENSP00000395474	Q9Y5X0	SNX10_HUMAN
ENSP00000493034	Q9NZP0	OR6C3_HUMAN
ENSP00000355064	Q96DD7	SHSA4_HUMAN
ENSP00000290200	Q08334	I10R2_HUMAN
ENSP00000305529	Q9P1W8	SIRPG_HUMAN
ENSP00000427695	P50616	TOB1_HUMAN
ENSP00000401115	Q9UHA2	S18L2_HUMAN
ENSP00000387211	Q13478	IL18R_HUMAN
ENSP00000268655	Q15697	ZN174_HUMAN
ENSP00000239144	P17481	HXB8_HUMAN
ENSP00000268389	O95976	IGSF6_HUMAN
ENSP00000218867	Q13326	SGCG_HUMAN
ENSP00000424757	Q96PY6	NEK1_HUMAN
ENSP00000257749	Q9BYV9	BACH2_HUMAN
ENSP00000478417	O75170	PP6R2_HUMAN
ENSP00000347916	Q5QGZ9	CL12A_HUMAN
ENSP00000311984	Q8IW45	NNRD_HUMAN
ENSP00000364979	P02462	CO4A1_HUMAN
ENSP00000481626	Q96B23	ARK2N_HUMAN
ENSP00000252797	Q96H86	ZN764_HUMAN
ENSP00000251921	Q8N323	NXPE1_HUMAN
ENSP00000321711	Q8TF46	DI3L1_HUMAN
ENSP00000348395	Q8NDH3	PEPL1_HUMAN
ENSP00000433528	P78524	DEN2B_HUMAN
ENSP00000307801	Q8TCW7	ZPLD1_HUMAN
ENSP00000289902	P30273	FCERG_HUMAN
ENSP00000331734	P57055	DSCR6_HUMAN
ENSP00000355991	Q9Y228	T3JAM_HUMAN
ENSP00000366221	Q86V15	CASZ1_HUMAN
ENSP00000349727	D6RAM3	D6RAM3_HUMAN
ENSP00000399718	Q9NS73	MBIP1_HUMAN
ENSP00000394757	Q92618	ZN516_HUMAN
ENSP00000382026	Q8WVX3	SRALN_HUMAN
ENSP00000276692	Q6P1N9	TATD1_HUMAN
ENSP00000361060	Q8WZA1	PMGT1_HUMAN
ENSP00000310520	Q92889	XPF_HUMAN
ENSP00000471921	Q01892	SPIB_HUMAN
ENSP00000387941	Q5TF58	IFFO2_HUMAN
ENSP00000417653	Q9UJU6	DBNL_HUMAN
ENSP00000376349	O95848	NUD14_HUMAN
ENSP00000483946	A0A087X169	A0A087X169_HUMAN
ENSP00000287652	Q93075	TATD2_HUMAN
ENSP00000382328	Q92802	N42L2_HUMAN
ENSP00000492924	Q8NGE9	OR9Q2_HUMAN
ENSP00000340594	Q5VT97	SYDE2_HUMAN
ENSP00000327168	Q8TB68	PRR7_HUMAN
ENSP00000284273	Q8TF42	UBS3B_HUMAN
ENSP00000436455	P80303	NUCB2_HUMAN
ENSP00000339449	Q8N1V2	CFA52_HUMAN
ENSP00000331305	Q14106	TOB2_HUMAN
ENSP00000452522	Q8WXH5	SOCS4_HUMAN
ENSP00000394842	P28676	GRAN_HUMAN
ENSP00000245957	Q8NHU2	CFA61_HUMAN
ENSP00000267082	P26010	ITB7_HUMAN
ENSP00000441831	Q9Y2H6	FND3A_HUMAN
ENSP00000415049	Q8TAX9	GSDMB_HUMAN
ENSP00000412064	Q9NZ81	PRR13_HUMAN
ENSP00000343674	Q6HA08	ASTL_HUMAN
ENSP00000419266	P49640	EVX1_HUMAN
ENSP00000494831	P63162	RSMN_HUMAN
ENSP00000498757	P07510	ACHG_HUMAN
ENSP00000273153	Q96S65	CSRN1_HUMAN
ENSP00000359216	Q9UKA9	PTBP2_HUMAN
ENSP00000005995	Q9Y6M0	TEST_HUMAN
ENSP00000291672	Q9H0A9	SPC1L_HUMAN
ENSP00000326531	Q86W42	THOC6_HUMAN
ENSP00000246190	Q96P71	NECA3_HUMAN
ENSP00000424261	Q9NZH5	PTTG2_HUMAN
ENSP00000336829	P02679	FIBG_HUMAN
ENSP00000352936	Q9NQ38	ISK5_HUMAN
ENSP00000380159	Q96CP2	FWCH2_HUMAN
ENSP00000215727	P05546	HEP2_HUMAN
ENSP00000237353	Q8TBY8	PMFBP_HUMAN
ENSP00000310861	P35908	K22E_HUMAN
ENSP00000366240	Q5VST6	AB17B_HUMAN
ENSP00000364263	Q9NXI6	RN186_HUMAN
ENSP00000345107	Q9BSF0	SMAKA_HUMAN
ENSP00000411140	A6NHN6	NPB15_HUMAN
ENSP00000497613	A0A3B3ISV0	A0A3B3ISV0_HUMAN
ENSP00000265016	Q10588	BST1_HUMAN
ENSP00000320232	Q8NDH2	LRTM3_HUMAN
ENSP00000327431	P69891	HBG1_HUMAN
ENSP00000377447	P43365	MAGAC_HUMAN
ENSP00000360913	Q9NWH7	SPAT6_HUMAN
ENSP00000333003	Q6UWB4	PRS55_HUMAN
ENSP00000338082	P69892	HBG2_HUMAN
ENSP00000280295	Q8WVI7	PPR1C_HUMAN
ENSP00000366047	Q92876	KLK6_HUMAN
ENSP00000386414	Q9H4I0	RD21L_HUMAN
ENSP00000333358	Q5GAN6	RNS10_HUMAN
ENSP00000404220	Q8N6L0	KASH5_HUMAN
ENSP00000317289	Q7Z4H9	F220A_HUMAN
ENSP00000348314	Q9C093	SPEF2_HUMAN
ENSP00000347358	P43364	MAGAB_HUMAN
ENSP00000434279	Q9BYE2	TMPSD_HUMAN
ENSP00000380131	P56747	CLD6_HUMAN
ENSP00000441828	P00739	HPTR_HUMAN
ENSP00000261267	P61626	LYSC_HUMAN
ENSP00000358518	P23610	HAP40_HUMAN
ENSP00000296575	Q96QV1	HHIP_HUMAN
ENSP00000188790	Q12884	SEPR_HUMAN
ENSP00000376135	Q86T29	ZN605_HUMAN
ENSP00000362507	Q9P0B6	CC167_HUMAN
ENSP00000493805	A0A2R8Y4L2	RA1L3_HUMAN
ENSP00000223642	P01031	CO5_HUMAN
ENSP00000360635	Q9UHL4	DPP2_HUMAN
ENSP00000364731	P08709	FA7_HUMAN
ENSP00000375678	Q9P0G3	KLK14_HUMAN
ENSP00000255324	Q9BXT8	RNF17_HUMAN
ENSP00000345359	Q9NZ53	PDXL2_HUMAN
ENSP00000360961	Q5H943	KKLC1_HUMAN
ENSP00000377536	O95997	PTTG1_HUMAN
ENSP00000342098	O43278	SPIT1_HUMAN
ENSP00000297338	O60216	RAD21_HUMAN
ENSP00000233156	P10646	TFPI1_HUMAN
ENSP00000301738	Q9NXV2	KCTD5_HUMAN
ENSP00000263468	Q9P2H0	CE126_HUMAN
ENSP00000473853	Q9H239	MMP28_HUMAN
ENSP00000274306	P12544	GRAA_HUMAN
ENSP00000328938	Q63HM1	KFA_HUMAN
ENSP00000321853	P08697	A2AP_HUMAN
ENSP00000326598	Q9UI38	TSP50_HUMAN
ENSP00000222482	Q9UI42	CBPA4_HUMAN
ENSP00000387822	Q58F21	BRDT_HUMAN
ENSP00000361875	Q8TCV5	WFDC5_HUMAN
ENSP00000385361	P12018	VPREB_HUMAN
ENSP00000308535	Q6ZVE7	GOT1A_HUMAN
ENSP00000467600	O43760	SNG2_HUMAN
ENSP00000392549	Q9Y4R7	TTLL3_HUMAN
ENSP00000392549	J3KQB2	J3KQB2_HUMAN
ENSP00000221538	Q9H0K4	RSH6A_HUMAN
ENSP00000314080	Q14526	HIC1_HUMAN
ENSP00000378131	E7ETH0	E7ETH0_HUMAN
ENSP00000312284	Q6UW49	SPESP_HUMAN
ENSP00000416341	Q99435	NELL2_HUMAN
ENSP00000334611	Q6ZMR5	TM11A_HUMAN
ENSP00000334611	A0A0A0MR82	A0A0A0MR82_HUMAN
ENSP00000371054	Q9Y581	INSL6_HUMAN
ENSP00000420237	Q8WXQ8	CBPA5_HUMAN
ENSP00000348308	O75900	MMP23_HUMAN
ENSP00000366690	Q76KD6	SPERI_HUMAN
ENSP00000296046	P15088	CBPA3_HUMAN
ENSP00000211314	Q9Y6G1	TM14A_HUMAN
ENSP00000350090	Q32P51	RA1L2_HUMAN
ENSP00000253928	Q4VC44	FWCH1_HUMAN
ENSP00000252951	P02008	HBAZ_HUMAN
ENSP00000468040	K7EQZ3	K7EQZ3_HUMAN
ENSP00000283441	Q9H8X9	ZDH11_HUMAN
ENSP00000250351	Q9UKR0	KLK12_HUMAN
ENSP00000264553	P51124	GRAM_HUMAN
ENSP00000473047	Q9UBX7	KLK11_HUMAN
ENSP00000377123	Q9BZW7	TSG10_HUMAN
ENSP00000321804	Q8N4S7	PAQR4_HUMAN
ENSP00000297135	Q9UP83	COG5_HUMAN
ENSP00000481152	A0AAG2SXZ4	A0AAG2SXZ4_HUMAN
ENSP00000417222	P15086	CBPB1_HUMAN
ENSP00000348496	Q8TC36	SUN5_HUMAN
ENSP00000307142	Q96LM6	SMIP9_HUMAN
ENSP00000497691	Q06481	APLP2_HUMAN
ENSP00000362616	Q9ULW6	NP1L2_HUMAN
ENSP00000392368	F5GWJ3	F5GWJ3_HUMAN
ENSP00000384957	P03951	FA11_HUMAN
ENSP00000234798	Q9NRR2	TRYG1_HUMAN
ENSP00000266542	Q9NZP8	C1RL_HUMAN
ENSP00000267984	Q9H1K6	TLRN1_HUMAN
ENSP00000479745	P0CW18	PRS56_HUMAN
ENSP00000459043	A1A5D9	BICL2_HUMAN
ENSP00000299140	Q7Z5L4	SPT19_HUMAN
ENSP00000244096	P43363	MAGAA_HUMAN
ENSP00000292211	Q7Z7E8	UB2Q1_HUMAN
ENSP00000480637	P43360	MAGA6_HUMAN
ENSP00000470555	Q9UKR3	KLK13_HUMAN
ENSP00000321038	Q8N661	TM86B_HUMAN
ENSP00000317895	Q6XPR3	RPTN_HUMAN
ENSP00000239444	Q9UN66	PCDB8_HUMAN
ENSP00000469582	A6NN14	ZN729_HUMAN
ENSP00000248948	Q9UKI3	VPRE3_HUMAN
ENSP00000216338	P20718	GRAH_HUMAN
ENSP00000415769	Q06033	ITIH3_HUMAN
ENSP00000306390	Q9BQR3	PRS27_HUMAN
ENSP00000293851	Q8NF86	PRS33_HUMAN
ENSP00000344411	Q7RTX0	TS1R3_HUMAN
ENSP00000349085	P43355	MAGA1_HUMAN
ENSP00000337816	Q9NPA2	MMP25_HUMAN
ENSP00000231009	P49863	GRAK_HUMAN
ENSP00000434570	Q5TF21	MTCL3_HUMAN
ENSP00000257694	Q9NP80	PLPL8_HUMAN
ENSP00000292430	Q17RY6	LY6K_HUMAN
ENSP00000292641	Q96QR1	SG3A1_HUMAN
ENSP00000414287	G3XAK1	G3XAK1_HUMAN
ENSP00000293845	Q96M95	CCD42_HUMAN
ENSP00000385215	Q5TB80	CE162_HUMAN
ENSP00000376800	P58546	MTPN_HUMAN
ENSP00000285879	O60732	MAGC1_HUMAN
ENSP00000216341	P10144	GRAB_HUMAN
ENSP00000492978	Q96RD1	OR6C1_HUMAN
ENSP00000297405	Q7Z407	CSMD3_HUMAN
ENSP00000386452	A2RUB1	MEIOC_HUMAN
ENSP00000250416	Q9UGN5	PARP2_HUMAN
ENSP00000271764	P41214	EIF2D_HUMAN
ENSP00000354660	Q9UBF1	MAGC2_HUMAN
ENSP00000434602	Q5SZD1	CF141_HUMAN
ENSP00000386348	Q86UD0	SAPC2_HUMAN
ENSP00000292125	Q00889	PSG6_HUMAN
ENSP00000418259	A0A7I2S1M6	A0A7I2S1M6_HUMAN
ENSP00000476603	Q6ZVF9	GRIN3_HUMAN
ENSP00000219301	Q6PEW0	PRS54_HUMAN
ENSP00000233997	P20160	CAP7_HUMAN
ENSP00000297770	Q8N4T0	CBPA6_HUMAN
ENSP00000361746	O95925	EPPI_HUMAN
ENSP00000257264	P20061	TCO1_HUMAN
ENSP00000302274	Q9BXJ3	C1QT4_HUMAN
ENSP00000395929	Q96L73	NSD1_HUMAN
ENSP00000470538	P49862	KLK7_HUMAN
ENSP00000278742	Q9Y5Y6	ST14_HUMAN
ENSP00000431254	B9A064	IGLL5_HUMAN
ENSP00000244926	O95969	SG1D2_HUMAN
ENSP00000297012	Q96QV6	H2A1A_HUMAN
ENSP00000398017	O95484	CLD9_HUMAN
ENSP00000358955	Q6UXG2	ELAP1_HUMAN
ENSP00000222481	P48052	CBPA2_HUMAN
ENSP00000435189	Q15771	RAB30_HUMAN
ENSP00000262626	P05981	HEPS_HUMAN
ENSP00000462600	Q8N660	NBPFF_HUMAN
ENSP00000358458	Q5VWP2	TET5C_HUMAN
ENSP00000251413	P23258	TBG1_HUMAN
ENSP00000294785	Q92542	NICA_HUMAN
ENSP00000381476	Q86WS5	TMPSC_HUMAN
ENSP00000282633	Q641Q2	WAC2A_HUMAN
ENSP00000358714	Q8N3Z0	PRS35_HUMAN
ENSP00000337733	Q9Y337	KLK5_HUMAN
ENSP00000348639	Q6ZWK6	TM11F_HUMAN
ENSP00000320566	Q9NXR8	ING3_HUMAN
ENSP00000256151	Q9P031	TAP26_HUMAN
ENSP00000365075	P08218	CEL2B_HUMAN
ENSP00000343577	Q15661	TRYB1_HUMAN
ENSP00000297767	A4D1T9	PRS37_HUMAN
ENSP00000313851	Q9NTI5	PDS5B_HUMAN
ENSP00000311746	O43240	KLK10_HUMAN
ENSP00000381340	P36269	GGT5_HUMAN
ENSP00000360500	Q96MA1	DMRTB_HUMAN
ENSP00000275560	Q8WTU2	SRB4D_HUMAN
ENSP00000269389	Q8WVN6	SCTM1_HUMAN
ENSP00000307519	Q9UL52	TM11E_HUMAN
ENSP00000440896	Q8N7P1	PLD5_HUMAN
ENSP00000329312	P15814	IGLL1_HUMAN
ENSP00000360905	Q5VU57	CBPC6_HUMAN
ENSP00000329093	Q8IWU9	TPH2_HUMAN
ENSP00000248089	Q9NWW0	HPIP_HUMAN
ENSP00000367913	Q5HY64	FA47C_HUMAN
ENSP00000358510	Q9BWH2	FUND2_HUMAN
ENSP00000383784	Q9UMX2	OAZ3_HUMAN
ENSP00000383784	A8MW57	A8MW57_HUMAN
ENSP00000492557	A0A1W2PS18	PMIS2_HUMAN
ENSP00000469417	Q9UKQ9	KLK9_HUMAN
ENSP00000272852	Q8IVL8	CBPO_HUMAN
ENSP00000473093	P43357	MAGA3_HUMAN
ENSP00000298767	Q7Z5K2	WAPL_HUMAN
ENSP00000477815	A0A087WTE9	A0A087WTE9_HUMAN
ENSP00000377112	A0AV02	S12A8_HUMAN
ENSP00000358999	Q14656	TM187_HUMAN
ENSP00000372221	P36952	SPB5_HUMAN
ENSP00000287097	Q6YHK3	CD109_HUMAN
ENSP00000492893	Q9UGF5	O14J1_HUMAN
ENSP00000221891	P51693	APLP1_HUMAN
ENSP00000364985	O95868	LY66D_HUMAN
ENSP00000339328	Q03405	UPAR_HUMAN
ENSP00000474135	S4R3C0	S4R3C0_HUMAN
ENSP00000356518	Q9BZQ2	SHP1L_HUMAN
ENSP00000480750	Q9Y493	ZAN_HUMAN
ENSP00000322802	Q86VY4	TSYL5_HUMAN
ENSP00000347646	O15370	SOX12_HUMAN
ENSP00000397249	Q9Y6E2	5MP1_HUMAN
ENSP00000326581	Q9GZU2	PEG3_HUMAN
ENSP00000307321	Q9NYD6	HXC10_HUMAN
ENSP00000341662	Q6ZNB7	ALKMO_HUMAN
ENSP00000295633	Q12841	FSTL1_HUMAN
ENSP00000257868	O95390	GDF11_HUMAN
ENSP00000338207	P25800	RBTN1_HUMAN
ENSP00000361653	Q9UPW0	FOXJ3_HUMAN
ENSP00000452786	P05106	ITB3_HUMAN
ENSP00000481581	Q16676	FOXD1_HUMAN
ENSP00000359215	P31314	TLX1_HUMAN
ENSP00000230990	Q99075	HBEGF_HUMAN
ENSP00000358478	Q9UNY4	TTF2_HUMAN
ENSP00000261980	P58304	VSX2_HUMAN
ENSP00000500595	P32243	OTX2_HUMAN
ENSP00000362588	P40426	PBX3_HUMAN
ENSP00000249499	P28356	HXD9_HUMAN
ENSP00000262809	P55199	ELL_HUMAN
ENSP00000366144	Q9Y651	SOX21_HUMAN
ENSP00000378578	P51825	AFF1_HUMAN
ENSP00000446680	O43248	HXC11_HUMAN
ENSP00000290295	Q92826	HXB13_HUMAN
ENSP00000331741	P14652	HXB2_HUMAN
ENSP00000493023	Q8NGX5	O10K1_HUMAN
ENSP00000162391	Q9P0K8	FOXJ2_HUMAN
ENSP00000355631	P32242	OTX1_HUMAN
ENSP00000350844	Q02548	PAX5_HUMAN
ENSP00000423861	P31274	HXC9_HUMAN
ENSP00000428480	P56179	DLX6_HUMAN
ENSP00000464391	Q6ZSZ6	TSH1_HUMAN
ENSP00000329170	P20265	PO3F2_HUMAN
ENSP00000303424	Q13258	PD2R_HUMAN
ENSP00000307411	P55197	AF10_HUMAN
ENSP00000386498	P31249	HXD3_HUMAN
ENSP00000256362	Q9H8Y1	VRTN_HUMAN
ENSP00000308597	Q9Y238	DLEC1_HUMAN
ENSP00000249501	P28358	HXD10_HUMAN
ENSP00000362217	Q96NX9	DACH2_HUMAN
ENSP00000362103	Q03052	PO3F1_HUMAN
ENSP00000399808	P09017	HXC4_HUMAN
ENSP00000355785	O00292	LFTY2_HUMAN
ENSP00000344782	Q5VTD9	GFI1B_HUMAN
ENSP00000309336	Q00444	HXC5_HUMAN
ENSP00000290399	Q14190	SIM2_HUMAN
ENSP00000389870	O60479	DLX3_HUMAN
ENSP00000401112	Q9UPW6	SATB2_HUMAN
ENSP00000249075	P15018	LIF_HUMAN
ENSP00000359866	P22003	BMP5_HUMAN
ENSP00000415034	Q6ZNJ1	NBEL2_HUMAN
ENSP00000341108	A2RU54	HMX2_HUMAN
ENSP00000383909	Q96SC8	DMTA2_HUMAN
ENSP00000490275	A0A1B0GUW7	SIM27_HUMAN
ENSP00000362981	Q9GZN2	TGIF2_HUMAN
ENSP00000369695	P42568	AF9_HUMAN
ENSP00000376322	P35453	HXD13_HUMAN
ENSP00000238682	P10600	TGFB3_HUMAN
ENSP00000305343	O95416	SOX14_HUMAN
ENSP00000364190	P40425	PBX2_HUMAN
ENSP00000360157	Q9UJU5	FOXD3_HUMAN
ENSP00000497759	Q99958	FOXC2_HUMAN
ENSP00000364700	Q99983	OMD_HUMAN
ENSP00000294702	Q99684	GFI1_HUMAN
ENSP00000356515	P46939	UTRN_HUMAN
ENSP00000297537	Q14549	GBX1_HUMAN
ENSP00000298282	Q96KN3	PKNX2_HUMAN
ENSP00000496415	Q12947	FOXF2_HUMAN
ENSP00000479910	P55198	AF17_HUMAN
ENSP00000377265	Q92481	AP2B_HUMAN
ENSP00000498748	O60565	GREM1_HUMAN
ENSP00000374240	O60902	SHOX2_HUMAN
ENSP00000294339	P17542	TAL1_HUMAN
ENSP00000482245	Q9UI36	DACH1_HUMAN
ENSP00000329380	P07359	GP1BA_HUMAN
ENSP00000269397	O00257	CBX4_HUMAN
ENSP00000216513	Q9UIU6	SIX4_HUMAN
ENSP00000494260	P49639	HXA1_HUMAN
ENSP00000355354	O60248	SOX15_HUMAN
ENSP00000311545	Q14246	AGRE1_HUMAN
ENSP00000414657	Q8N2R0	OSR2_HUMAN
ENSP00000308695	Q2PZI1	D19L1_HUMAN
ENSP00000321445	O60682	MUSC_HUMAN
ENSP00000291547	P55347	PKNX1_HUMAN
ENSP00000269945	Q8IXT2	DMRTD_HUMAN
ENSP00000221973	P55344	LMIP_HUMAN
ENSP00000363492	P43026	GDF5_HUMAN
ENSP00000243056	P31276	HXC13_HUMAN
ENSP00000304926	Q8WWR9	PDPFL_HUMAN
ENSP00000376865	Q9GZP0	PDGFD_HUMAN
ENSP00000341524	Q14141	SEPT6_HUMAN
ENSP00000383382	P13224	GP1BB_HUMAN
ENSP00000498653	P35659	DEK_HUMAN
ENSP00000252971	P50219	MNX1_HUMAN
ENSP00000287020	Q6KF10	GDF6_HUMAN
ENSP00000385586	P35452	HXD12_HUMAN
ENSP00000251203	Q9BYU1	PBX4_HUMAN
ENSP00000295206	Q05925	HME1_HUMAN
ENSP00000327959	Q15583	TGIF1_HUMAN
ENSP00000252674	Q03111	ENL_HUMAN
ENSP00000335493	O60548	FOXD2_HUMAN
ENSP00000364839	Q8IXJ9	ASXL1_HUMAN
ENSP00000303775	Q8TCW9	PKR1_HUMAN
ENSP00000386170	Q9UMR3	TBX20_HUMAN
ENSP00000476742	V9GYH0	V9GYH0_HUMAN
ENSP00000328598	Q9GZZ0	HXD1_HUMAN
ENSP00000453307	Q99687	MEIS3_HUMAN
ENSP00000269385	Q9HC52	CBX8_HUMAN
ENSP00000225899	Q14532	K1H2_HUMAN
ENSP00000316032	P52948	NUP98_HUMAN
ENSP00000343619	P31269	HXA9_HUMAN
ENSP00000357315	Q3T8J9	GON4L_HUMAN
ENSP00000420009	P17509	HXB6_HUMAN
ENSP00000243103	P31275	HXC12_HUMAN
ENSP00000343633	P32314	FOXN2_HUMAN
ENSP00000420727	Q2M3W8	ZN181_HUMAN
ENSP00000391101	P0C7P3	SLN14_HUMAN
ENSP00000361547	Q99811	PRRX2_HUMAN
ENSP00000243108	P09630	HXC6_HUMAN
ENSP00000240306	Q92988	DLX4_HUMAN
ENSP00000272223	Q8TAX0	OSR1_HUMAN
ENSP00000309439	P17482	HXB9_HUMAN
ENSP00000307292	Q969G5	CAVN3_HUMAN
ENSP00000417898	P09466	PAEP_HUMAN
ENSP00000342931	P28069	PIT1_HUMAN
ENSP00000493297	Q6IF99	O10K2_HUMAN
ENSP00000264674	Q03112	MECOM_HUMAN
ENSP00000315949	P13378	HXD8_HUMAN
ENSP00000357917	Q13015	AF1Q_HUMAN
ENSP00000355001	P20264	PO3F3_HUMAN
ENSP00000339477	O75144	ICOSL_HUMAN
ENSP00000347197	P21730	C5AR1_HUMAN
ENSP00000225844	Q99616	CCL13_HUMAN
ENSP00000347896	Q96DN6	MBD6_HUMAN
ENSP00000228534	Q9NPF7	IL23A_HUMAN
ENSP00000274276	Q99650	OSMR_HUMAN
ENSP00000438038	P26715	NKG2A_HUMAN
ENSP00000302924	Q8TAD2	IL17D_HUMAN
ENSP00000362095	O60687	SRPX2_HUMAN
ENSP00000330825	P13164	IFM1_HUMAN
ENSP00000262629	O43914	TYOBP_HUMAN
ENSP00000480558	P16619	CL3L1_HUMAN
ENSP00000308716	P55103	INHBC_HUMAN
ENSP00000356713	P15260	INGR1_HUMAN
ENSP00000380855	Q9BQ51	PD1L2_HUMAN
ENSP00000359339	Q8N884	CGAS_HUMAN
ENSP00000354416	Q9NRJ3	CCL28_HUMAN
ENSP00000359490	Q96PP9	GBP4_HUMAN
ENSP00000353854	Q6ZRI6	CO039_HUMAN
ENSP00000302569	Q9BXN2	CLC7A_HUMAN
ENSP00000375086	O15444	CCL25_HUMAN
ENSP00000395294	P32970	CD70_HUMAN
ENSP00000351497	P31994	FCG2B_HUMAN
ENSP00000358529	O60636	TSN2_HUMAN
ENSP00000364114	Q30154	DRB5_HUMAN
ENSP00000302234	P51671	CCL11_HUMAN
ENSP00000496848	P13765	DOB_HUMAN
ENSP00000307959	F6QMI7	F6QMI7_HUMAN
ENSP00000320084	Q5ZPR3	CD276_HUMAN
ENSP00000281834	P23510	TNFL4_HUMAN
ENSP00000297350	O00300	TR11B_HUMAN
ENSP00000357012	Q9BZW8	CD244_HUMAN
ENSP00000313419	P15391	CD19_HUMAN
ENSP00000393566	P20036	DPA1_HUMAN
ENSP00000365817	P13747	HLAE_HUMAN
ENSP00000244241	Q9P0M4	IL17C_HUMAN
ENSP00000343505	O75888	TNF13_HUMAN
ENSP00000380008	Q15722	LT4R1_HUMAN
ENSP00000262262	P20138	CD33_HUMAN
ENSP00000278927	Q96AP7	ESAM_HUMAN
ENSP00000270139	P17181	INAR1_HUMAN
ENSP00000339917	Q9HBM6	TAF9B_HUMAN
ENSP00000293825	O43508	TNF12_HUMAN
ENSP00000246657	P32248	CCR7_HUMAN
ENSP00000328472	Q9H228	S1PR5_HUMAN
ENSP00000479955	P55774	CCL18_HUMAN
ENSP00000085219	P20273	CD22_HUMAN
ENSP00000336762	P03950	ANGI_HUMAN
ENSP00000314897	O15123	ANGP2_HUMAN
ENSP00000306565	Q96AZ6	ISG20_HUMAN
ENSP00000363157	O95150	TNF15_HUMAN
ENSP00000436423	B4E3H9	B4E3H9_HUMAN
ENSP00000378118	P80075	CCL8_HUMAN
ENSP00000291890	O76036	NCTR1_HUMAN
ENSP00000291890	A0A0A0MQZ0	A0A0A0MQZ0_HUMAN
ENSP00000299855	P08254	MMP3_HUMAN
ENSP00000307684	O75528	TADA3_HUMAN
ENSP00000215637	Q13477	MADCA_HUMAN
ENSP00000436607	P35318	ADML_HUMAN
ENSP00000358886	Q5T6C5	AT7L2_HUMAN
ENSP00000286758	O43927	CXL13_HUMAN
ENSP00000360623	Q13415	ORC1_HUMAN
ENSP00000354782	P20963	CD3Z_HUMAN
ENSP00000259213	Q9NZH7	IL36B_HUMAN
ENSP00000264563	P20809	IL11_HUMAN
ENSP00000378365	Q9Y258	CCL26_HUMAN
ENSP00000219244	Q92583	CCL17_HUMAN
ENSP00000370698	P40189	IL6RB_HUMAN
ENSP00000226279	P28907	CD38_HUMAN
ENSP00000296028	P02775	CXCL7_HUMAN
ENSP00000366234	Q6EBC2	IL31_HUMAN
ENSP00000361359	P25942	TNR5_HUMAN
ENSP00000309338	Q9UBD9	CLCF1_HUMAN
ENSP00000342215	P43628	KI2L3_HUMAN
ENSP00000328111	Q9H293	IL25_HUMAN
ENSP00000431775	P24001	IL32_HUMAN
ENSP00000364183	Q9Y4H4	GPSM3_HUMAN
ENSP00000348982	O75095	MEGF6_HUMAN
ENSP00000296870	P08700	IL3_HUMAN
ENSP00000240618	P26718	NKG2D_HUMAN
ENSP00000264001	Q9UBR5	CKLF_HUMAN
ENSP00000358470	Q7Z7D3	VTCN1_HUMAN
ENSP00000497305	A0A3B3ISG8	A0A3B3ISG8_HUMAN
ENSP00000328818	Q9UNW8	GP132_HUMAN
ENSP00000378786	P01903	DRA_HUMAN
ENSP00000329797	Q9BY67	CADM1_HUMAN
ENSP00000366024	Q5RJ85	Q5RJ85_HUMAN
ENSP00000308925	Q9BXR5	TLR10_HUMAN
ENSP00000349967	O00421	CCRL2_HUMAN
ENSP00000479097	Q16627	CCL14_HUMAN
ENSP00000363770	P02747	C1QC_HUMAN
ENSP00000368538	P43489	TNR4_HUMAN
ENSP00000356030	B1AP13	B1AP13_HUMAN
ENSP00000418037	Q13568	IRF5_HUMAN
ENSP00000371364	Q8N614	TM156_HUMAN
ENSP00000259211	Q9UHA7	IL36A_HUMAN
ENSP00000227752	Q13651	I10R1_HUMAN
ENSP00000375608	P43629	KI3L1_HUMAN
ENSP00000293761	P16050	LOX15_HUMAN
ENSP00000369293	P01589	IL2RA_HUMAN
ENSP00000386306	Q15858	SCN9A_HUMAN
ENSP00000448165	O14727	APAF_HUMAN
ENSP00000362181	O95944	NCTR2_HUMAN
ENSP00000320180	Q02643	GHRHR_HUMAN
ENSP00000296861	O75509	TNR21_HUMAN
ENSP00000228463	Q14242	SELPL_HUMAN
ENSP00000418647	A0A0C4DH65	A0A0C4DH65_HUMAN
ENSP00000324890	P10747	CD28_HUMAN
ENSP00000342385	O14684	PTGES_HUMAN
ENSP00000496577	O15524	SOCS1_HUMAN
ENSP00000483330	Q8NHW4	CC4L_HUMAN
ENSP00000263798	Q06418	TYRO3_HUMAN
ENSP00000481357	P55773	CCL23_HUMAN
ENSP00000357097	P12319	FCERA_HUMAN
ENSP00000160262	P32942	ICAM3_HUMAN
ENSP00000501245	P15813	CD1D_HUMAN
ENSP00000295900	O15265	ATX7_HUMAN
ENSP00000215781	P13725	ONCM_HUMAN
ENSP00000265164	P55212	CASP6_HUMAN
ENSP00000455215	Q9Y653	AGRG1_HUMAN
ENSP00000363318	P31785	IL2RG_HUMAN
ENSP00000405453	B4DDJ5	B4DDJ5_HUMAN
ENSP00000241261	P50591	TNF10_HUMAN
ENSP00000320936	Q96F46	I17RA_HUMAN
ENSP00000354612	P23219	PGH1_HUMAN
ENSP00000375795	Q13007	IL24_HUMAN
ENSP00000228928	Q9Y6K5	OAS3_HUMAN
ENSP00000323280	P30203	CD6_HUMAN
ENSP00000485010	A0A087X2I7	A0A087X2I7_HUMAN
ENSP00000252590	Q9BX97	PLVAP_HUMAN
ENSP00000263314	P56373	P2RX3_HUMAN
ENSP00000358495	O75054	IGSF3_HUMAN
ENSP00000419085	Q495A1	TIGIT_HUMAN
ENSP00000356224	Q8NF91	SYNE1_HUMAN
ENSP00000410759	Q9ULK2	AT7L1_HUMAN
ENSP00000203629	P18627	LAG3_HUMAN
ENSP00000358165	P12314	FCGR1_HUMAN
ENSP00000343957	P48551	INAR2_HUMAN
ENSP00000266551	Q96E93	KLRG1_HUMAN
ENSP00000312326	Q16853	AOC3_HUMAN
ENSP00000259212	Q9UBH0	I36RA_HUMAN
ENSP00000318916	Q9UEW3	MARCO_HUMAN
ENSP00000367668	Q495T6	MMEL1_HUMAN
ENSP00000310585	Q8IVA1	PCP2_HUMAN
ENSP00000315768	P52630	STAT2_HUMAN
ENSP00000474720	Q6P1M9	ARMX5_HUMAN
ENSP00000319476	Q9Y6W8	ICOS_HUMAN
ENSP00000263974	Q16514	TAF12_HUMAN
ENSP00000357149	P15812	CD1E_HUMAN
ENSP00000299424	Q12962	TAF10_HUMAN
ENSP00000356793	Q9UBD3	XCL2_HUMAN
ENSP00000252229	Q29980	MICB_HUMAN
ENSP00000305416	P21453	S1PR1_HUMAN
ENSP00000259631	Q9Y4X3	CCL27_HUMAN
ENSP00000415283	P13598	ICAM2_HUMAN
ENSP00000228918	P36941	TNR3_HUMAN
ENSP00000265843	Q8NEV8	EXPH5_HUMAN
ENSP00000454623	H3BN02	H3BN02_HUMAN
ENSP00000273853	Q03188	CENPC_HUMAN
ENSP00000331831	Q14393	GAS6_HUMAN
ENSP00000264072	P06734	FCER2_HUMAN
ENSP00000307259	Q9H244	P2Y12_HUMAN
ENSP00000359663	P29965	CD40L_HUMAN
ENSP00000469049	O43557	TNF14_HUMAN
ENSP00000263087	P38570	ITAE_HUMAN
ENSP00000335062	Q15116	PDCD1_HUMAN
ENSP00000333639	Q8IZJ0	IFNL2_HUMAN
ENSP00000419446	Q13443	ADAM9_HUMAN
ENSP00000332504	P46092	CCR10_HUMAN
ENSP00000434717	G3V1C5	G3V1C5_HUMAN
ENSP00000262178	P41587	VIPR2_HUMAN
ENSP00000229402	Q12918	KLRB1_HUMAN
ENSP00000351059	P49238	CX3C1_HUMAN
ENSP00000354566	P07766	CD3E_HUMAN
ENSP00000315477	Q9NNX6	CD209_HUMAN
ENSP00000351591	Q9NZ94	NLGN3_HUMAN
ENSP00000359497	P32456	GBP2_HUMAN
ENSP00000295927	P26022	PTX3_HUMAN
ENSP00000380958	P02686	MBP_HUMAN
ENSP00000249887	Q9NPB9	ACKR4_HUMAN
ENSP00000392500	Q8N2Q7	NLGN1_HUMAN
ENSP00000396330	Q5SR05	Q5SR05_HUMAN
ENSP00000329932	Q6DKI2	LEG9C_HUMAN
ENSP00000395704	O00574	CXCR6_HUMAN
ENSP00000420384	O76096	CYTF_HUMAN
ENSP00000441600	P51677	CCR3_HUMAN
ENSP00000329991	Q8IU54	IFNL1_HUMAN
ENSP00000263932	P28908	TNR8_HUMAN
ENSP00000311035	Q8TD46	MO2R1_HUMAN
ENSP00000315997	A0A087WSV6	A0A087WSV6_HUMAN
ENSP00000228434	Q07108	CD69_HUMAN
ENSP00000497102	P16410	CTLA4_HUMAN
ENSP00000332659	P51679	CCR4_HUMAN
ENSP00000337478	Q8IVW1	AL17A_HUMAN
ENSP00000245817	P41273	TNFL9_HUMAN
ENSP00000294168	Q9Y6J9	TAF6L_HUMAN
ENSP00000246006	Q9NPY3	C1QR1_HUMAN
ENSP00000263326	Q9NZH6	IL37_HUMAN
ENSP00000341637	Q68D85	NR3L1_HUMAN
ENSP00000270233	P50895	BCAM_HUMAN
ENSP00000312946	Q9NY15	STAB1_HUMAN
ENSP00000358294	O95971	BY55_HUMAN
ENSP00000367832	P80098	CCL7_HUMAN
ENSP00000420298	P41217	OX2G_HUMAN
ENSP00000258400	P41595	5HT2B_HUMAN
ENSP00000449716	Q99788	CML1_HUMAN
ENSP00000296140	P32246	CCR1_HUMAN
ENSP00000379092	P35070	BTC_HUMAN
ENSP00000494504	P40225	TPO_HUMAN
ENSP00000412897	P05014	IFNA4_HUMAN
ENSP00000244709	Q9NP99	TREM1_HUMAN
ENSP00000472467	Q6UXB2	CXL17_HUMAN
ENSP00000255409	P36222	CH3L1_HUMAN
ENSP00000327599	Q6UXB4	CLC4G_HUMAN
ENSP00000384126	Q14392	LRC32_HUMAN
ENSP00000362991	Q9H6D3	XKR8_HUMAN
ENSP00000313875	P15529	MCP_HUMAN
ENSP00000410481	Q06643	TNFC_HUMAN
ENSP00000362795	P49682	CXCR3_HUMAN
ENSP00000326737	Q9NP84	TNR12_HUMAN
ENSP00000263071	Q14162	SREC_HUMAN
ENSP00000480012	P29274	AA2AR_HUMAN
ENSP00000376553	Q4V9L6	TM119_HUMAN
ENSP00000310405	P46094	XCR1_HUMAN
ENSP00000337432	Q96PD4	IL17F_HUMAN
ENSP00000296102	O75394	RM33_HUMAN
ENSP00000385470	Q9UNG2	TNF18_HUMAN
ENSP00000498227	P14151	LYAM1_HUMAN
ENSP00000370483	Q8N0W4	NLGNX_HUMAN
ENSP00000296029	P02776	PLF4_HUMAN
ENSP00000457492	Q86XT9	TM219_HUMAN
ENSP00000436126	P0DJI9	SAA2_HUMAN
ENSP00000322273	Q9NRN5	OLFL3_HUMAN
ENSP00000403495	P01374	TNFB_HUMAN
ENSP00000412361	Q96RL6	SIG11_HUMAN
ENSP00000216223	P14784	IL2RB_HUMAN
ENSP00000200453	O75807	PR15A_HUMAN
ENSP00000371425	E7EUY1	E7EUY1_HUMAN
ENSP00000333919	Q7Z6A9	BTLA_HUMAN
ENSP00000471493	P21462	FPR1_HUMAN
ENSP00000231228	P29460	IL12B_HUMAN
ENSP00000407546	P36544	ACHA7_HUMAN
ENSP00000243347	P98066	TSG6_HUMAN
ENSP00000274532	Q96H15	TIMD4_HUMAN
ENSP00000326432	P51685	CCR8_HUMAN
ENSP00000380421	A0A0A0MS77	A0A0A0MS77_HUMAN
ENSP00000497915	Q9HBE4	IL21_HUMAN
ENSP00000177694	Q9UL17	TBX21_HUMAN
ENSP00000272928	P25106	ACKR3_HUMAN
ENSP00000305988	Q13740	CD166_HUMAN
ENSP00000411940	P01571	IFN17_HUMAN
ENSP00000343490	Q6UWM7	LCTL_HUMAN
ENSP00000322180	Q9BVC3	DCC1_HUMAN
ENSP00000367384	Q9UPC5	GPR34_HUMAN
ENSP00000390600	Q9Y5Y9	SCNAA_HUMAN
ENSP00000226317	P80162	CXCL6_HUMAN
ENSP00000222271	P49747	COMP_HUMAN
ENSP00000418009	Q99969	RARR2_HUMAN
ENSP00000320376	Q9BPV8	P2Y13_HUMAN
ENSP00000261796	Q9UHF5	IL17B_HUMAN
ENSP00000356792	P47992	XCL1_HUMAN
ENSP00000342278	P29728	OAS2_HUMAN
ENSP00000225842	P22362	CCL1_HUMAN
ENSP00000339621	P62502	LCN6_HUMAN
ENSP00000356842	Q99795	GPA33_HUMAN
ENSP00000297512	Q9UHC3	ASIC3_HUMAN
ENSP00000482259	P13236	CCL4_HUMAN
ENSP00000266646	P58166	INHBE_HUMAN
ENSP00000400533	O00175	CCL24_HUMAN
ENSP00000399982	P49848	TAF6_HUMAN
ENSP00000377783	P07225	PROS_HUMAN
ENSP00000292174	P32302	CXCR5_HUMAN
ENSP00000340510	O60437	PEPL_HUMAN
ENSP00000484431	A0A087X1S7	A0A087X1S7_HUMAN
ENSP00000216968	Q9UNN8	EPCR_HUMAN
ENSP00000301057	Q8NBR0	P5I13_HUMAN
ENSP00000361569	Q5T953	IER5L_HUMAN
ENSP00000306884	O14625	CXL11_HUMAN
ENSP00000262407	P08514	ITA2B_HUMAN
ENSP00000338130	Q13241	KLRD1_HUMAN
ENSP00000376177	Q16602	CALRL_HUMAN
ENSP00000343952	P51684	CCR6_HUMAN
ENSP00000369566	P01566	IFN10_HUMAN
ENSP00000271450	P12318	FCG2A_HUMAN
ENSP00000223795	P32971	TNFL8_HUMAN
ENSP00000235310	Q9UI95	MD2L2_HUMAN
ENSP00000498852	P16150	LEUK_HUMAN
ENSP00000342156	O14931	NCTR3_HUMAN
ENSP00000360133	Q13352	CENPR_HUMAN
ENSP00000296444	Q8N114	SHSA5_HUMAN
ENSP00000363976	P28067	DMA_HUMAN
ENSP00000354901	Q07325	CXCL9_HUMAN
ENSP00000442658	P25105	PTAFR_HUMAN
ENSP00000404833	O15533	TPSN_HUMAN
ENSP00000404833	A0A0A0MSV9	A0A0A0MSV9_HUMAN
ENSP00000418525	P08473	NEP_HUMAN
ENSP00000302935	A0A8C8KBU6	A0A8C8KBU6_HUMAN
ENSP00000384906	P0DJI8	SAA1_HUMAN
ENSP00000369554	P01563	IFNA2_HUMAN
ENSP00000337065	O95715	CXL14_HUMAN
ENSP00000454380	Q9BQD7	ANKMT_HUMAN
ENSP00000358513	P21554	CNR1_HUMAN
ENSP00000293778	Q9H2A7	CXL16_HUMAN
ENSP00000283285	P40200	TACT_HUMAN
ENSP00000368814	Q8IZ96	CKLF1_HUMAN
ENSP00000388620	O95936	EOMES_HUMAN
ENSP00000334145	P13726	TF_HUMAN
ENSP00000268595	Q8TAZ6	CKLF2_HUMAN
ENSP00000357470	P08887	IL6RA_HUMAN
ENSP00000226524	P10720	PF4V_HUMAN
ENSP00000219235	O00626	CCL22_HUMAN
ENSP00000265598	Q9UQV4	LAMP3_HUMAN
ENSP00000478024	O15467	CCL16_HUMAN
ENSP00000378176	Q8NHU3	SMS2_HUMAN
ENSP00000499459	Q9UHD0	IL19_HUMAN
ENSP00000266557	P26842	CD27_HUMAN
ENSP00000376397	A8K4G0	CLM7_HUMAN
ENSP00000221455	Q8N2M8	CLASR_HUMAN
ENSP00000270257	Q9H840	GEMI7_HUMAN
ENSP00000321976	A0A7N4I390	A0A7N4I390_HUMAN
ENSP00000306561	O15527	OGG1_HUMAN
ENSP00000262126	Q6UB98	ANR12_HUMAN
ENSP00000354917	G3XAE9	G3XAE9_HUMAN
ENSP00000393840	Q6QNY0	BL1S3_HUMAN
ENSP00000281282	Q0VF96	CGNL1_HUMAN
ENSP00000386022	Q8N5U1	M4A15_HUMAN
ENSP00000260447	P30047	GFRP_HUMAN
ENSP00000376390	A0A9H3ZVF6	A0A9H3ZVF6_HUMAN
ENSP00000309429	Q6UX98	ZDH24_HUMAN
ENSP00000440765	Q96S19	MTL26_HUMAN
ENSP00000318960	Q9NQQ7	S35H1_HUMAN
ENSP00000324741	Q8WVR3	TPC14_HUMAN
ENSP00000400878	Q14588	ZN234_HUMAN
ENSP00000350418	A6NK75	ZNF98_HUMAN
ENSP00000454945	Q9BSN7	TM204_HUMAN
ENSP00000479919	A0A087WW40	A0A087WW40_HUMAN
ENSP00000360167	Q5VU92	DC121_HUMAN
ENSP00000358880	Q86WK6	AMGO1_HUMAN
ENSP00000441980	Q9Y6K0	CEPT1_HUMAN
ENSP00000221665	Q96SL8	FIZ1_HUMAN
ENSP00000478557	Q6DD87	ZN787_HUMAN
ENSP00000306522	Q9Y6Y1	CMTA1_HUMAN
ENSP00000366098	O95070	YIF1A_HUMAN
ENSP00000248248	Q7L1V2	MON1B_HUMAN
ENSP00000355114	Q5T6F0	DCA12_HUMAN
ENSP00000233615	Q96G27	WBP1_HUMAN
ENSP00000463154	Q9BTT0	AN32E_HUMAN
ENSP00000290536	Q8TC57	M1AP_HUMAN
ENSP00000291577	P0DPI2	GAL3A_HUMAN
ENSP00000352510	O15040	TCPR2_HUMAN
ENSP00000385852	Q9C0A6	SETD5_HUMAN
ENSP00000303992	Q9BTV4	TMM43_HUMAN
ENSP00000365477	Q567U6	CCD93_HUMAN
ENSP00000475814	Q6FI13	H2A2A_HUMAN
ENSP00000346981	Q6UWW9	TM207_HUMAN
ENSP00000497230	Q7L5Y1	ENOF1_HUMAN
ENSP00000297001	A4D263	SMIP7_HUMAN
ENSP00000221480	Q96HA9	PX11C_HUMAN
ENSP00000285021	Q01831	XPC_HUMAN
ENSP00000310829	A0A8J8YUN0	A0A8J8YUN0_HUMAN
ENSP00000301917	O00155	GPR25_HUMAN
ENSP00000229266	Q8WUD6	CHPT1_HUMAN
ENSP00000357835	Q9H008	LHPP_HUMAN
ENSP00000342374	P62316	SMD2_HUMAN
ENSP00000238831	Q9BSR8	YIPF4_HUMAN
ENSP00000457718	H3BUN2	H3BUN2_HUMAN
ENSP00000354218	Q8WUF5	IASPP_HUMAN
ENSP00000266594	O95626	AN32D_HUMAN
ENSP00000395587	A4FU28	CTGE9_HUMAN
ENSP00000379290	O75363	BCAS1_HUMAN
ENSP00000215570	Q9Y5L4	TIM13_HUMAN
ENSP00000378056	O60658	PDE8A_HUMAN
ENSP00000342019	O75820	ZN189_HUMAN
ENSP00000298130	Q969W0	SPTSA_HUMAN
ENSP00000299886	Q8WTW3	COG1_HUMAN
ENSP00000384887	Q7Z692	CEA19_HUMAN
ENSP00000289373	P0CG34	TB15A_HUMAN
ENSP00000356301	B1ALM5	B1ALM5_HUMAN
ENSP00000243501	Q9BZM1	PG12A_HUMAN
ENSP00000336994	O96005	CLPT1_HUMAN
ENSP00000290079	Q96I45	TM141_HUMAN
ENSP00000327468	Q8IXV7	KLD8B_HUMAN
ENSP00000273480	Q9UBF6	RBX2_HUMAN
ENSP00000298396	Q99909	SSX3_HUMAN
ENSP00000221462	O75864	PPR37_HUMAN
ENSP00000477639	Q9UJ70	NAGK_HUMAN
ENSP00000417289	P0CG41	CTGE8_HUMAN
ENSP00000487164	Q8N3P4	VPS8_HUMAN
ENSP00000442573	Q96K58	ZN668_HUMAN
ENSP00000406037	Q9H7Z6	KAT8_HUMAN
ENSP00000360727	Q3YEC7	RABL6_HUMAN
ENSP00000454500	H3BMQ9	H3BMQ9_HUMAN
ENSP00000273590	P57738	TCTA_HUMAN
ENSP00000474388	Q86UF2	CTGE6_HUMAN
ENSP00000228865	O60519	CRBL2_HUMAN
ENSP00000455771	P0CG35	TB15B_HUMAN
ENSP00000230431	O43598	DNPH1_HUMAN
ENSP00000445622	Q9H765	ASB8_HUMAN
ENSP00000320869	Q8WV44	TRI41_HUMAN
ENSP00000346954	Q6UW68	TM205_HUMAN
ENSP00000302770	Q8WUU4	ZN296_HUMAN
ENSP00000298573	Q9BY84	DUS16_HUMAN
ENSP00000359382	Q8IV76	PASD1_HUMAN
ENSP00000262424	Q9H0B8	CRLD2_HUMAN
ENSP00000245812	Q9BT30	ALKB7_HUMAN
ENSP00000306564	Q69YG0	TMM42_HUMAN
ENSP00000268281	Q5K4E3	POLS2_HUMAN
ENSP00000305810	Q9P2W9	STX18_HUMAN
ENSP00000362308	O75368	SH3L1_HUMAN
ENSP00000491014	Q96PC5	MIA2_HUMAN
ENSP00000220509	Q9P253	VPS18_HUMAN
ENSP00000389745	F5H1Q2	F5H1Q2_HUMAN
ENSP00000353128	Q5VW00	DC122_HUMAN
ENSP00000332513	A0A804CBI3	A0A804CBI3_HUMAN
ENSP00000298097	Q7Z6M2	FBX33_HUMAN
ENSP00000346560	Q4L180	FIL1L_HUMAN
ENSP00000380024	Q9UNL4	ING4_HUMAN
ENSP00000273062	Q9GZU7	CTDS1_HUMAN
ENSP00000368876	Q6ZUX3	TGRM2_HUMAN
ENSP00000391524	Q8NEG7	DEN6B_HUMAN
ENSP00000438205	Q9H8J5	MANS1_HUMAN
ENSP00000331626	Q63HK3	ZKSC2_HUMAN
ENSP00000315775	J3KNI1	J3KNI1_HUMAN
ENSP00000472749	P0DX04	TB15C_HUMAN
ENSP00000474204	A4D2H0	CTGEF_HUMAN
ENSP00000312615	Q9H6X4	TM134_HUMAN
ENSP00000304903	O95400	CD2B2_HUMAN
ENSP00000310182	Q8N8J7	F241A_HUMAN
ENSP00000285243	Q6AI12	ANR40_HUMAN
ENSP00000306670	Q9BRJ7	TIRR_HUMAN
ENSP00000387180	J3KQ48	J3KQ48_HUMAN
ENSP00000351475	Q96RG2	PASK_HUMAN
ENSP00000433157	A8MTZ0	BBIP1_HUMAN
ENSP00000480428	O60512	B4GT3_HUMAN
ENSP00000434849	Q50LG9	LRC24_HUMAN
ENSP00000417864	P39687	AN32A_HUMAN
ENSP00000350386	P24386	RAE1_HUMAN
ENSP00000006526	Q9H977	WDR54_HUMAN
ENSP00000328079	Q7Z5U6	WDR53_HUMAN
ENSP00000402301	Q86VI4	LAP4B_HUMAN
ENSP00000280665	Q8IZD4	DCP1B_HUMAN
ENSP00000332062	Q7Z614	SNX20_HUMAN
ENSP00000299191	Q8WTQ4	CP078_HUMAN
ENSP00000416330	Q15582	BGH3_HUMAN
ENSP00000246117	Q969V3	NCLN_HUMAN
ENSP00000349052	Q8WVF1	OSCP1_HUMAN
ENSP00000311977	Q96G46	DUS3L_HUMAN
ENSP00000357036	Q96DU3	SLAF6_HUMAN
ENSP00000303070	O95968	SG1D1_HUMAN
ENSP00000290418	Q17RM4	CC142_HUMAN
ENSP00000311899	Q8N136	DAW1_HUMAN
ENSP00000360231	Q12857	NFIA_HUMAN
ENSP00000499168	J3KNC9	J3KNC9_HUMAN
ENSP00000233623	Q49AM3	TTC31_HUMAN
ENSP00000482063	P35227	PCGF2_HUMAN
ENSP00000264265	Q9BS40	LXN_HUMAN
ENSP00000324323	Q8WW35	DYT2B_HUMAN
ENSP00000362094	Q9H1H1	GTSFL_HUMAN
ENSP00000414147	Q8N0X7	SPART_HUMAN
ENSP00000233630	Q9BSM1	PCGF1_HUMAN
ENSP00000364240	Q96LJ8	UBX10_HUMAN
ENSP00000349238	A6NC98	CC88B_HUMAN
ENSP00000398454	F8WBI6	GOG8N_HUMAN
ENSP00000273395	Q9BWV1	BOC_HUMAN
ENSP00000448419	Q9H2S9	IKZF4_HUMAN
ENSP00000428976	O75365	TP4A3_HUMAN
ENSP00000499067	Q9Y262	EIF3L_HUMAN
ENSP00000355121	Q6GPH6	IPIL1_HUMAN
ENSP00000323217	I6L899	GOG8R_HUMAN
ENSP00000330523	Q96CG8	CTHR1_HUMAN
ENSP00000297788	Q96JN2	CC136_HUMAN
ENSP00000220058	Q96DP5	FMT_HUMAN
ENSP00000342699	Q96G28	CFA36_HUMAN
ENSP00000364126	Q9UBZ4	APEX2_HUMAN
ENSP00000259486	Q13822	ENPP2_HUMAN
ENSP00000455826	H3BQL2	GOG8T_HUMAN
ENSP00000360764	Q9UHF1	EGFL7_HUMAN
ENSP00000332389	Q6PL45	BRID5_HUMAN
ENSP00000366789	Q6XYB7	LBX2_HUMAN
ENSP00000402537	Q9NXD2	MTMRA_HUMAN
ENSP00000294409	Q9Y692	GMEB1_HUMAN
ENSP00000432845	A1L020	MEX3A_HUMAN
ENSP00000253812	Q9Y5H0	PCDG3_HUMAN
ENSP00000456566	Q2KHN1	RN151_HUMAN
ENSP00000456894	P0CJ92	GOG8H_HUMAN
ENSP00000425864	Q96FH0	BORC8_HUMAN
ENSP00000384621	Q8TE96	DQX1_HUMAN
ENSP00000264094	P58215	LOXL3_HUMAN
ENSP00000457206	Q6PJ21	SPSB3_HUMAN
ENSP00000365253	Q5VT99	LRC38_HUMAN
ENSP00000318690	P16383	GCFC2_HUMAN
ENSP00000278780	Q9BRP0	OVOL2_HUMAN
ENSP00000369674	Q8WUZ0	BCL7C_HUMAN
ENSP00000323927	Q8IUK5	PLDX1_HUMAN
ENSP00000316675	Q6DKI7	PVRIG_HUMAN
ENSP00000233638	O43763	TLX2_HUMAN
ENSP00000221978	Q16617	NKG7_HUMAN
ENSP00000326200	O95625	ZBT11_HUMAN
ENSP00000498589	Q14584	ZN266_HUMAN
ENSP00000405635	Q8N9A8	NEPR1_HUMAN
ENSP00000365757	P48426	PI42A_HUMAN
ENSP00000361186	Q96S44	PRPK_HUMAN
ENSP00000457904	H3BV12	GOG8Q_HUMAN
ENSP00000296003	Q8NCE2	MTMRE_HUMAN
ENSP00000351100	Q9H6Y2	WDR55_HUMAN
ENSP00000480549	Q9UKI2	BORG2_HUMAN
ENSP00000327487	Q7Z6J9	SEN54_HUMAN
ENSP00000273347	Q969Y0	NXPE3_HUMAN
ENSP00000371051	O43149	ZZEF1_HUMAN
ENSP00000266529	Q8TBF4	ZCRB1_HUMAN
ENSP00000272430	Q9BST9	RTKN_HUMAN
ENSP00000308727	O60279	SUSD5_HUMAN
ENSP00000445868	Q4VC05	BCL7A_HUMAN
ENSP00000222032	Q9BYD5	CNFN_HUMAN
ENSP00000352821	Q8IZN3	ZDH14_HUMAN
ENSP00000006658	Q8TB22	SPT20_HUMAN
ENSP00000370215	Q6NXP6	NXRD1_HUMAN
ENSP00000359361	Q9NXZ2	DDX43_HUMAN
ENSP00000261441	Q5VWQ0	RSBN1_HUMAN
ENSP00000358033	Q86YH6	DLP1_HUMAN
ENSP00000450584	Q6IPR1	ETFR1_HUMAN
ENSP00000206474	Q9H6D7	HAUS4_HUMAN
ENSP00000348772	O00562	PITM1_HUMAN
ENSP00000472847	Q9NP81	SYSM_HUMAN
ENSP00000356912	Q5T0L3	SPT46_HUMAN
ENSP00000269601	P83876	TXN4A_HUMAN
ENSP00000425421	Q86VE3	SATL1_HUMAN
ENSP00000370377	Q5JRX3	PREP_HUMAN
ENSP00000320346	Q9HB65	ELL3_HUMAN
ENSP00000441405	Q8N3J9	ZN664_HUMAN
ENSP00000299415	A6NF36	CC182_HUMAN
ENSP00000446093	Q9BSJ2	GCP2_HUMAN
ENSP00000272091	Q6IQ49	SDE2_HUMAN
ENSP00000335392	Q7Z6I5	SPT12_HUMAN
ENSP00000416799	Q9UM82	SPAT2_HUMAN
ENSP00000403566	Q96LM9	CT173_HUMAN
ENSP00000418593	Q969T3	SNX21_HUMAN
ENSP00000263674	Q96PE2	ARHGH_HUMAN
ENSP00000417063	Q8N4H0	SPA6L_HUMAN
ENSP00000307958	Q8N6M8	IQCF1_HUMAN
ENSP00000380112	A0A0A6YYG8	A0A0A6YYG8_HUMAN
ENSP00000344446	Q6ZV73	FGD6_HUMAN
ENSP00000353470	Q9NUD7	CT096_HUMAN
ENSP00000421405	Q96C74	ROP1L_HUMAN
ENSP00000283206	Q96K49	TM87B_HUMAN
ENSP00000388895	Q8NHX4	SPTA3_HUMAN
ENSP00000365837	Q9Y606	PUS1_HUMAN
ENSP00000273936	Q96KC9	CABS1_HUMAN
ENSP00000295213	Q8TC71	MIEAP_HUMAN
ENSP00000040663	Q9BV20	MTNA_HUMAN
ENSP00000347322	Q6UWU4	CF089_HUMAN
ENSP00000309285	Q2M329	CF184_HUMAN
ENSP00000484669	Q10570	CPSF1_HUMAN
ENSP00000295304	Q8WUX2	CHAC2_HUMAN
ENSP00000484609	P16562	CRIS2_HUMAN
ENSP00000355900	Q96L03	SPT17_HUMAN
ENSP00000344579	Q5H9T9	FSCB_HUMAN
ENSP00000325638	Q9NNZ6	PRM3_HUMAN
ENSP00000328983	Q9GZX3	CHST6_HUMAN
ENSP00000216121	Q9BPW8	NIPS1_HUMAN
ENSP00000368127	A7E2U8	CFA96_HUMAN
ENSP00000374633	A0AAA9X3B1	A0AAA9X3B1_HUMAN
ENSP00000397968	A0A8J8ZEH8	A0A8J8ZEH8_HUMAN
ENSP00000454973	Q9BY12	SCAPE_HUMAN
ENSP00000439128	Q9H503	BAFL_HUMAN
ENSP00000332576	Q969R2	OSBP2_HUMAN
ENSP00000264951	Q8IZH2	XRN1_HUMAN
ENSP00000310978	Q8IUZ5	AT2L2_HUMAN
ENSP00000292524	Q15048	LRC14_HUMAN
ENSP00000376213	Q9H0B3	IQCN_HUMAN
ENSP00000490726	Q8TES7	FBF1_HUMAN
ENSP00000483897	O75951	LYZL6_HUMAN
ENSP00000493971	A0A2R8Y4E6	A0A2R8Y4E6_HUMAN
ENSP00000366006	Q9Y5Z9	UBIA1_HUMAN
ENSP00000370546	P51689	ARSD_HUMAN
ENSP00000483386	Q9UFD9	RIM3A_HUMAN
ENSP00000365318	Q9UBC1	IKBL1_HUMAN
ENSP00000420180	Q49A88	CCD14_HUMAN
ENSP00000419665	Q04837	SSBP_HUMAN
ENSP00000268483	Q9NX01	TXN4B_HUMAN
ENSP00000341422	Q9NXG6	P4HTM_HUMAN
ENSP00000296513	Q96M93	ADAD1_HUMAN
ENSP00000401508	Q6XQN6	PNCB_HUMAN
ENSP00000379845	P80404	GABT_HUMAN
ENSP00000416558	O75426	FBX24_HUMAN
ENSP00000353868	Q9H1Q7	PED1A_HUMAN
ENSP00000378812	Q9Y6H1	CHCH2_HUMAN
ENSP00000377390	Q5H9R7	PP6R3_HUMAN
ENSP00000291744	Q15485	FCN2_HUMAN
ENSP00000500220	F5GYY5	F5GYY5_HUMAN
ENSP00000281722	Q8TBY0	RBM46_HUMAN
ENSP00000328570	Q86SX6	GLRX5_HUMAN
ENSP00000358035	Q6UY14	ATL4_HUMAN
ENSP00000184183	Q9HAT0	ROP1A_HUMAN
ENSP00000383933	Q7Z5A7	TAFA5_HUMAN
ENSP00000307513	Q9UBG0	MRC2_HUMAN
ENSP00000305899	Q4FZB7	KMT5B_HUMAN
ENSP00000283905	Q8N865	SMIP4_HUMAN
ENSP00000376010	Q969W8	ZN566_HUMAN
ENSP00000351644	Q969Y2	GTPB3_HUMAN
ENSP00000306760	Q96CN5	LRC45_HUMAN
ENSP00000345470	Q502W7	CCD38_HUMAN
ENSP00000365426	Q9BVM4	GGACT_HUMAN
ENSP00000310873	Q96H96	COQ2_HUMAN
ENSP00000284202	Q9P2X3	IMPCT_HUMAN
ENSP00000391748	Q9UKJ0	PILRB_HUMAN
ENSP00000308279	Q5VYM1	S31G1_HUMAN
ENSP00000354774	Q5W111	SPRY7_HUMAN
ENSP00000368318	Q8N0Z8	PUSL1_HUMAN
ENSP00000307971	Q9Y644	RFNG_HUMAN
ENSP00000268624	Q8NCV1	ADAD2_HUMAN
ENSP00000459580	Q8NHS9	SPT22_HUMAN
ENSP00000293261	Q96AN5	TM143_HUMAN
ENSP00000360112	Q9HCJ3	RAVR2_HUMAN
ENSP00000357986	Q9HB21	PKHA1_HUMAN
ENSP00000297164	Q8NC24	RELL2_HUMAN
ENSP00000225609	Q9Y2B2	PIGL_HUMAN
ENSP00000274432	Q9BWV2	SPAT9_HUMAN
ENSP00000301281	Q9BZV1	UBXN6_HUMAN
ENSP00000292779	Q8IYX3	CC116_HUMAN
ENSP00000305193	Q53T59	H1BP3_HUMAN
ENSP00000272732	Q0VDG4	SCRN3_HUMAN
ENSP00000361518	Q5JTD7	LRC73_HUMAN
ENSP00000340088	Q9P2T0	SPMA2_HUMAN
ENSP00000380120	Q9NYW8	RBAK_HUMAN
ENSP00000264917	O95263	PDE8B_HUMAN
ENSP00000305892	Q9BTX3	TM208_HUMAN
ENSP00000258969	O15335	CHAD_HUMAN
ENSP00000313172	Q8NE79	POPD1_HUMAN
ENSP00000386710	Q7Z3C6	ATG9A_HUMAN
ENSP00000361597	Q9BR10	SPT25_HUMAN
ENSP00000273814	P52824	DGKQ_HUMAN
ENSP00000263897	Q9NZ43	USE1_HUMAN
ENSP00000328182	Q9UBY8	CLN8_HUMAN
ENSP00000358795	O76050	NEUL1_HUMAN
ENSP00000358815	A8MQ27	NEU1B_HUMAN
ENSP00000434776	E9PNI7	E9PNI7_HUMAN
ENSP00000384376	B5MCY1	TDR15_HUMAN
ENSP00000328340	Q8IUD6	RN135_HUMAN
ENSP00000473941	A2RTY3	HEAT9_HUMAN
ENSP00000334294	Q9UL49	TCFL5_HUMAN
ENSP00000475924	Q9Y2S7	PDIP2_HUMAN
ENSP00000327533	Q86SG7	LYG2_HUMAN
ENSP00000367527	Q96SD1	DCR1C_HUMAN
ENSP00000376142	P49441	INPP_HUMAN
ENSP00000364467	Q7Z4W2	LYZL2_HUMAN
ENSP00000367319	Q5MNV8	FBX47_HUMAN
ENSP00000468723	A0A140TA86	A0A140TA86_HUMAN
ENSP00000287748	Q96KX0	LYZL4_HUMAN
ENSP00000327234	Q8N6Q1	TMC5A_HUMAN
ENSP00000329880	Q9C0D0	PHAR1_HUMAN
ENSP00000409879	Q96B96	LDAF1_HUMAN
ENSP00000276594	Q9GZV8	PRD14_HUMAN
ENSP00000432481	Q9Y3Q0	NALD2_HUMAN
ENSP00000359410	Q8IUS5	EPHX4_HUMAN
ENSP00000251269	Q9UK13	ZN221_HUMAN
ENSP00000221954	O75871	CEAM4_HUMAN
ENSP00000366984	Q6A162	K1C40_HUMAN
ENSP00000264463	Q9Y6N8	CAD10_HUMAN
ENSP00000357779	Q9UGL9	CRCT1_HUMAN
ENSP00000303153	Q8NFW1	COMA1_HUMAN
ENSP00000470123	Q8TBC5	ZSC18_HUMAN
ENSP00000353198	P10082	PYY_HUMAN
ENSP00000300961	Q96MG2	JSPR1_HUMAN
ENSP00000379531	Q6UXY8	TMC5_HUMAN
ENSP00000497784	O75342	LX12B_HUMAN
ENSP00000376268	Q92503	S14L1_HUMAN
ENSP00000338783	Q9GZS9	CHST5_HUMAN
ENSP00000302724	Q9Y5Q6	INSL5_HUMAN
ENSP00000339136	Q7Z444	RASE_HUMAN
ENSP00000332404	Q6UXZ0	TMIG1_HUMAN
ENSP00000324175	Q6ZN01	MASTR_HUMAN
ENSP00000354090	Q08ET2	SIG14_HUMAN
ENSP00000347802	Q8N283	ANR35_HUMAN
ENSP00000357776	Q9BYE3	LCE3D_HUMAN
ENSP00000371682	Q9NXF7	DCA16_HUMAN
ENSP00000364711	P20774	MIME_HUMAN
ENSP00000355385	Q96D70	R3HD4_HUMAN
ENSP00000385099	Q3KQV3	ZN792_HUMAN
ENSP00000377577	Q8ND07	BBOF1_HUMAN
ENSP00000342012	Q6E0U4	DMKN_HUMAN
ENSP00000497653	Q9UMD9	COHA1_HUMAN
ENSP00000361072	O60635	TSN1_HUMAN
ENSP00000498104	O95999	BCL10_HUMAN
ENSP00000413861	Q9Y336	SIGL9_HUMAN
ENSP00000370962	J3KPJ0	J3KPJ0_HUMAN
ENSP00000391641	Q9Y6R6	Z780B_HUMAN
ENSP00000348471	Q96HL8	SH3Y1_HUMAN
ENSP00000427882	Q7Z5J8	ANKAR_HUMAN
ENSP00000498132	O15484	CAN5_HUMAN
ENSP00000330587	P80294	MT1H_HUMAN
ENSP00000380023	Q9UGF7	O12D3_HUMAN
ENSP00000355837	A6NHC0	CAN8_HUMAN
ENSP00000343746	Q92828	COR2A_HUMAN
ENSP00000384964	Q8IU80	TMPS6_HUMAN
ENSP00000376540	Q86UP6	CUZD1_HUMAN
ENSP00000379738	A8MTB9	CEA18_HUMAN
ENSP00000342137	Q6ZVX7	FBX50_HUMAN
ENSP00000430955	Q96MT1	RN145_HUMAN
ENSP00000358617	Q9UMS5	PHTF1_HUMAN
ENSP00000396345	Q3L8U1	CHD9_HUMAN
ENSP00000463159	Q8N9M1	CS047_HUMAN
ENSP00000339823	Q86UE3	ZN546_HUMAN
ENSP00000489685	A8MXQ7	IQAK1_HUMAN
ENSP00000428780	Q96B33	CLD23_HUMAN
ENSP00000375882	Q9UJW9	SRTD3_HUMAN
ENSP00000358813	P33981	TTK_HUMAN
ENSP00000375069	Q86Y22	CONA1_HUMAN
ENSP00000399392	Q5BVD1	TTMP_HUMAN
ENSP00000413479	P12035	K2C3_HUMAN
ENSP00000256412	O15204	ADEC1_HUMAN
ENSP00000344562	Q6QEF8	CORO6_HUMAN
ENSP00000353245	Q6ZQX7	LIAT1_HUMAN
ENSP00000493900	Q9NSN8	SNTG1_HUMAN
ENSP00000263100	P04217	A1BG_HUMAN
ENSP00000295550	P12111	CO6A3_HUMAN
ENSP00000251535	P18054	LOX12_HUMAN
ENSP00000481937	Q6UY09	CEA20_HUMAN
ENSP00000464317	P11055	MYH3_HUMAN
ENSP00000271835	Q9UBG3	CRNN_HUMAN
ENSP00000258874	P49914	MTHFS_HUMAN
ENSP00000481309	Q6UWN8	ISK6_HUMAN
ENSP00000380959	Q0P5P2	CQ067_HUMAN
ENSP00000369395	Q9H756	LRC19_HUMAN
ENSP00000369853	Q9Y426	C2CD2_HUMAN
ENSP00000265029	Q9UGM5	FETUB_HUMAN
ENSP00000264651	Q2M2I5	K1C24_HUMAN
ENSP00000310832	Q9UBX1	CATF_HUMAN
ENSP00000386043	Q14766	LTBP1_HUMAN
ENSP00000466070	Q6UX82	LYPD8_HUMAN
ENSP00000346160	Q8WTR2	DUS19_HUMAN
ENSP00000349971	P40198	CEAM3_HUMAN
ENSP00000266014	Q68CQ7	GL8D1_HUMAN
ENSP00000436424	Q8NGI6	OR4DA_HUMAN
ENSP00000481114	P41439	FOLR3_HUMAN
ENSP00000312367	Q9UIB8	SLAF5_HUMAN
ENSP00000291707	Q96PQ1	SIG12_HUMAN
ENSP00000485117	A0A096LNM5	A0A096LNM5_HUMAN
ENSP00000363123	Q5TGY3	AHDC1_HUMAN
ENSP00000302855	P59817	Z280A_HUMAN
ENSP00000261861	Q9UQ03	COR2B_HUMAN
ENSP00000231512	Q8NC54	KCT2_HUMAN
ENSP00000367564	Q5BKX5	ACTMP_HUMAN
ENSP00000369530	O15296	LX15B_HUMAN
ENSP00000351632	Q96BQ1	FAM3D_HUMAN
ENSP00000368144	Q6MZQ0	PRR5L_HUMAN
ENSP00000432768	Q14008	CKAP5_HUMAN
ENSP00000386096	Q8IUG5	MY18B_HUMAN
ENSP00000299633	Q9Y3E1	HDGR3_HUMAN
ENSP00000274565	P58062	ISK7_HUMAN
ENSP00000479536	A0A087WVM2	A0A087WVM2_HUMAN
ENSP00000364627	Q6UWF7	NXPE4_HUMAN
ENSP00000332750	Q15776	ZKSC8_HUMAN
ENSP00000320077	Q8NGI4	OR4DB_HUMAN
ENSP00000389026	P54108	CRIS3_HUMAN
ENSP00000361871	Q8WWY7	WFD12_HUMAN
ENSP00000263915	Q14449	GRB14_HUMAN
ENSP00000377823	Q9ULP0	NDRG4_HUMAN
ENSP00000385247	A8MX76	CAN14_HUMAN
ENSP00000400997	O75290	Z780A_HUMAN
ENSP00000299698	A8K2U0	A2ML1_HUMAN
ENSP00000383923	Q5VXI9	LIPN_HUMAN
ENSP00000338260	Q9BPW4	APOL4_HUMAN
ENSP00000337862	O14753	OVOL1_HUMAN
ENSP00000364620	Q9ULC6	PADI1_HUMAN
ENSP00000355090	Q6P4F7	RHGBA_HUMAN
ENSP00000399797	Q9HCE1	MOV10_HUMAN
ENSP00000250693	P52961	NAR1_HUMAN
ENSP00000246891	P47710	CASA1_HUMAN
ENSP00000216085	Q9Y3P4	RHBD3_HUMAN
ENSP00000375914	Q8TEB9	RHBL4_HUMAN
ENSP00000316782	Q9H094	NBPF3_HUMAN
ENSP00000306285	J3KNE7	J3KNE7_HUMAN
ENSP00000334938	Q9BT76	UPK3B_HUMAN
ENSP00000346378	O95704	APBB3_HUMAN
ENSP00000284311	P49685	GPR15_HUMAN
ENSP00000376824	Q96BM0	I27L1_HUMAN
ENSP00000351190	P19823	ITIH2_HUMAN
ENSP00000329803	Q86SH2	ZAR1_HUMAN
ENSP00000369291	Q2VYF4	LETM2_HUMAN
ENSP00000297157	Q8TA86	RP9_HUMAN
ENSP00000318373	Q8N8E2	ZN513_HUMAN
ENSP00000499655	Q6ZSZ5	ARHGI_HUMAN
ENSP00000499655	A0A590UK10	A0A590UK10_HUMAN
ENSP00000308591	Q96A11	G3ST3_HUMAN
ENSP00000334952	Q8IWK6	AGRA3_HUMAN
ENSP00000477725	A0A8J9BYE6	A0A8J9BYE6_HUMAN
ENSP00000305653	O95202	LETM1_HUMAN
ENSP00000259963	Q9UBU6	FA8A1_HUMAN
ENSP00000385990	Q9NYY8	FAKD2_HUMAN
ENSP00000383911	Q8NBM4	UBAC2_HUMAN
ENSP00000259392	O15432	COPT2_HUMAN
ENSP00000314992	O14718	OPSX_HUMAN
ENSP00000379999	O60830	TI17B_HUMAN
ENSP00000480316	Q96RT8	GCP5_HUMAN
ENSP00000358966	Q17R60	IMPG1_HUMAN
ENSP00000468002	Q63ZY3	KANK2_HUMAN
ENSP00000264444	Q05195	MAD1_HUMAN
ENSP00000358853	Q9UJC5	SH3L2_HUMAN
ENSP00000461295	I3L4J1	I3L4J1_HUMAN
ENSP00000313601	Q6P1N0	C2D1A_HUMAN
ENSP00000363329	O15431	COPT1_HUMAN
ENSP00000376333	Q6P1M3	L2GL2_HUMAN
ENSP00000467661	Q00LT1	PRCD_HUMAN
ENSP00000379156	Q6WCQ1	MPRIP_HUMAN
ENSP00000287727	O95405	ZFYV9_HUMAN
ENSP00000442068	Q99618	CDCA3_HUMAN
ENSP00000323065	Q8TAE8	G45IP_HUMAN
ENSP00000281772	A0AUZ9	KAL1L_HUMAN
ENSP00000439402	Q5HYK9	ZN667_HUMAN
ENSP00000381237	Q8TCT9	SPP_HUMAN
ENSP00000301924	Q9UPQ4	TRI35_HUMAN
ENSP00000354032	Q96G97	BSCL2_HUMAN
ENSP00000282570	Q96IK5	GMCL1_HUMAN
ENSP00000216241	Q6NUI6	CHADL_HUMAN
ENSP00000353249	Q8NDL9	CBPC5_HUMAN
ENSP00000303490	Q96MH7	CE034_HUMAN
ENSP00000379003	O60356	NUPR1_HUMAN
ENSP00000351811	Q6P2E9	EDC4_HUMAN
ENSP00000311221	Q9HA38	ZMAT3_HUMAN
ENSP00000251241	Q8IX18	DHX40_HUMAN
ENSP00000255784	Q9H6E4	CC134_HUMAN
ENSP00000202625	O95932	TGM3L_HUMAN
ENSP00000371169	Q9Y2P8	RCL1_HUMAN
ENSP00000353516	Q7Z3T1	OR2W3_HUMAN
ENSP00000361433	Q13868	EXOS2_HUMAN
ENSP00000482119	A6NCM1	DC11L_HUMAN
ENSP00000331152	P50539	MXI1_HUMAN
ENSP00000380286	Q9BRJ6	CHOLN_HUMAN
ENSP00000334472	Q13461	FOXE3_HUMAN
ENSP00000379841	Q13227	GPS2_HUMAN
ENSP00000248600	Q9Y6J8	STYL1_HUMAN
ENSP00000406723	Q86UP8	GTD2A_HUMAN
ENSP00000312244	Q8N5Y2	MS3L1_HUMAN
ENSP00000354590	Q8WV19	SFT2A_HUMAN
ENSP00000365063	Q7L211	ABHDD_HUMAN
ENSP00000382140	Q9H069	DRC3_HUMAN
ENSP00000410216	Q8NA72	POC5_HUMAN
ENSP00000250056	Q9BSJ6	PIMRE_HUMAN
ENSP00000383366	A0A096LNH2	A0A096LNH2_HUMAN
ENSP00000439625	O94827	PKHG5_HUMAN
ENSP00000411948	Q5SSQ6	SAPC1_HUMAN
ENSP00000482674	P33778	H2B1B_HUMAN
ENSP00000253814	Q9BT67	NFIP1_HUMAN
ENSP00000393183	Q9Y4B6	DCAF1_HUMAN
ENSP00000355938	Q9Y5Y0	FLVC1_HUMAN
ENSP00000379173	J3KPT4	J3KPT4_HUMAN
ENSP00000383599	O94967	WDR47_HUMAN
ENSP00000468633	Q9BY50	SC11C_HUMAN
ENSP00000429367	A1XBS5	CBAR1_HUMAN
ENSP00000307129	Q6P047	CH074_HUMAN
ENSP00000315557	Q53QW1	TEX44_HUMAN
ENSP00000294740	Q9Y2X9	ZN281_HUMAN
ENSP00000480524	Q6EKJ0	GTD2B_HUMAN
ENSP00000491257	A6NMB9	FIGL2_HUMAN
ENSP00000488305	Q69YL0	NCAS2_HUMAN
ENSP00000361483	Q5VW38	GP107_HUMAN
ENSP00000225729	P55039	DRG2_HUMAN
ENSP00000283290	Q9NT62	ATG3_HUMAN
ENSP00000361625	Q86YN1	DOPP1_HUMAN
ENSP00000007390	Q9UJK0	TSR3_HUMAN
ENSP00000362105	Q9Y3A2	UTP11_HUMAN
ENSP00000265720	O95620	DUS4L_HUMAN
ENSP00000264758	P35611	ADDA_HUMAN
ENSP00000255174	Q9NX31	OSER1_HUMAN
ENSP00000389630	Q7Z388	D19L4_HUMAN
ENSP00000276585	Q9Y2Q9	RT28_HUMAN
ENSP00000460964	I3L448	I3L448_HUMAN
ENSP00000466514	K7EMI3	K7EMI3_HUMAN
ENSP00000497004	Q13084	RM28_HUMAN
ENSP00000198767	Q9NYV6	RRN3_HUMAN
ENSP00000329858	Q53H54	TYW2_HUMAN
ENSP00000221573	Q13487	SNPC2_HUMAN
ENSP00000336800	Q9H0H3	KLH25_HUMAN
ENSP00000474529	Q8NHY3	GA2L2_HUMAN
ENSP00000247665	Q9NRX4	PHP14_HUMAN
ENSP00000361725	Q14249	NUCG_HUMAN
ENSP00000229238	Q4U2R6	RM51_HUMAN
ENSP00000366694	Q96CX2	KCD12_HUMAN
ENSP00000355251	Q8NB15	ZN511_HUMAN
ENSP00000318128	Q9NUP1	BL1S4_HUMAN
ENSP00000221233	Q9NQT4	EXOS5_HUMAN
ENSP00000384973	B5MBW9	B5MBW9_HUMAN
ENSP00000369849	Q5VYS4	MEDAG_HUMAN
ENSP00000333666	Q9BV57	MTND_HUMAN
ENSP00000417402	Q96PZ0	PUS7_HUMAN
ENSP00000312700	Q7Z7M8	B3GN8_HUMAN
ENSP00000375053	Q969S6	TM203_HUMAN
ENSP00000425048	Q8NBA8	DTWD2_HUMAN
ENSP00000367086	O00154	BACH_HUMAN
ENSP00000248114	P55789	ALR_HUMAN
ENSP00000316598	O43824	GTPB6_HUMAN
ENSP00000304891	Q96A05	VATE2_HUMAN
ENSP00000468690	K7ESF4	K7ESF4_HUMAN
ENSP00000362948	Q9BUE0	MED18_HUMAN
ENSP00000251250	Q8N5C7	DTWD1_HUMAN
ENSP00000408058	Q5VVY1	NTM1B_HUMAN
ENSP00000299727	P47211	GALR1_HUMAN
ENSP00000226105	Q9HD47	MOG1_HUMAN
ENSP00000381133	Q08830	FGL1_HUMAN
ENSP00000323047	Q9BT17	MTG1_HUMAN
ENSP00000355899	Q9Y3B9	RRP15_HUMAN
ENSP00000380241	P36639	8ODP_HUMAN
ENSP00000343081	Q9H0K6	PUS7L_HUMAN
ENSP00000357542	H7BY64	H7BY64_HUMAN
ENSP00000217372	Q96SZ6	CK5P1_HUMAN
ENSP00000313752	O43805	SSNA1_HUMAN
ENSP00000362135	Q86U90	YRDC_HUMAN
ENSP00000337358	Q9BXW7	HDHD5_HUMAN
ENSP00000391209	O14569	C56D2_HUMAN
ENSP00000332034	Q86XN7	PRSR1_HUMAN
ENSP00000359674	Q5T681	CJ062_HUMAN
ENSP00000351380	Q96EY4	TMA16_HUMAN
ENSP00000261249	Q32P41	TRM5_HUMAN
ENSP00000372445	Q9H7H0	MET17_HUMAN
ENSP00000330918	A6NDG6	PGP_HUMAN
ENSP00000326003	Q3MIT2	PUS10_HUMAN
ENSP00000302801	Q9BVS5	TR61B_HUMAN
ENSP00000210060	P49366	DHYS_HUMAN
ENSP00000352645	Q9NV66	TYW1_HUMAN
ENSP00000361010	Q9GZR2	REXO4_HUMAN
ENSP00000397673	Q96BT7	ALKB8_HUMAN
ENSP00000402457	Q3KR37	ASTRB_HUMAN
ENSP00000343515	Q15560	TCEA2_HUMAN
ENSP00000306906	Q9P0P0	RN181_HUMAN
ENSP00000247153	P27918	PROP_HUMAN
ENSP00000291634	Q9NSI2	SLX9_HUMAN
ENSP00000422431	Q8WZ71	TM158_HUMAN
ENSP00000357384	Q9P2X0	DPM3_HUMAN
ENSP00000341874	O14730	RIOK3_HUMAN
ENSP00000365938	Q9NYU1	UGGG2_HUMAN
ENSP00000216489	Q13686	ALKB1_HUMAN
ENSP00000314407	P35219	CAH8_HUMAN
ENSP00000439467	Q16342	PDCD2_HUMAN
ENSP00000270061	Q9BWG4	SSBP4_HUMAN
ENSP00000360803	Q5SXM8	DNLZ_HUMAN
ENSP00000245983	O43555	GON2_HUMAN
ENSP00000385087	B7WNR7	B7WNR7_HUMAN
ENSP00000310117	Q96C90	PP14B_HUMAN
ENSP00000375073	Q8N6I1	EID2_HUMAN
ENSP00000260210	Q9BRD0	BUD13_HUMAN
ENSP00000260257	Q9BRP7	FDXA1_HUMAN
ENSP00000362133	Q6ZSJ8	CA122_HUMAN
ENSP00000334186	Q96DN2	VWCE_HUMAN
ENSP00000264436	P35612	ADDB_HUMAN
ENSP00000466880	Q11128	FUT5_HUMAN
ENSP00000352021	Q9UGY1	NOL12_HUMAN
ENSP00000361032	Q15527	SURF2_HUMAN
ENSP00000339495	Q8WX92	NELFB_HUMAN
ENSP00000339495	A0A5H1ZRP4	A0A5H1ZRP4_HUMAN
ENSP00000422338	Q6P4H8	ACKMT_HUMAN
ENSP00000318604	Q9H063	MAF1_HUMAN
ENSP00000274849	Q9ULW3	ABT1_HUMAN
ENSP00000222511	A4D1E9	GTPBA_HUMAN
ENSP00000253457	O43402	EMC8_HUMAN
ENSP00000423630	Q9UJT9	FBXL7_HUMAN
ENSP00000304642	Q9H6L5	RETR1_HUMAN
ENSP00000484056	Q9NUD5	ZCHC3_HUMAN
ENSP00000432695	Q9P272	TRM9B_HUMAN
ENSP00000384999	O15460	P4HA2_HUMAN
ENSP00000321856	Q96HD1	CREL1_HUMAN
ENSP00000344937	Q6ZPD9	D19L3_HUMAN
ENSP00000376258	Q969K3	RNF34_HUMAN
ENSP00000310042	Q969S3	ZN622_HUMAN
ENSP00000493467	O95424	DEXI_HUMAN
ENSP00000303515	Q6P1R4	DUS1L_HUMAN
ENSP00000292330	Q8TAP8	PPR35_HUMAN
ENSP00000305918	Q15059	BRD3_HUMAN
ENSP00000499069	Q8IW50	F219A_HUMAN
ENSP00000352420	O15165	LRAD4_HUMAN
ENSP00000383719	Q8N2K1	UB2J2_HUMAN
ENSP00000471455	Q96CT7	CC124_HUMAN
ENSP00000383938	Q6UXH1	CREL2_HUMAN
ENSP00000419005	Q68CQ4	UTP25_HUMAN
ENSP00000343497	A0A075B6F9	A0A075B6F9_HUMAN
ENSP00000329715	Q9Y295	DRG1_HUMAN
ENSP00000402653	Q9BRX9	WDR83_HUMAN
ENSP00000455229	Q9NX74	DUS2_HUMAN
ENSP00000378089	P08949	NMB_HUMAN
ENSP00000482502	Q6NUM6	TYW1B_HUMAN
ENSP00000395249	Q8NC44	RETR2_HUMAN
ENSP00000377225	Q14320	FA50A_HUMAN
ENSP00000323288	Q8IZ73	RUSD2_HUMAN
ENSP00000297873	Q8N6F8	MET27_HUMAN
ENSP00000436621	Q6P1X6	CH082_HUMAN
ENSP00000315476	Q9NPD3	EXOS4_HUMAN
ENSP00000409555	Q15011	HERP1_HUMAN
ENSP00000395738	F2Z2W7	F2Z2W7_HUMAN
ENSP00000222284	Q9BVK8	TM147_HUMAN
ENSP00000436649	F8WC89	F8WC89_HUMAN
ENSP00000307214	O60294	TYW4_HUMAN
ENSP00000501135	Q9BTM9	URM1_HUMAN
ENSP00000379392	Q9NXG2	THUM1_HUMAN
ENSP00000256398	Q9H9T3	ELP3_HUMAN
ENSP00000380559	Q96RY5	CRML_HUMAN
ENSP00000307850	Q14919	NC2A_HUMAN
ENSP00000273962	Q8TBZ6	TM10A_HUMAN
ENSP00000328854	Q9BVI4	NOC4L_HUMAN
ENSP00000403614	Q7Z7F7	RM55_HUMAN
ENSP00000248879	Q9BY27	DGC6L_HUMAN
ENSP00000386125	J3KQ26	J3KQ26_HUMAN
ENSP00000261070	Q14061	COX17_HUMAN
ENSP00000347088	O95461	LARG1_HUMAN
ENSP00000296149	Q0PNE2	ELP6_HUMAN
ENSP00000250974	Q96GS6	AB17A_HUMAN
ENSP00000361667	Q9UPQ8	DOLK_HUMAN
ENSP00000357575	Q8IYW2	CFA46_HUMAN
ENSP00000366378	O76000	OR2B3_HUMAN
ENSP00000219431	P29372	3MG_HUMAN
ENSP00000456908	H3BSW6	H3BSW6_HUMAN
ENSP00000362027	Q96GJ1	TRM2B_HUMAN
ENSP00000417291	Q9BWE0	REPI1_HUMAN
ENSP00000443113	Q8N3Z6	ZCHC7_HUMAN
ENSP00000452086	G3V4Z9	G3V4Z9_HUMAN
ENSP00000309432	Q86VR2	RETR3_HUMAN
ENSP00000335201	Q7Z5W3	BN3D2_HUMAN
ENSP00000310015	Q9BUB4	ADAT1_HUMAN
ENSP00000412302	O95983	MBD3_HUMAN
ENSP00000366135	Q01780	EXOSX_HUMAN
ENSP00000332340	Q9NUL7	DDX28_HUMAN
ENSP00000298585	Q96E35	ZMY19_HUMAN
ENSP00000483599	Q9BUD6	SPON2_HUMAN
ENSP00000359904	Q6IPR3	TYW3_HUMAN
ENSP00000246535	Q9BRP1	PDD2L_HUMAN
ENSP00000329213	O15304	SIVA_HUMAN
ENSP00000348043	Q8TCA0	LRC20_HUMAN
ENSP00000297056	Q8NCG7	DGLB_HUMAN
ENSP00000293414	Q96NS5	ASB16_HUMAN
ENSP00000322832	Q9GZN7	ROGDI_HUMAN
ENSP00000338885	O14523	C2C2L_HUMAN
ENSP00000347170	Q96FI4	NEIL1_HUMAN
ENSP00000223210	O60290	ZN862_HUMAN
ENSP00000371994	Q9P2P1	NYNRI_HUMAN
ENSP00000384347	B5MBX8	B5MBX8_HUMAN
ENSP00000320291	Q9BXW6	OSBL1_HUMAN
ENSP00000269025	Q96FV0	LRC46_HUMAN
ENSP00000438209	Q3SY56	SP6_HUMAN
ENSP00000216177	Q7Z6Z6	PLPL5_HUMAN
ENSP00000382390	Q96JN8	NEUL4_HUMAN
ENSP00000395538	O15417	TNC18_HUMAN
ENSP00000232744	Q969K4	ABTB1_HUMAN
ENSP00000209718	Q9C075	K1C23_HUMAN
ENSP00000376955	Q68D51	DEN2C_HUMAN
ENSP00000379804	Q9BXB5	OSB10_HUMAN
ENSP00000325240	Q14847	LASP1_HUMAN
ENSP00000355396	O94898	LRIG2_HUMAN
ENSP00000301712	Q9H9P5	UNKL_HUMAN
ENSP00000460437	I3L3H0	I3L3H0_HUMAN
ENSP00000300658	Q96FM1	PGAP3_HUMAN
ENSP00000338030	Q9NQZ5	STAR7_HUMAN
ENSP00000281437	Q9UMQ3	BARX2_HUMAN
ENSP00000286063	Q9HCR9	PDE11_HUMAN
ENSP00000299957	Q6P4E1	GOLM2_HUMAN
ENSP00000330838	Q96BV0	ZN775_HUMAN
ENSP00000427552	Q08345	DDR1_HUMAN
ENSP00000355877	Q5VT66	MARC1_HUMAN
ENSP00000346335	Q9H7Z3	NRDE2_HUMAN
ENSP00000463287	Q8TD94	KLF14_HUMAN
ENSP00000446880	Q9UIF9	BAZ2A_HUMAN
ENSP00000398778	Q8IUW5	RELL1_HUMAN
ENSP00000367911	A8MT33	SYC1L_HUMAN
ENSP00000485627	A8K0Z3	WASH1_HUMAN
ENSP00000499020	A0FGR8	ESYT2_HUMAN
ENSP00000382204	Q15652	JHD2C_HUMAN
ENSP00000276297	Q96QB1	RHG07_HUMAN
ENSP00000321330	P50876	R144A_HUMAN
ENSP00000304355	Q96EE4	CC126_HUMAN
ENSP00000271277	Q9P2B4	CT2NL_HUMAN
ENSP00000370981	Q9Y250	LZTS1_HUMAN
ENSP00000365081	O95445	APOM_HUMAN
ENSP00000394510	Q9ULL5	PRR12_HUMAN
ENSP00000376456	Q9Y5Z6	B3GT1_HUMAN
ENSP00000363727	Q92502	STAR8_HUMAN
ENSP00000332444	Q9H0L4	CSTFT_HUMAN
ENSP00000336127	Q86TV6	TTC7B_HUMAN
ENSP00000288235	Q12965	MYO1E_HUMAN
ENSP00000308908	Q8TDV2	GP148_HUMAN
ENSP00000237822	Q9H6V9	LDAH_HUMAN
ENSP00000471454	Q9Y6R9	CCD61_HUMAN
ENSP00000380605	Q8N2G4	LYPD1_HUMAN
ENSP00000392270	Q9Y3F4	STRAP_HUMAN
ENSP00000374218	A0FGR9	ESYT3_HUMAN
ENSP00000248846	Q96RT7	GCP6_HUMAN
ENSP00000389813	Q6JQN1	ACD10_HUMAN
ENSP00000358902	Q9BYL1	SAM10_HUMAN
ENSP00000290607	Q9P2P6	STAR9_HUMAN
ENSP00000159087	Q9HCE9	ANO8_HUMAN
ENSP00000290208	Q7Z7H8	RM10_HUMAN
ENSP00000299847	Q494W8	CRFM7_HUMAN
ENSP00000215057	P28698	MZF1_HUMAN
ENSP00000345024	P10075	GLI4_HUMAN
ENSP00000391200	Q9BU19	ZN692_HUMAN
ENSP00000493560	Q709C8	VP13C_HUMAN
ENSP00000315351	Q8N465	D2HDH_HUMAN
ENSP00000260743	Q9HA72	CAHM2_HUMAN
ENSP00000354777	A7MCY6	TBKB1_HUMAN
ENSP00000485512	P83859	OX26_HUMAN
ENSP00000321346	Q8NHH1	TTL11_HUMAN
ENSP00000359819	Q9UJG1	MSPD1_HUMAN
ENSP00000451000	Q9Y2K1	ZBTB1_HUMAN
ENSP00000373340	P55201	BRPF1_HUMAN
ENSP00000304032	Q9NSY2	STAR5_HUMAN
ENSP00000296525	Q8WWX0	ASB5_HUMAN
ENSP00000479669	Q9H9S4	CB39L_HUMAN
ENSP00000272647	Q6DCA0	AMERL_HUMAN
ENSP00000309751	Q7RTY0	MOT13_HUMAN
ENSP00000452877	Q92610	ZN592_HUMAN
ENSP00000312150	Q96RU8	TRIB1_HUMAN
ENSP00000379282	O95870	ABHGA_HUMAN
ENSP00000418813	Q9Y6D0	SELK_HUMAN
ENSP00000290216	Q96FV2	SCRN2_HUMAN
ENSP00000457539	Q0VD83	APOBR_HUMAN
ENSP00000303129	Q9HCJ6	VAT1L_HUMAN
ENSP00000337446	Q14849	STAR3_HUMAN
ENSP00000444743	F5H527	F5H527_HUMAN
ENSP00000220966	A0A0A0MQS1	A0A0A0MQS1_HUMAN
ENSP00000499021	Q96MY7	F161B_HUMAN
ENSP00000370047	Q6ZN30	BNC2_HUMAN
ENSP00000351232	Q9HCR9	PDE11_HUMAN
ENSP00000380659	Q9NRA8	4ET_HUMAN
ENSP00000381549	Q9Y2L6	FRM4B_HUMAN
ENSP00000316649	Q9H1P3	OSBL2_HUMAN
ENSP00000493302	Q9NVS9	PNPO_HUMAN
ENSP00000371472	Q8N4C6	NIN_HUMAN
ENSP00000379823	Q01955	CO4A3_HUMAN
ENSP00000400312	Q6PHR2	ULK3_HUMAN
ENSP00000384081	Q9Y2G0	EFR3B_HUMAN
ENSP00000367230	A6NDV4	TMM8B_HUMAN
ENSP00000369592	A6NKD9	CC85C_HUMAN
ENSP00000432456	Q9BZJ8	GPR61_HUMAN
ENSP00000317686	Q96MM3	ZFP42_HUMAN
ENSP00000370867	Q08188	TGM3_HUMAN
ENSP00000312081	Q8TE77	SSH3_HUMAN
ENSP00000319799	Q8IZA3	H18_HUMAN
ENSP00000498945	A0A494C191	SPD9_HUMAN
ENSP00000498801	A0A494C0Z2	SPD13_HUMAN
ENSP00000305702	Q17RG1	KCD19_HUMAN
ENSP00000484601	P0DMU9	CT45A_HUMAN
ENSP00000350698	Q9H0S4	DDX47_HUMAN
ENSP00000473980	S4R369	S4R369_HUMAN
ENSP00000254336	Q0VDD7	BRME1_HUMAN
ENSP00000386184	Q8IZ13	F200C_HUMAN
ENSP00000257177	Q5TAX3	TUT4_HUMAN
ENSP00000244534	P16402	H13_HUMAN
ENSP00000388502	Q96ND8	ZN583_HUMAN
ENSP00000334410	Q5SWL7	PRA14_HUMAN
ENSP00000362392	Q5JU67	CF157_HUMAN
ENSP00000233027	P51957	NEK4_HUMAN
ENSP00000310515	P04553	HSP1_HUMAN
ENSP00000307705	P10412	H14_HUMAN
ENSP00000315357	Q8N6S5	AR6P6_HUMAN
ENSP00000369897	P49589	SYCC_HUMAN
ENSP00000460871	O76021	RL1D1_HUMAN
ENSP00000359607	Q8N2H3	PYRD2_HUMAN
ENSP00000255977	Q9UHC7	MKRN1_HUMAN
ENSP00000378326	P21754	ZP3_HUMAN
ENSP00000364035	Q6GMR7	FAAH2_HUMAN
ENSP00000387911	O95453	PARN_HUMAN
ENSP00000463201	Q9Y675	SNURF_HUMAN
ENSP00000233575	Q15036	SNX17_HUMAN
ENSP00000498510	P0DTA3	SPD11_HUMAN
ENSP00000370376	P33316	DUT_HUMAN
ENSP00000244573	Q02539	H11_HUMAN
ENSP00000489910	A0A1B0GU03	A0A1B0GU03_HUMAN
ENSP00000308546	Q7L2J0	MEPCE_HUMAN
ENSP00000341214	P22492	H1T_HUMAN
ENSP00000282388	P47974	TISD_HUMAN
ENSP00000437289	A6NP61	ZAR1L_HUMAN
ENSP00000311528	Q16538	GP162_HUMAN
ENSP00000296682	Q9NQV7	PRDM9_HUMAN
ENSP00000350358	O95522	PRA12_HUMAN
ENSP00000352299	Q499Z3	SLNL1_HUMAN
ENSP00000377708	Q6NSZ9	ZSC25_HUMAN
ENSP00000216277	P51003	PAPOA_HUMAN
ENSP00000310726	Q9BQC6	RT63_HUMAN
ENSP00000316335	O95363	SYFM_HUMAN
ENSP00000243167	O00519	FAAH1_HUMAN
ENSP00000334805	Q75WM6	H1FNT_HUMAN
ENSP00000355167	Q86X24	HORM1_HUMAN
ENSP00000238714	Q9BWT3	PAPOG_HUMAN
ENSP00000330031	Q7Z3Z3	PIWL3_HUMAN
ENSP00000262031	Q15434	RBMS2_HUMAN
ENSP00000483125	Q6TGC4	PADI6_HUMAN
ENSP00000312709	Q15545	TAF7_HUMAN
ENSP00000390621	Q587J7	TDR12_HUMAN
ENSP00000498611	A6QL64	AN36A_HUMAN
ENSP00000295542	Q5T197	DCST1_HUMAN
ENSP00000446271	Q8ND56	LS14A_HUMAN
ENSP00000353650	A6NFH5	FBP12_HUMAN
ENSP00000403039	Q5SSJ5	HP1B3_HUMAN
ENSP00000342576	A4D161	F221A_HUMAN
ENSP00000298317	Q96CM3	RUSD4_HUMAN
ENSP00000257552	O43347	MSI1H_HUMAN
ENSP00000311687	Q0D2K0	NIPA4_HUMAN
ENSP00000367595	Q5T0D9	TPRGL_HUMAN
ENSP00000265708	Q99965	ADAM2_HUMAN
ENSP00000419923	Q99612	KLF6_HUMAN
ENSP00000355506	Q9UQ84	EXO1_HUMAN
ENSP00000362634	Q96PN8	TSSK3_HUMAN
ENSP00000377793	O43663	PRC1_HUMAN
ENSP00000365360	Q5VXH4	PRAM6_HUMAN
ENSP00000369777	Q9H5H4	ZN768_HUMAN
ENSP00000269740	Q9BRY0	S39A3_HUMAN
ENSP00000279068	Q9BX40	LS14B_HUMAN
ENSP00000406052	Q8NAT2	TDRD5_HUMAN
ENSP00000281453	Q71F23	CENPU_HUMAN
ENSP00000325738	Q05952	STP2_HUMAN
ENSP00000369372	Q8NDZ0	BEND2_HUMAN
ENSP00000363999	Q8N5N7	RM50_HUMAN
ENSP00000416673	C9JE40	PATL2_HUMAN
ENSP00000335203	Q9UII2	ATIF1_HUMAN
ENSP00000359396	A6NC42	DPPA5_HUMAN
ENSP00000357754	P49901	MCSP_HUMAN
ENSP00000362592	Q09028	RBBP4_HUMAN
ENSP00000374632	Q3KNT9	TMM95_HUMAN
ENSP00000420477	O15069	NACAD_HUMAN
ENSP00000360583	Q6WRX3	ZY11A_HUMAN
ENSP00000266604	Q9BRT6	LLPH_HUMAN
ENSP00000393136	A3QJZ7	PRA27_HUMAN
ENSP00000373715	Q8IU60	DCP2_HUMAN
ENSP00000357189	P51858	HDGF_HUMAN
ENSP00000380495	Q8N8A6	DDX51_HUMAN
ENSP00000367125	Q6NV75	GP153_HUMAN
ENSP00000379869	Q8TE02	ELP5_HUMAN
ENSP00000356001	Q9H0U6	RM18_HUMAN
ENSP00000344609	Q14201	BTG3_HUMAN
ENSP00000349931	Q5VWM4	PRAM8_HUMAN
ENSP00000302327	Q9Y3Y4	PYGO1_HUMAN
ENSP00000440542	Q14839	CHD4_HUMAN
ENSP00000348108	O75525	KHDR3_HUMAN
ENSP00000427342	P0DMU8	CT455_HUMAN
ENSP00000302978	O43610	SPY3_HUMAN
ENSP00000236979	P09430	STP1_HUMAN
ENSP00000332706	Q00577	PURA_HUMAN
ENSP00000350162	Q9BX26	SYCP2_HUMAN
ENSP00000498819	P0DUD1	SPD8_HUMAN
ENSP00000386186	Q96MW7	TIGD1_HUMAN
ENSP00000485112	P58182	O12D2_HUMAN
ENSP00000307479	Q9HBZ2	ARNT2_HUMAN
ENSP00000384004	P78424	PO6F2_HUMAN
ENSP00000265997	Q8NE35	CPEB3_HUMAN
ENSP00000262525	Q9UEG4	ZN629_HUMAN
ENSP00000416959	P62995	TRA2B_HUMAN
ENSP00000491259	Q5VWM6	PRA13_HUMAN
ENSP00000328773	O94992	HEXI1_HUMAN
ENSP00000207457	Q9UIF3	TEKT2_HUMAN
ENSP00000306335	P48378	RFX2_HUMAN
ENSP00000414920	Q86W54	SPA24_HUMAN
ENSP00000365130	Q5VYS8	TUT7_HUMAN
ENSP00000353922	Q9Y462	ZN711_HUMAN
ENSP00000263209	Q8WYQ5	DGCR8_HUMAN
ENSP00000247026	Q9H0G5	NSRP1_HUMAN
ENSP00000317595	P59282	TPPP2_HUMAN
ENSP00000369820	P37287	PIGA_HUMAN
ENSP00000397563	Q6PIY7	GLD2_HUMAN
ENSP00000398211	Q8NDW8	TT21A_HUMAN
ENSP00000402949	Q8N1B3	CCNQ_HUMAN
ENSP00000485656	H0Y7S4	PRA26_HUMAN
ENSP00000415676	Q14390	GGTL2_HUMAN
ENSP00000317691	Q9BUL9	RPP25_HUMAN
ENSP00000269466	Q9H777	RNZ1_HUMAN
ENSP00000420267	Q15406	NR6A1_HUMAN
ENSP00000448035	E9PAV3	NACAM_HUMAN
ENSP00000368362	Q0Z7S8	FABP9_HUMAN
ENSP00000348300	Q9NY30	BTG4_HUMAN
ENSP00000297613	Q8N5L8	RP25L_HUMAN
ENSP00000454746	H3BN98	H3BN98_HUMAN
ENSP00000375063	P59047	NALP5_HUMAN
ENSP00000368667	Q86TM3	DDX53_HUMAN
ENSP00000373272	Q2Q1W2	LIN41_HUMAN
ENSP00000373274	A6NHJ4	ZN860_HUMAN
ENSP00000240189	O60811	PRAM2_HUMAN
ENSP00000382030	Q09MP3	R51A2_HUMAN
ENSP00000341031	Q6ZUI0	TPRG1_HUMAN
ENSP00000269053	Q8IXA5	SACA3_HUMAN
ENSP00000404074	O15535	ZSC9_HUMAN
ENSP00000325561	Q8IU68	TMC8_HUMAN
ENSP00000351686	Q9NQV6	PRD10_HUMAN
ENSP00000364405	Q7RTV3	ZN367_HUMAN
ENSP00000376440	J3KPN7	J3KPN7_HUMAN
ENSP00000367528	Q4LEZ3	AARD_HUMAN
ENSP00000293695	Q6PIF2	SYCE2_HUMAN
ENSP00000357823	Q9BYD2	RM09_HUMAN
ENSP00000359665	Q9BTU6	P4K2A_HUMAN
ENSP00000349208	Q8TC59	PIWL2_HUMAN
ENSP00000332134	O95521	PRAM1_HUMAN
ENSP00000498497	P0DUD3	SPD14_HUMAN
ENSP00000356846	Q96JY0	MAEL_HUMAN
ENSP00000358635	O60506	HNRPQ_HUMAN
ENSP00000386660	Q9Y4C1	KDM3A_HUMAN
ENSP00000292478	O75127	PTCD1_HUMAN
ENSP00000359295	Q01658	NC2B_HUMAN
ENSP00000369456	Q9BY32	ITPA_HUMAN
ENSP00000477627	A0A087WT65	A0A087WT65_HUMAN
ENSP00000246112	Q9H808	TLE6_HUMAN
ENSP00000374037	Q9Y2B5	VP9D1_HUMAN
ENSP00000333024	Q9BWX1	PHF7_HUMAN
ENSP00000337386	Q07352	TISB_HUMAN
ENSP00000344794	Q9NZB8	MOCS1_HUMAN
ENSP00000493434	Q8NH04	O2T27_HUMAN
ENSP00000327786	Q8IYV9	IZUM1_HUMAN
ENSP00000365744	P79522	PRR3_HUMAN
ENSP00000265085	Q17RY0	CPEB4_HUMAN
ENSP00000480573	P18089	ADA2B_HUMAN
ENSP00000362820	P84103	SRSF3_HUMAN
ENSP00000359683	E9PAM4	E9PAM4_HUMAN
ENSP00000307774	Q16600	ZN239_HUMAN
ENSP00000215855	P26998	CRBB3_HUMAN
ENSP00000357465	Q5VZ19	TDR10_HUMAN
ENSP00000338057	Q8TCC3	RM30_HUMAN
ENSP00000369453	A0A0A0MRX1	A0A0A0MRX1_HUMAN
ENSP00000264808	Q9NQX1	PRDM5_HUMAN
ENSP00000485258	A0A096LNW4	A0A096LNW4_HUMAN
ENSP00000499200	P0DUD4	SPD15_HUMAN
ENSP00000477973	D6W5U7	D6W5U7_HUMAN
ENSP00000465630	K7EKI0	K7EKI0_HUMAN
ENSP00000480122	Q5TYX0	PRAM5_HUMAN
ENSP00000256015	P62324	BTG1_HUMAN
ENSP00000380675	P0C1S8	WEE2_HUMAN
ENSP00000235349	O60810	PRAM4_HUMAN
ENSP00000481495	Q9GZR7	DDX24_HUMAN
ENSP00000428756	Q9NUL3	STAU2_HUMAN
ENSP00000480027	O60813	PRA11_HUMAN
ENSP00000351138	Q7L4E1	MIGA2_HUMAN
ENSP00000370258	B5ME19	EIFCL_HUMAN
ENSP00000325905	Q16629	SRSF7_HUMAN
ENSP00000419370	Q96EH3	MASU1_HUMAN
ENSP00000498630	Q8NI17	IL31R_HUMAN
ENSP00000365322	P0DUQ1	PRA15_HUMAN
ENSP00000333776	Q96JC4	ZN479_HUMAN
ENSP00000263576	Q9UHL0	DDX25_HUMAN
ENSP00000265007	O94993	SOX30_HUMAN
ENSP00000385480	A1L190	SYCE3_HUMAN
ENSP00000252505	Q8N6M5	ALLC_HUMAN
ENSP00000291934	Q8WZ59	TM190_HUMAN
ENSP00000481683	A6NGN4	PRA25_HUMAN
ENSP00000359384	A6NGQ2	OOEP_HUMAN
ENSP00000315152	Q6UB28	MAP12_HUMAN
ENSP00000356814	Q58WW2	DCAF6_HUMAN
ENSP00000452007	Q86U28	ISCA2_HUMAN
ENSP00000270708	Q9P2S5	WRP73_HUMAN
ENSP00000357348	Q9UBP5	HEY2_HUMAN
ENSP00000321179	Q6ZP01	RBM44_HUMAN
ENSP00000353652	Q3MIS6	ZN528_HUMAN
ENSP00000358092	O75626	PRDM1_HUMAN
ENSP00000398837	Q9UMN6	KMT2B_HUMAN
ENSP00000344420	Q8IUG1	KRA13_HUMAN
ENSP00000366955	Q9BYR5	KRA42_HUMAN
ENSP00000413196	Q05DH4	FHI1A_HUMAN
ENSP00000375429	Q9BYR7	KRA32_HUMAN
ENSP00000484472	P58107	EPIPL_HUMAN
ENSP00000352463	Q9UGU0	TCF20_HUMAN
ENSP00000375236	Q9BYR0	KRA47_HUMAN
ENSP00000334287	Q3LI59	KR212_HUMAN
ENSP00000362728	O60684	IMA7_HUMAN
ENSP00000206765	P22735	TGM1_HUMAN
ENSP00000484615	Q9NPH6	OBP2B_HUMAN
ENSP00000367022	Q93077	H2A1C_HUMAN
ENSP00000438553	Q9BTM1	H2AJ_HUMAN
ENSP00000334798	Q7Z3Y9	K1C26_HUMAN
ENSP00000231498	O75694	NU155_HUMAN
ENSP00000293670	P78385	KRT83_HUMAN
ENSP00000482431	P0C0S8	H2A1_HUMAN
ENSP00000251646	Q14525	KT33B_HUMAN
ENSP00000482743	P20231	TRYB2_HUMAN
ENSP00000370088	Q99217	AMELX_HUMAN
ENSP00000496883	A0A3B3IRQ3	A0A3B3IRQ3_HUMAN
ENSP00000344140	Q7Z5V6	SAXO4_HUMAN
ENSP00000301653	P08779	K1C16_HUMAN
ENSP00000375428	Q9BYR6	KRA33_HUMAN
ENSP00000345837	Q9C005	DPY30_HUMAN
ENSP00000295055	Q6MZZ7	CAN13_HUMAN
ENSP00000307014	Q86Y46	K2C73_HUMAN
ENSP00000359629	Q9NQ79	CRAC1_HUMAN
ENSP00000483842	P04908	H2A1B_HUMAN
ENSP00000375238	Q9BYU5	KRA21_HUMAN
ENSP00000310573	Q7Z3Z0	K1C25_HUMAN
ENSP00000305263	Q7Z3Y7	K1C28_HUMAN
ENSP00000429896	Q8IXR5	F178B_HUMAN
ENSP00000283752	P29508	SPB3_HUMAN
ENSP00000273261	Q96JA1	LRIG1_HUMAN
ENSP00000285968	Q92621	NU205_HUMAN
ENSP00000357789	P20930	FILA_HUMAN
ENSP00000366679	Q96KK5	H2A1H_HUMAN
ENSP00000329097	Q8IWS0	PHF6_HUMAN
ENSP00000496978	A0A3B3IRS2	A0A3B3IRS2_HUMAN
ENSP00000357751	P35321	SPR1A_HUMAN
ENSP00000343701	P52294	IMA5_HUMAN
ENSP00000365465	Q15517	CDSN_HUMAN
ENSP00000366015	O43827	ANGL7_HUMAN
ENSP00000480484	Q07283	TRHY_HUMAN
ENSP00000340546	Q9BYR2	KRA45_HUMAN
ENSP00000332790	Q8IUE6	H2A2B_HUMAN
ENSP00000376423	P35326	SPR2A_HUMAN
ENSP00000369349	Q14533	KRT81_HUMAN
ENSP00000267119	Q3SY84	K2C71_HUMAN
ENSP00000358045	Q16610	ECM1_HUMAN
ENSP00000359222	Q96MV1	TLCD4_HUMAN
ENSP00000263598	P31025	LCN1_HUMAN
ENSP00000329165	O76013	KRT36_HUMAN
ENSP00000306261	Q8N1N4	K2C78_HUMAN
ENSP00000334373	O00629	IMA3_HUMAN
ENSP00000303373	P04908	H2A1B_HUMAN
ENSP00000359549	Q9NS26	SPNXA_HUMAN
ENSP00000365473	Q5SSG8	MUC21_HUMAN
ENSP00000392189	Q9BYQ3	KRA93_HUMAN
ENSP00000311364	Q96DR8	MUCL1_HUMAN
ENSP00000307240	Q7RTS7	K2C74_HUMAN
ENSP00000357778	Q5T5B0	LCE3E_HUMAN
ENSP00000375232	Q9BYQ6	KR411_HUMAN
ENSP00000301656	Q7Z3Y8	K1C27_HUMAN
ENSP00000444533	O43790	KRT86_HUMAN
ENSP00000254072	Q9BYQ0	KRA98_HUMAN
ENSP00000257189	P32926	DSG3_HUMAN
ENSP00000400882	Q96L46	CPNS2_HUMAN
ENSP00000357773	Q5TA82	LCE2D_HUMAN
ENSP00000347635	Q8IUC0	KR131_HUMAN
ENSP00000357772	Q5TA81	LCE2C_HUMAN
ENSP00000339251	P60985	KTDAP_HUMAN
ENSP00000393222	Q4G0U5	PCDP1_HUMAN
ENSP00000292476	O95639	CPSF4_HUMAN
ENSP00000257951	Q9NSB2	KRT84_HUMAN
ENSP00000290943	A2A2Z9	AN18B_HUMAN
ENSP00000385836	Q5JW98	CAHM4_HUMAN
ENSP00000337976	O43463	SUV91_HUMAN
ENSP00000341094	P20671	H2A1D_HUMAN
ENSP00000264474	P01040	CYTA_HUMAN
ENSP00000357744	P35325	SPR2B_HUMAN
ENSP00000357746	P22532	SPR2D_HUMAN
ENSP00000354822	Q6GPH4	XAF1_HUMAN
ENSP00000386376	Q7Z4W3	KR193_HUMAN
ENSP00000334922	Q9BYQ2	KRA94_HUMAN
ENSP00000349678	A2RUH7	MBPHL_HUMAN
ENSP00000305975	Q07627	KRA11_HUMAN
ENSP00000273968	Q96I23	PREY_HUMAN
ENSP00000219162	P47944	MT4_HUMAN
ENSP00000306461	P22528	SPR1B_HUMAN
ENSP00000380901	P25067	CO8A2_HUMAN
ENSP00000261978	Q14767	LTBP2_HUMAN
ENSP00000357740	P22531	SPR2E_HUMAN
ENSP00000255764	Q9BTT4	MED10_HUMAN
ENSP00000342938	B0FP48	UPK3L_HUMAN
ENSP00000357552	O15131	IMA6_HUMAN
ENSP00000246646	O76015	KRT38_HUMAN
ENSP00000469998	Q8NC26	ZN114_HUMAN
ENSP00000357753	P07476	INVO_HUMAN
ENSP00000357768	Q5TA79	LCE2A_HUMAN
ENSP00000418001	Q6ZS86	GLPK5_HUMAN
ENSP00000352119	P0C0S8	H2A1_HUMAN
ENSP00000335147	Q7Z713	ANR37_HUMAN
ENSP00000323821	Q3ZCU0	GVQW3_HUMAN
ENSP00000334644	Q5T5A8	LCE3C_HUMAN
ENSP00000375430	Q9BYR8	KRA31_HUMAN
ENSP00000330878	A9QM74	IMA8_HUMAN
ENSP00000331500	Q8NA77	TEX19_HUMAN
ENSP00000244333	O95274	LYPD3_HUMAN
ENSP00000411070	A0A183	LCE6A_HUMAN
ENSP00000357769	O14633	LCE2B_HUMAN
ENSP00000251643	Q99456	K1C12_HUMAN
ENSP00000370891	Q8TDR2	STK35_HUMAN
ENSP00000220420	O43548	TGM5_HUMAN
ENSP00000382610	Q8IVF6	AN18A_HUMAN
ENSP00000360107	Q5JVL4	EFHC1_HUMAN
ENSP00000335566	Q3LI58	KR211_HUMAN
ENSP00000491504	Q674R7	ATG9B_HUMAN
ENSP00000264031	O00526	UPK2_HUMAN
ENSP00000442400	Q53RY4	KCP3_HUMAN
ENSP00000238018	Q9Y2T3	GUAD_HUMAN
ENSP00000355656	Q7L7L0	H2A3_HUMAN
ENSP00000332805	Q8IUC2	KRA81_HUMAN
ENSP00000346997	Q9H5I1	SUV92_HUMAN
ENSP00000390475	Q9P0U4	CXXC1_HUMAN
ENSP00000366976	P0C5Y4	KRA14_HUMAN
ENSP00000357702	P33764	S10A3_HUMAN
ENSP00000361755	Q9BQY6	WFDC6_HUMAN
ENSP00000298050	Q05D60	DEUP1_HUMAN
ENSP00000319412	Q8N2F6	ARM10_HUMAN
ENSP00000252244	P04264	K2C1_HUMAN
ENSP00000301452	Q8TDN7	ACER1_HUMAN
ENSP00000482538	P0C0S8	H2A1_HUMAN
ENSP00000332163	Q96PI1	SPRR4_HUMAN
ENSP00000328358	Q5XKE5	K2C79_HUMAN
ENSP00000417980	Q9H9B1	EHMT1_HUMAN
ENSP00000360882	P20908	CO5A1_HUMAN
ENSP00000325808	Q8ND94	LRN4L_HUMAN
ENSP00000343445	P48594	SPB4_HUMAN
ENSP00000377570	O76011	KRT34_HUMAN
ENSP00000472919	B6SEH9	ERVV2_HUMAN
ENSP00000372218	Q96P63	SPB12_HUMAN
ENSP00000496793	Q14050	CO9A3_HUMAN
ENSP00000420723	O75690	KRA58_HUMAN
ENSP00000354305	O43309	ZSC12_HUMAN
ENSP00000357733	Q5T870	PRR9_HUMAN
ENSP00000483430	P40305	IFI27_HUMAN
ENSP00000357718	Q86SG5	S1A7A_HUMAN
ENSP00000252245	O95678	K2C75_HUMAN
ENSP00000310668	Q8N1F7	NUP93_HUMAN
ENSP00000257974	Q9NSB4	KRT82_HUMAN
ENSP00000352627	P0C0S8	H2A1_HUMAN
ENSP00000375108	Q8IUB9	KR191_HUMAN
ENSP00000293745	Q14CN4	K2C72_HUMAN
ENSP00000479656	Q8IUC3	KRA71_HUMAN
ENSP00000367570	Q9UIL8	PHF11_HUMAN
ENSP00000410910	Q8IVN3	MSTN1_HUMAN
ENSP00000430242	Q6UWP8	SBSN_HUMAN
ENSP00000343900	A6NMK7	CPS4L_HUMAN
ENSP00000371548	Q8N0V4	LGI2_HUMAN
ENSP00000492220	A0A1W2PRB8	A0A1W2PRB8_HUMAN
ENSP00000352785	Q86SJ6	DSG4_HUMAN
ENSP00000045083	Q96MK2	RIPR3_HUMAN
ENSP00000404232	Q5JST6	EFHC2_HUMAN
ENSP00000216211	O75631	UPK3A_HUMAN
ENSP00000330720	Q8IUC1	KR111_HUMAN
ENSP00000384629	Q9NQR1	KMT5A_HUMAN
ENSP00000382590	A8MUN0	A8MUN0_HUMAN
ENSP00000357796	Q5QJ38	TCHL1_HUMAN
ENSP00000463092	P08118	MSMB_HUMAN
ENSP00000357737	Q9BYE4	SPR2G_HUMAN
ENSP00000284245	Q96GX8	CP074_HUMAN
ENSP00000257901	P78386	KRT85_HUMAN
ENSP00000363389	Q8N165	PDK1L_HUMAN
ENSP00000361842	O95460	MATN4_HUMAN
ENSP00000467123	Q8WX94	NALP7_HUMAN
ENSP00000266070	Q9BTC0	DIDO1_HUMAN
ENSP00000225728	Q9Y3C7	MED31_HUMAN
ENSP00000357731	P23490	LORI_HUMAN
ENSP00000225550	O76014	KRT37_HUMAN
ENSP00000375151	Q9BYR4	KRA43_HUMAN
ENSP00000367891	P47929	LEG7_HUMAN
ENSP00000318131	Q86V59	PNM8A_HUMAN
ENSP00000373354	Q53H47	SETMR_HUMAN
ENSP00000256339	Q9P2D8	UNC79_HUMAN
ENSP00000377576	Q9BYP9	KRA99_HUMAN
ENSP00000330601	Q96JK4	HIPL1_HUMAN
ENSP00000347823	Q6A163	K1C39_HUMAN
ENSP00000308606	Q8TD06	AGR3_HUMAN
ENSP00000244426	Q9UK97	FBX9_HUMAN
ENSP00000334547	Q16559	TAL2_HUMAN
ENSP00000439120	Q16621	NFE2_HUMAN
ENSP00000445905	Q96CN4	EVI5L_HUMAN
ENSP00000361141	Q9UHM6	OPN4_HUMAN
ENSP00000371786	O60422	ONEC3_HUMAN
ENSP00000357668	O43184	ADA12_HUMAN
ENSP00000298231	O14813	PHX2A_HUMAN
ENSP00000309570	O75840	KLF7_HUMAN
ENSP00000322898	Q9UH73	COE1_HUMAN
ENSP00000492240	Q96MP8	KCTD7_HUMAN
ENSP00000360190	Q30KQ9	DB110_HUMAN
ENSP00000302676	Q99680	GPR22_HUMAN
ENSP00000372724	Q5SRR4	LY65C_HUMAN
ENSP00000304713	Q8NCY6	MSD4_HUMAN
ENSP00000182527	Q15035	TRAM2_HUMAN
ENSP00000468086	P33032	MC5R_HUMAN
ENSP00000344233	Q8N309	LRC43_HUMAN
ENSP00000347188	Q8NC69	KCTD6_HUMAN
ENSP00000369753	Q9NRE1	MMP26_HUMAN
ENSP00000352941	Q6PI47	KCD18_HUMAN
ENSP00000365201	P48634	PRC2A_HUMAN
ENSP00000343899	Q96NE9	FRMD6_HUMAN
ENSP00000261180	Q9UKU6	TRHDE_HUMAN
ENSP00000384527	Q9NUA8	ZBT40_HUMAN
ENSP00000274458	Q9Y6G5	COMDA_HUMAN
ENSP00000283268	Q8TBJ5	FEZF2_HUMAN
ENSP00000353742	Q6PEX3	KR261_HUMAN
ENSP00000366413	Q01851	PO4F1_HUMAN
ENSP00000340526	Q765I0	UTS2B_HUMAN
ENSP00000378310	Q9C0K1	S39A8_HUMAN
ENSP00000394751	Q8WWN9	ICEF1_HUMAN
ENSP00000448248	Q4G1C9	GRPL2_HUMAN
ENSP00000294889	Q9H7X2	RDD1_HUMAN
ENSP00000480240	A0A087WWI0	A0A087WWI0_HUMAN
ENSP00000419185	O95948	ONEC2_HUMAN
ENSP00000316482	Q9BQ13	KCD14_HUMAN
ENSP00000269221	Q96DM3	RMC1_HUMAN
ENSP00000360660	Q9NQX5	NPDC1_HUMAN
ENSP00000355402	Q6UXK2	ISLR2_HUMAN
ENSP00000440826	O60447	EVI5_HUMAN
ENSP00000431603	P09086	PO2F2_HUMAN
ENSP00000474279	S4R3F8	S4R3F8_HUMAN
ENSP00000474253	Q9UPS6	SET1B_HUMAN
ENSP00000495203	Q693B1	KCD11_HUMAN
ENSP00000394390	Q96SI1	KCD15_HUMAN
ENSP00000365076	O95873	CF047_HUMAN
ENSP00000329452	Q9BQT8	ODC_HUMAN
ENSP00000307746	Q9ULD9	ZN608_HUMAN
ENSP00000306070	P53370	NUDT6_HUMAN
ENSP00000386503	B8ZZB3	B8ZZB3_HUMAN
ENSP00000387010	Q15032	R3HD1_HUMAN
ENSP00000259803	Q9NP62	GCM1_HUMAN
ENSP00000303325	P29371	NK3R_HUMAN
ENSP00000355870	Q14774	HLX_HUMAN
ENSP00000295131	Q8NEG5	ZSWM2_HUMAN
ENSP00000261731	Q9H2C1	LHX5_HUMAN
ENSP00000417128	Q5J5C9	DB121_HUMAN
ENSP00000431871	E9PJ23	NPIB6_HUMAN
ENSP00000258884	Q6PCB6	AB17C_HUMAN
ENSP00000341914	Q6ZW05	PTHD4_HUMAN
ENSP00000368402	Q8WVF5	KCTD4_HUMAN
ENSP00000285518	Q9NUQ2	PLCE_HUMAN
ENSP00000263708	P29074	PTN4_HUMAN
ENSP00000365071	O95872	GPAN1_HUMAN
ENSP00000357637	Q9H4W6	COE3_HUMAN
ENSP00000485577	Q8NGR6	OR1B1_HUMAN
ENSP00000442701	Q8NGF4	O5AP2_HUMAN
ENSP00000242994	Q9HD90	NDF4_HUMAN
ENSP00000254722	P36955	PEDF_HUMAN
ENSP00000341550	Q71RS6	NCKX5_HUMAN
ENSP00000472969	A8MXY4	ZNF99_HUMAN
ENSP00000365899	Q9NZR4	VSX1_HUMAN
ENSP00000295622	Q96M34	TEX55_HUMAN
ENSP00000360255	Q6U736	OPN5_HUMAN
ENSP00000260653	O95343	SIX3_HUMAN
ENSP00000381553	Q96M91	CFA53_HUMAN
ENSP00000281321	Q12837	PO4F2_HUMAN
ENSP00000246104	Q9NQ03	SCRT2_HUMAN
ENSP00000362403	P21452	NK2R_HUMAN
ENSP00000429073	Q8N8D7	NKAI3_HUMAN
ENSP00000312250	Q9BRR6	ADPGK_HUMAN
ENSP00000296946	O15178	TBXT_HUMAN
ENSP00000334330	Q8NG35	D105A_HUMAN
ENSP00000379826	Q6P9F5	TRI40_HUMAN
ENSP00000490028	A0A1B0GUA5	SIM32_HUMAN
ENSP00000381758	Q9UMQ6	CAN11_HUMAN
ENSP00000356641	Q8NHY2	COP1_HUMAN
ENSP00000353794	Q6P050	FXL22_HUMAN
ENSP00000351614	O14994	SYN3_HUMAN
ENSP00000355204	Q8TC76	F110B_HUMAN
ENSP00000355319	Q9C0C6	CIPC_HUMAN
ENSP00000358210	P81133	SIM1_HUMAN
ENSP00000357622	Q53ET0	CRTC2_HUMAN
ENSP00000444839	F5H4X8	F5H4X8_HUMAN
ENSP00000345494	O15162	PLS1_HUMAN
ENSP00000309142	Q6L8Q7	PDE12_HUMAN
ENSP00000362352	Q9P0M6	H2AW_HUMAN
ENSP00000264596	Q8TAT5	NEIL3_HUMAN
ENSP00000367065	Q9Y543	HES2_HUMAN
ENSP00000366061	Q5H8A3	NMS_HUMAN
ENSP00000497810	Q9UJ55	MAGL2_HUMAN
ENSP00000265651	Q9UK99	FBX3_HUMAN
ENSP00000323183	Q8N680	ZBTB2_HUMAN
ENSP00000302805	Q8WTU0	DDI1_HUMAN
ENSP00000469970	P0DN78	OPSG3_HUMAN
ENSP00000305133	O75159	SOCS5_HUMAN
ENSP00000369126	Q8N752	KC1AL_HUMAN
ENSP00000368986	A6NJZ3	O6C65_HUMAN
ENSP00000328187	O94952	FBX21_HUMAN
ENSP00000442060	Q9ULX9	MAFF_HUMAN
ENSP00000398410	Q8N371	KDM8_HUMAN
ENSP00000272937	Q96HZ4	HES6_HUMAN
ENSP00000482632	Q96CX3	ZN501_HUMAN
ENSP00000356162	Q15726	KISS1_HUMAN
ENSP00000491596	A0A1W2PQ90	A0A1W2PQ90_HUMAN
ENSP00000276590	Q53H82	LACB2_HUMAN
ENSP00000358967	P04000	OPSR_HUMAN
ENSP00000381298	Q17RB8	LONF1_HUMAN
ENSP00000176183	P21917	DRD4_HUMAN
ENSP00000423563	O75367	H2AY_HUMAN
ENSP00000370639	P46597	ASMT_HUMAN
ENSP00000481893	Q9ULM6	CNOT6_HUMAN
ENSP00000394734	P49759	CLK1_HUMAN
ENSP00000424798	Q5HYI7	MTX3_HUMAN
ENSP00000289619	Q96GU1	PAGE5_HUMAN
ENSP00000367130	Q5TGS1	HES3_HUMAN
ENSP00000378857	A0A087X295	A0A087X295_HUMAN
ENSP00000318716	Q8IZU0	FAM9B_HUMAN
ENSP00000369380	Q9UN30	SCML1_HUMAN
ENSP00000261402	O60285	NUAK1_HUMAN
ENSP00000455507	A6NGQ3	A6NGQ3_HUMAN
ENSP00000466022	P53567	CEBPG_HUMAN
ENSP00000256592	P01222	TSHB_HUMAN
ENSP00000229243	Q8NEB7	ACRBP_HUMAN
ENSP00000354152	Q2M296	MTHSD_HUMAN
ENSP00000263795	Q9H967	WDR76_HUMAN
ENSP00000421981	Q6TCH7	PAQR3_HUMAN
ENSP00000301318	Q8NHY6	ZFP28_HUMAN
ENSP00000434887	Q8IYQ7	THNS1_HUMAN
ENSP00000368952	Q8TAV4	STML3_HUMAN
ENSP00000359531	Q00403	TF2B_HUMAN
ENSP00000361943	Q9NQ87	HEYL_HUMAN
ENSP00000432786	Q9Y2K7	KDM2A_HUMAN
ENSP00000207870	O75191	XYLB_HUMAN
ENSP00000381693	A7E2V4	ZSWM8_HUMAN
ENSP00000218316	Q13585	MTR1L_HUMAN
ENSP00000330098	Q8N531	FBXL6_HUMAN
ENSP00000292879	Q8WU68	U2AF4_HUMAN
ENSP00000263390	O95402	MED26_HUMAN
ENSP00000385636	O75147	OBSL1_HUMAN
ENSP00000453076	Q14439	GP176_HUMAN
ENSP00000400887	A0A8J8ZH50	A0A8J8ZH50_HUMAN
ENSP00000493252	Q15911	ZFHX3_HUMAN
ENSP00000376582	B7WPL0	B7WPL0_HUMAN
ENSP00000254488	P48066	S6A11_HUMAN
ENSP00000308759	Q9ULJ3	ZBT21_HUMAN
ENSP00000389395	Q6NUI2	GPAT2_HUMAN
ENSP00000257336	Q86UB2	BIVM_HUMAN
ENSP00000370653	Q17RS7	GEN_HUMAN
ENSP00000321386	Q8N4B4	FBX39_HUMAN
ENSP00000417581	Q6PEV8	F199X_HUMAN
ENSP00000490857	A0A1B0GWB2	PRT1B_HUMAN
ENSP00000369217	Q9Y4X5	ARI1_HUMAN
ENSP00000348931	O15540	FABP7_HUMAN
ENSP00000391488	P0CW24	PNM6A_HUMAN
ENSP00000381105	P0C0P6	NPS_HUMAN
ENSP00000347834	Q9UKT7	FBXL3_HUMAN
ENSP00000266503	Q8WYA1	BMAL2_HUMAN
ENSP00000318914	Q8ND90	PNMA1_HUMAN
ENSP00000358945	P0DN77	OPSG2_HUMAN
ENSP00000425493	Q8TC20	CAGE1_HUMAN
ENSP00000311280	Q99607	ELF4_HUMAN
ENSP00000285398	P19447	ERCC3_HUMAN
ENSP00000257068	P49286	MTR1B_HUMAN
ENSP00000314776	Q68D91	MBLC2_HUMAN
ENSP00000386023	P41223	BUD31_HUMAN
ENSP00000379964	O75716	STK16_HUMAN
ENSP00000333821	Q01718	ACTHR_HUMAN
ENSP00000424655	D6RAX7	D6RAX7_HUMAN
ENSP00000265643	P22466	GALA_HUMAN
ENSP00000319974	Q8WY36	BBX_HUMAN
ENSP00000391806	E7ENX8	E7ENX8_HUMAN
ENSP00000360690	Q496Y0	LONF3_HUMAN
ENSP00000310303	Q8N9V7	TOPZ1_HUMAN
ENSP00000256010	P30990	NEUT_HUMAN
ENSP00000432305	Q15506	SP17_HUMAN
ENSP00000296091	Q8TBZ5	ZN502_HUMAN
ENSP00000355512	Q9H1Y3	OPN3_HUMAN
ENSP00000262189	Q8NEZ4	KMT2C_HUMAN
ENSP00000323191	Q9NXZ1	SAGE1_HUMAN
ENSP00000305480	P39748	FEN1_HUMAN
ENSP00000469880	Q8IV63	VRK3_HUMAN
ENSP00000366271	Q8NHM5	KDM2B_HUMAN
ENSP00000477548	O43614	OX2R_HUMAN
ENSP00000449785	Q8WUH6	TM263_HUMAN
ENSP00000363414	Q86WK9	PAQR7_HUMAN
ENSP00000295201	Q8WW24	TEKT4_HUMAN
ENSP00000206513	Q15744	CEBPE_HUMAN
ENSP00000327323	Q86YJ6	THNS2_HUMAN
ENSP00000373413	A0AAR1ZLH9	A0AAR1ZLH9_HUMAN
ENSP00000299178	P37288	V1AR_HUMAN
ENSP00000384848	P85299	PRR5_HUMAN
ENSP00000312673	P01241	SOMA_HUMAN
ENSP00000386389	Q0D2K2	KLH30_HUMAN
ENSP00000360626	Q9UIX4	KCNG1_HUMAN
ENSP00000445001	Q5TA45	INT11_HUMAN
ENSP00000242728	Q9C0J9	BHE41_HUMAN
ENSP00000341963	Q92681	RSCA1_HUMAN
ENSP00000265689	P35790	CHKA_HUMAN
ENSP00000423820	Q8NB50	ZFP62_HUMAN
ENSP00000382731	Q9NZK5	ADA2_HUMAN
ENSP00000264218	P48645	NMU_HUMAN
ENSP00000343200	P84550	SKOR1_HUMAN
ENSP00000232424	Q14469	HES1_HUMAN
ENSP00000417901	Q9NQX3	GEPH_HUMAN
ENSP00000247977	Q9NXK8	FXL12_HUMAN
ENSP00000321927	Q8NEE6	FXL13_HUMAN
ENSP00000263382	Q9NVP2	ASF1B_HUMAN
ENSP00000347232	P54132	BLM_HUMAN
ENSP00000261658	Q9NZS9	BFAR_HUMAN
ENSP00000216714	P27695	APEX1_HUMAN
ENSP00000427336	P55073	IOD3_HUMAN
ENSP00000249442	O75431	MTX2_HUMAN
ENSP00000262065	Q15546	PAQRB_HUMAN
ENSP00000386880	J3KQ41	J3KQ41_HUMAN
ENSP00000241256	Q92847	GHSR_HUMAN
ENSP00000296792	Q8TED0	UTP15_HUMAN
ENSP00000013807	P07992	ERCC1_HUMAN
ENSP00000295619	Q9HC23	PROK2_HUMAN
ENSP00000498395	B3KWA1	B3KWA1_HUMAN
ENSP00000367762	Q15147	PLCB4_HUMAN
ENSP00000228437	Q9UKN5	PRDM4_HUMAN
ENSP00000393198	E9PB28	E9PB28_HUMAN
ENSP00000263207	O00192	ARVC_HUMAN
ENSP00000378193	Q9Y222	DMTF1_HUMAN
ENSP00000377086	Q1L5Z9	LONF2_HUMAN
ENSP00000288774	O60683	PEX10_HUMAN
ENSP00000359557	O95751	LDOC1_HUMAN
ENSP00000382688	P29375	KDM5A_HUMAN
ENSP00000426033	A6NFD8	HELT_HUMAN
ENSP00000008938	O75594	PGRP1_HUMAN
ENSP00000385739	Q3KPI0	CEA21_HUMAN
ENSP00000386563	Q502X0	MORN2_HUMAN
ENSP00000292609	Q96PD5	PGRP2_HUMAN
ENSP00000291842	Q8TBC3	SHKB1_HUMAN
ENSP00000258381	Q9HB58	SP110_HUMAN
ENSP00000369157	Q9H209	O10A4_HUMAN
ENSP00000484383	B6A8C7	TARM1_HUMAN
ENSP00000484383	A0A087X1Q6	A0A087X1Q6_HUMAN
ENSP00000225371	P11678	PERE_HUMAN
ENSP00000372139	P59665	DEF1_HUMAN
ENSP00000387145	Q9C0I4	THS7B_HUMAN
ENSP00000492905	Q8NGN6	O10G7_HUMAN
ENSP00000368102	Q9BQI4	CCDC3_HUMAN
ENSP00000355587	Q9BSD7	NTPCR_HUMAN
ENSP00000421853	Q86VV4	RNB3L_HUMAN
ENSP00000375653	P59046	NAL12_HUMAN
ENSP00000497777	P16452	EPB42_HUMAN
ENSP00000298527	Q9P126	CLC1B_HUMAN
ENSP00000468032	Q6SZW1	SARM1_HUMAN
ENSP00000386378	Q9UJ71	CLC4K_HUMAN
ENSP00000248706	Q9BPW5	RSLBB_HUMAN
ENSP00000301046	P00709	LALBA_HUMAN
ENSP00000475270	Q5T751	LCE1C_HUMAN
ENSP00000369286	O95711	LY86_HUMAN
ENSP00000386923	Q8N1E2	LYG1_HUMAN
ENSP00000350718	O75069	TMCC2_HUMAN
ENSP00000262428	Q14019	COTL1_HUMAN
ENSP00000376304	Q9BTD3	TM121_HUMAN
ENSP00000299454	Q9H207	O10A5_HUMAN
ENSP00000329920	Q8IX19	MCEM1_HUMAN
ENSP00000360697	P07360	CO8G_HUMAN
ENSP00000364597	Q9UM07	PADI4_HUMAN
ENSP00000493316	Q8NGG4	OR8H1_HUMAN
ENSP00000428572	Q16553	LY6E_HUMAN
ENSP00000243938	Q8IUB2	WFDC3_HUMAN
ENSP00000473159	O15552	FFAR2_HUMAN
ENSP00000217407	P18428	LBP_HUMAN
ENSP00000262865	P17213	BPI_HUMAN
ENSP00000329507	Q08708	CLM6_HUMAN
ENSP00000357122	Q6K0P9	IFIX_HUMAN
ENSP00000356426	Q9NYJ8	TAB2_HUMAN
ENSP00000322532	Q8N2H9	PELI3_HUMAN
ENSP00000327763	Q86W26	NAL10_HUMAN
ENSP00000273695	Q96DZ7	T4S19_HUMAN
ENSP00000246115	O95977	S1PR4_HUMAN
ENSP00000330200	Q6UXG8	BTNL9_HUMAN
ENSP00000497651	Q7Z410	TMPS9_HUMAN
ENSP00000349270	Q6B0K9	HBM_HUMAN
ENSP00000326407	Q8NC01	CLC1A_HUMAN
ENSP00000270879	O75636	FCN3_HUMAN
ENSP00000286808	P56750	CLD17_HUMAN
ENSP00000347714	P24071	FCAR_HUMAN
ENSP00000227918	Q13296	SG2A2_HUMAN
ENSP00000357113	Q16666	IF16_HUMAN
ENSP00000332900	Q86Y34	AGRG3_HUMAN
ENSP00000449999	Q9NY25	CLC5A_HUMAN
ENSP00000352039	Q7RTR2	NLRC3_HUMAN
ENSP00000381436	A8MV65	VGLL3_HUMAN
ENSP00000407112	Q6IQ20	NAPEP_HUMAN
ENSP00000352672	Q96LB8	PGRP4_HUMAN
ENSP00000404236	A6NI73	LIRA5_HUMAN
ENSP00000479089	A0A087WV17	A0A087WV17_HUMAN
ENSP00000364650	Q6UWQ5	LYZL1_HUMAN
ENSP00000353741	P62495	ERF1_HUMAN
ENSP00000263655	Q96F85	CNRP1_HUMAN
ENSP00000427690	P06028	GLPB_HUMAN
ENSP00000302621	P02750	A2GL_HUMAN
ENSP00000299663	Q9ULY5	CLC4E_HUMAN
ENSP00000341117	Q96GA7	SDSL_HUMAN
ENSP00000428657	Q13075	BIRC1_HUMAN
ENSP00000297435	P12838	DEF4_HUMAN
ENSP00000485357	Q8NDA2	HMCN2_HUMAN
ENSP00000399700	Q9NZF1	PLAC8_HUMAN
ENSP00000365402	P10321	HLAC_HUMAN
ENSP00000221804	Q05315	LEG10_HUMAN
ENSP00000466285	P59045	NAL11_HUMAN
ENSP00000493254	Q8NGY5	OR6N1_HUMAN
ENSP00000328359	P59666	DEF3_HUMAN
ENSP00000497997	Q9UDY8	MALT1_HUMAN
ENSP00000394163	B4DQ75	B4DQ75_HUMAN
ENSP00000414904	P43234	CATO_HUMAN
ENSP00000264260	O95256	I18RA_HUMAN
ENSP00000265983	P02790	HEMO_HUMAN
ENSP00000307199	Q9NZD4	AHSP_HUMAN
ENSP00000321370	Q9BTP6	ZBED2_HUMAN
ENSP00000334452	Q8NGS4	O13F1_HUMAN
ENSP00000296280	P48740	MASP1_HUMAN
ENSP00000360871	O00602	FCN1_HUMAN
ENSP00000432412	O75143	ATG13_HUMAN
ENSP00000264690	P03952	KLKB1_HUMAN
ENSP00000458316	Q0VD86	INCA1_HUMAN
ENSP00000406482	Q9UPZ6	THS7A_HUMAN
ENSP00000402855	Q86YW5	TRML1_HUMAN
ENSP00000387334	Q86UT6	NLRX1_HUMAN
ENSP00000230256	Q86WB7	UN93A_HUMAN
ENSP00000299665	Q8WXI8	CLC4D_HUMAN
ENSP00000423917	Q15761	NPY5R_HUMAN
ENSP00000357123	P41218	MNDA_HUMAN
ENSP00000397312	Q9H3W5	LRRN3_HUMAN
ENSP00000271588	Q96RW7	HMCN1_HUMAN
ENSP00000385887	J3KQ21	J3KQ21_HUMAN
ENSP00000349324	O14798	TR10C_HUMAN
ENSP00000259205	Q9NZH8	IL36G_HUMAN
ENSP00000351789	Q96FA3	PELI1_HUMAN
ENSP00000456920	Q9HC57	WFDC1_HUMAN
ENSP00000296980	Q969J5	I22R2_HUMAN
ENSP00000343366	Q6UX27	VSTM1_HUMAN
ENSP00000350224	P51813	BMX_HUMAN
ENSP00000278865	Q96HJ5	MS4A3_HUMAN
ENSP00000483936	Q4VX76	SYTL3_HUMAN
ENSP00000443291	Q96K12	FACR2_HUMAN
ENSP00000376445	P58753	TIRAP_HUMAN
ENSP00000238875	Q3ZCW2	LEGL_HUMAN
ENSP00000290722	Q96LB9	PGRP3_HUMAN
ENSP00000369611	Q9BXG8	SPZ1_HUMAN
ENSP00000255040	P02743	SAMP_HUMAN
ENSP00000356058	O60667	FCMR_HUMAN
ENSP00000229332	Q9UMR7	CLC4A_HUMAN
ENSP00000479870	A0A087WW23	A0A087WW23_HUMAN
ENSP00000462835	J3KT72	J3KT72_HUMAN
ENSP00000311837	Q9NY99	SNTG2_HUMAN
ENSP00000303276	P10153	RNAS2_HUMAN
ENSP00000267838	Q8IV50	LYSM2_HUMAN
ENSP00000385923	Q02818	NUCB1_HUMAN
ENSP00000383115	Q5KU26	COL12_HUMAN
ENSP00000311290	O75360	PROP1_HUMAN
ENSP00000361411	Q8N2G6	ZCH24_HUMAN
ENSP00000348128	O95425	SVIL_HUMAN
ENSP00000414558	Q8TB40	ABHD4_HUMAN
ENSP00000265909	Q92543	SNX19_HUMAN
ENSP00000343398	Q6ZT21	TMPPE_HUMAN
ENSP00000390410	Q7Z602	GP141_HUMAN
ENSP00000350509	Q9NVV5	AIG1_HUMAN
ENSP00000366032	Q9UBI1	COMD3_HUMAN
ENSP00000414635	Q8IZ02	LRC34_HUMAN
ENSP00000349970	Q9Y282	ERGI3_HUMAN
ENSP00000482916	A0A087WZV9	A0A087WZV9_HUMAN
ENSP00000433126	Q5BJD5	TM41B_HUMAN
ENSP00000482613	A0A087WZE9	A0A087WZE9_HUMAN
ENSP00000477445	Q8NH81	O10G6_HUMAN
ENSP00000411788	Q9HC97	GPR35_HUMAN
ENSP00000357674	O95295	SNAPN_HUMAN
ENSP00000299977	Q08AF3	SLFN5_HUMAN
ENSP00000371061	A6NDU8	RIMC1_HUMAN
ENSP00000311257	Q9P2F5	STOX2_HUMAN
ENSP00000313500	Q8N3J3	HROB_HUMAN
ENSP00000389910	B4DWG0	B4DWG0_HUMAN
ENSP00000264080	Q9NPR9	GP108_HUMAN
ENSP00000351770	B1AJZ9	FHAD1_HUMAN
ENSP00000492973	Q8NGC4	O10G3_HUMAN
ENSP00000411397	P27448	MARK3_HUMAN
ENSP00000351155	Q8WXF7	ATLA1_HUMAN
ENSP00000249299	O95777	LSM8_HUMAN
ENSP00000398789	Q9Y5W8	SNX13_HUMAN
ENSP00000226284	P21815	SIAL_HUMAN
ENSP00000441032	Q96CP6	ASTRA_HUMAN
ENSP00000025301	Q9UKA4	AKA11_HUMAN
ENSP00000445383	Q8NGC3	O10G2_HUMAN
ENSP00000419454	Q96D59	RN183_HUMAN
ENSP00000484443	P51956	NEK3_HUMAN
ENSP00000370671	Q9P2K6	KLH42_HUMAN
ENSP00000246551	Q9UBK5	HCST_HUMAN
ENSP00000302537	Q8TC05	MDM1_HUMAN
ENSP00000239374	Q8IYT3	CC170_HUMAN
ENSP00000234195	A0A0C4DFM4	A0A0C4DFM4_HUMAN
ENSP00000379901	Q9NUM4	T106B_HUMAN
ENSP00000199448	Q9UM22	EPDR1_HUMAN
ENSP00000399863	A8K0R7	ZN839_HUMAN
ENSP00000491830	O75152	ZC11A_HUMAN
ENSP00000479667	O75582	KS6A5_HUMAN
ENSP00000301336	Q96NA2	RILP_HUMAN
ENSP00000368612	A3KMH1	VWA8_HUMAN
ENSP00000350425	P06727	APOA4_HUMAN
ENSP00000359464	Q5TC84	OGRL1_HUMAN
ENSP00000370724	Q9H0Q0	CYRIA_HUMAN
ENSP00000267339	Q9NXR5	ANR10_HUMAN
ENSP00000482786	E5RQL4	FONG_HUMAN
ENSP00000349259	Q01082	SPTB2_HUMAN
ENSP00000307640	A6NLP5	TTC36_HUMAN
ENSP00000373827	Q8NCX0	CC150_HUMAN
ENSP00000331368	P50452	SPB8_HUMAN
ENSP00000394546	Q5SYE7	NHSL1_HUMAN
ENSP00000309430	Q96S52	PIGS_HUMAN
ENSP00000318016	Q12768	WASC5_HUMAN
ENSP00000465500	Q9Y6Q6	TNR11_HUMAN
ENSP00000298699	Q8NA57	CL050_HUMAN
ENSP00000426255	Q9H3E2	SNX25_HUMAN
ENSP00000418721	Q9UJV8	PURG_HUMAN
ENSP00000265807	Q9H788	SH24A_HUMAN
ENSP00000310547	Q3MIX3	ADCK5_HUMAN
ENSP00000442521	Q9BXY8	BEX2_HUMAN
ENSP00000437872	Q96D09	GASP2_HUMAN
ENSP00000407118	Q9NX95	SYBU_HUMAN
ENSP00000211413	Q99946	PRRT1_HUMAN
ENSP00000307722	Q9Y328	NSG2_HUMAN
ENSP00000318147	Q9BZQ6	EDEM3_HUMAN
ENSP00000340467	Q8ND23	CARL3_HUMAN
ENSP00000304327	Q9NQ92	COPRS_HUMAN
ENSP00000312457	Q8WXS3	BAALC_HUMAN
ENSP00000329140	Q70SY1	CR3L2_HUMAN
ENSP00000357545	Q5T6X4	F162B_HUMAN
ENSP00000328992	Q9Y5B6	PAXB1_HUMAN
ENSP00000440704	Q8IYJ3	SYTL1_HUMAN
ENSP00000249330	O15240	VGF_HUMAN
ENSP00000334319	Q9Y6V0	PCLO_HUMAN
ENSP00000438507	F5H423	F5H423_HUMAN
ENSP00000260723	Q32M84	BTBDG_HUMAN
ENSP00000199389	Q9BQI3	E2AK1_HUMAN
ENSP00000479064	A0A087WV05	A0A087WV05_HUMAN
ENSP00000302578	Q96KN1	LRAT2_HUMAN
ENSP00000361112	Q9BU40	CRDL1_HUMAN
ENSP00000477059	Q5GH72	XKR7_HUMAN
ENSP00000362171	Q99457	NP1L3_HUMAN
ENSP00000310561	A7KAX9	RHG32_HUMAN
ENSP00000259365	P28289	TMOD1_HUMAN
ENSP00000282026	Q969Q4	ARL11_HUMAN
ENSP00000378476	Q5MAI5	CDKL4_HUMAN
ENSP00000381364	Q9Y6J0	CABIN_HUMAN
ENSP00000444889	G3V1S3	G3V1S3_HUMAN
ENSP00000320797	Q9UJT1	TBD_HUMAN
ENSP00000351075	Q9UGT4	SUSD2_HUMAN
ENSP00000348169	Q8NFZ3	NLGNY_HUMAN
ENSP00000314560	Q9H9H5	MA6D1_HUMAN
ENSP00000377171	P17027	ZNF23_HUMAN
ENSP00000308496	Q8N8L6	ARL10_HUMAN
ENSP00000421710	O14610	GBGT2_HUMAN
ENSP00000271751	O95259	KCNH1_HUMAN
ENSP00000296238	Q96S95	CK2N2_HUMAN
ENSP00000481956	Q96BA8	CR3L1_HUMAN
ENSP00000475189	Q69YU3	AN34A_HUMAN
ENSP00000377047	P23471	PTPRZ_HUMAN
ENSP00000492671	A0A1W2PS79	A0A1W2PS79_HUMAN
ENSP00000362734	Q5IJ48	CRUM2_HUMAN
ENSP00000262096	Q9UIJ5	ZDHC2_HUMAN
ENSP00000428787	P53677	AP3M2_HUMAN
ENSP00000386921	Q9P2M4	TBC14_HUMAN
ENSP00000477653	O95147	DUS14_HUMAN
ENSP00000371859	Q9NRL2	BAZ1A_HUMAN
ENSP00000305647	O95183	VAMP5_HUMAN
ENSP00000361711	Q969E4	TCAL3_HUMAN
ENSP00000451962	O60831	PRAF2_HUMAN
ENSP00000300231	P78559	MAP1A_HUMAN
ENSP00000292853	Q8NI29	FBX27_HUMAN
ENSP00000354361	Q6PCD5	RFWD3_HUMAN
ENSP00000467958	K7EQS6	K7EQS6_HUMAN
ENSP00000335560	Q86VW2	ARHGP_HUMAN
ENSP00000357612	Q9NY26	S39A1_HUMAN
ENSP00000272217	Q96BM9	ARL8A_HUMAN
ENSP00000320488	Q96NT1	NP1L5_HUMAN
ENSP00000387380	Q8N987	NECA1_HUMAN
ENSP00000362643	P46020	KPB1_HUMAN
ENSP00000267889	A7MBM2	DISP2_HUMAN
ENSP00000379176	Q00532	CDKL1_HUMAN
ENSP00000379176	A0A9S7JKS7	A0A9S7JKS7_HUMAN
ENSP00000444201	O43581	SYT7_HUMAN
ENSP00000295454	P18505	GBRB1_HUMAN
ENSP00000362702	Q9HC98	NEK6_HUMAN
ENSP00000287139	Q96S42	NODAL_HUMAN
ENSP00000322628	P49703	ARL4D_HUMAN
ENSP00000318803	Q9HCH5	SYTL2_HUMAN
ENSP00000413572	Q9NVX2	NLE1_HUMAN
ENSP00000440984	Q13367	AP3B2_HUMAN
ENSP00000299866	A6NH52	TV23A_HUMAN
ENSP00000379696	P61925	IPKA_HUMAN
ENSP00000321427	Q8NCM2	KCNH5_HUMAN
ENSP00000361813	Q9HBH7	BEX1_HUMAN
ENSP00000350574	Q8NCP5	ZBT44_HUMAN
ENSP00000324403	Q96EK2	PF21B_HUMAN
ENSP00000498934	Q5JY77	GASP1_HUMAN
ENSP00000194530	Q9C0K7	STRAB_HUMAN
ENSP00000361866	Q9H3H9	TCAL2_HUMAN
ENSP00000293829	Q92914	FGF11_HUMAN
ENSP00000423541	Q496J9	SV2C_HUMAN
ENSP00000407545	O15209	ZBT22_HUMAN
ENSP00000380785	Q96ED9	HOOK2_HUMAN
ENSP00000367032	Q63HM9	PLCX3_HUMAN
ENSP00000380530	Q13202	DUS8_HUMAN
ENSP00000228741	P41970	ELK3_HUMAN
ENSP00000303887	Q8N568	DCLK2_HUMAN
ENSP00000379898	P40617	ARL4A_HUMAN
ENSP00000480615	A6NF34	ANTRL_HUMAN
ENSP00000378536	Q86UZ6	ZBT46_HUMAN
ENSP00000298681	Q9NP94	S39A2_HUMAN
ENSP00000385277	Q5R3F8	PPR29_HUMAN
ENSP00000357305	Q92963	RIT1_HUMAN
ENSP00000356169	Q9NVF9	EKI2_HUMAN
ENSP00000351008	O95447	LCA5L_HUMAN
ENSP00000352427	P47804	RGR_HUMAN
ENSP00000358400	Q9NU22	MDN1_HUMAN
ENSP00000309116	P35236	PTN7_HUMAN
ENSP00000392782	O14967	CLGN_HUMAN
ENSP00000307093	Q96JE9	MAP6_HUMAN
ENSP00000475724	U3KQB3	U3KQB3_HUMAN
ENSP00000345229	Q8NFT8	DNER_HUMAN
ENSP00000053243	Q02223	TNR17_HUMAN
ENSP00000369915	Q99733	NP1L4_HUMAN
ENSP00000493728	A0A2R8YCL1	A0A2R8YCL1_HUMAN
ENSP00000381594	Q9Y5F8	PCDGJ_HUMAN
ENSP00000371394	A0AA75HZC2	A0AA75HZC2_HUMAN
ENSP00000437737	P28223	5HT2A_HUMAN
ENSP00000359340	Q8IVV8	NKAI4_HUMAN
ENSP00000270509	Q75N90	FBN3_HUMAN
ENSP00000361043	Q92698	RAD54_HUMAN
ENSP00000263665	Q9P232	CNTN3_HUMAN
ENSP00000247005	P27539	GDF1_HUMAN
ENSP00000260386	P23677	IP3KA_HUMAN
ENSP00000491750	A0A1W2PPV4	A0A1W2PPV4_HUMAN
ENSP00000360858	Q99784	NOE1_HUMAN
ENSP00000355988	O14896	IRF6_HUMAN
ENSP00000282369	Q9NQ86	TRI36_HUMAN
ENSP00000359230	Q99871	HAUS7_HUMAN
ENSP00000421736	Q2VPA4	CR1L_HUMAN
ENSP00000424571	A0A9H4AZX0	A0A9H4AZX0_HUMAN
ENSP00000221086	Q96QG7	MTMR9_HUMAN
ENSP00000383295	Q8NFP9	NBEA_HUMAN
ENSP00000429562	Q9UPW8	UN13A_HUMAN
ENSP00000308893	Q8TER0	SNED1_HUMAN
ENSP00000265022	P49619	DGKG_HUMAN
ENSP00000448680	Q96K30	RITA1_HUMAN
ENSP00000366525	P02792	FRIL_HUMAN
ENSP00000366404	P14373	TRI27_HUMAN
ENSP00000355340	Q9NRW3	ABC3C_HUMAN
ENSP00000483005	Q96A61	TRI52_HUMAN
ENSP00000463051	Q9UK05	GDF2_HUMAN
ENSP00000371141	A6NDE8	GG12H_HUMAN
ENSP00000459439	I3L273	GFY_HUMAN
ENSP00000362936	Q9NX07	TSAP1_HUMAN
ENSP00000297436	Q01524	DEF6_HUMAN
ENSP00000351530	P98168	ZXDA_HUMAN
ENSP00000301068	Q8TAI7	REBL1_HUMAN
ENSP00000348635	Q86YT9	JAML_HUMAN
ENSP00000238609	Q9H2X8	I27L2_HUMAN
ENSP00000315700	Q13112	CAF1B_HUMAN
ENSP00000356016	E9PDY4	E9PDY4_HUMAN
ENSP00000417548	Q6P3W2	DJC24_HUMAN
ENSP00000374354	Q96B26	EXOS8_HUMAN
ENSP00000408146	P04440	DPB1_HUMAN
ENSP00000375899	Q13342	SP140_HUMAN
ENSP00000298223	P14207	FOLR2_HUMAN
ENSP00000361595	Q96PL5	ERMAP_HUMAN
ENSP00000311300	P56202	CATW_HUMAN
ENSP00000465712	Q8WW14	SMIP5_HUMAN
ENSP00000479203	B2RXH8	HNRC2_HUMAN
ENSP00000272367	Q8N1N0	CLC4F_HUMAN
ENSP00000481815	A6NLI5	TR64C_HUMAN
ENSP00000364578	P18615	NELFE_HUMAN
ENSP00000331614	Q13422	IKZF1_HUMAN
ENSP00000384359	P31941	ABC3A_HUMAN
ENSP00000313158	Q8N895	ZN366_HUMAN
ENSP00000484261	P0C5Y9	H2AB1_HUMAN
ENSP00000413707	Q8TF66	LRC15_HUMAN
ENSP00000394331	Q9GZQ3	COMD5_HUMAN
ENSP00000222968	Q13442	HAP28_HUMAN
ENSP00000316228	Q9H2X3	CLC4M_HUMAN
ENSP00000055682	Q5QGS0	NEXMI_HUMAN
ENSP00000497382	P19397	CD53_HUMAN
ENSP00000476815	P16260	GDC_HUMAN
ENSP00000297848	Q05707	COEA1_HUMAN
ENSP00000386840	A4UGR9	XIRP2_HUMAN
ENSP00000291759	P59901	LIRA4_HUMAN
ENSP00000261340	Q9UHP7	CLC2D_HUMAN
ENSP00000391583	Q9HBI0	PARVG_HUMAN
ENSP00000338927	Q96PM9	Z385A_HUMAN
ENSP00000266556	Q9BX59	TPSNR_HUMAN
ENSP00000340243	Q13530	SERC3_HUMAN
ENSP00000259951	P30511	HLAF_HUMAN
ENSP00000418008	P82650	RT22_HUMAN
ENSP00000355889	Q9NSE4	SYIM_HUMAN
ENSP00000229829	P06340	DOA_HUMAN
ENSP00000347041	Q06828	FMOD_HUMAN
ENSP00000262345	Q99665	I12R2_HUMAN
ENSP00000417626	Q96HP8	T176A_HUMAN
ENSP00000267415	Q9BSI4	TINF2_HUMAN
ENSP00000410446	Q12899	TRI26_HUMAN
ENSP00000496470	A0A2R8Y7X9	A0A2R8Y7X9_HUMAN
ENSP00000367939	O14949	QCR8_HUMAN
ENSP00000333779	P34910	EVI2B_HUMAN
ENSP00000356280	Q9Y5J5	PHLA3_HUMAN
ENSP00000497401	Q495X7	TRI60_HUMAN
ENSP00000394623	A6NNL0	NTM2B_HUMAN
ENSP00000387050	Q8IV08	PLD3_HUMAN
ENSP00000412869	Q9UKS7	IKZF2_HUMAN
ENSP00000312027	P09564	CD7_HUMAN
ENSP00000261652	O14836	TR13B_HUMAN
ENSP00000331927	Q5FWF6	ZN789_HUMAN
ENSP00000289707	Q9P0V8	SLAF8_HUMAN
ENSP00000226299	P28838	AMPL_HUMAN
ENSP00000356057	Q9P2C4	TM181_HUMAN
ENSP00000378431	Q13201	MMRN1_HUMAN
ENSP00000381214	P0DJD1	RGPD2_HUMAN
ENSP00000387159	P23582	ANFC_HUMAN
ENSP00000359114	P12107	COBA1_HUMAN
ENSP00000364076	P01906	DQA2_HUMAN
ENSP00000295049	Q52LD8	RFTN2_HUMAN
ENSP00000263285	Q9HBG7	LY9_HUMAN
ENSP00000407182	O14787	TNPO2_HUMAN
ENSP00000388566	P49662	CASP4_HUMAN
ENSP00000436897	Q9BZL3	SMIM3_HUMAN
ENSP00000269499	Q9C0B9	ZCHC2_HUMAN
ENSP00000316950	A0A0A0MR39	A0A0A0MR39_HUMAN
ENSP00000384214	A1L429	GG12C_HUMAN
ENSP00000358765	Q13641	TPBG_HUMAN
ENSP00000221972	P11912	CD79A_HUMAN
ENSP00000344577	O95236	APOL3_HUMAN
ENSP00000280684	P17658	KCNA6_HUMAN
ENSP00000315035	Q7Z4L9	PPR42_HUMAN
ENSP00000351790	Q86TC9	MYPN_HUMAN
ENSP00000318158	Q96EL2	RT24_HUMAN
ENSP00000414517	Q13495	MAMD1_HUMAN
ENSP00000397911	Q9H930	SP14L_HUMAN
ENSP00000221922	Q9Y3X0	CCDC9_HUMAN
ENSP00000446184	Q5JTH9	RRP12_HUMAN
ENSP00000388001	P00973	OAS1_HUMAN
ENSP00000489317	P62807	H2B1C_HUMAN
ENSP00000360181	O60880	SH21A_HUMAN
ENSP00000480421	Q9BXP5	SRRT_HUMAN
ENSP00000256644	A0A8Z5A536	A0A8Z5A536_HUMAN
ENSP00000317891	Q15025	TNIP1_HUMAN
ENSP00000484689	Q01629	IFM2_HUMAN
ENSP00000302046	Q93091	RNAS6_HUMAN
ENSP00000371194	P33241	LSP1_HUMAN
ENSP00000255476	O00287	RFXAP_HUMAN
ENSP00000470129	Q16674	MIA_HUMAN
ENSP00000317331	P51571	SSRD_HUMAN
ENSP00000253039	P41091	IF2G_HUMAN
ENSP00000237281	Q8TB52	FBX30_HUMAN
ENSP00000378409	Q9H7M9	VISTA_HUMAN
ENSP00000422947	Q9BYJ4	TRI34_HUMAN
ENSP00000254730	P57772	SELB_HUMAN
ENSP00000370966	O95825	QORL1_HUMAN
ENSP00000472249	O60234	GMFG_HUMAN
ENSP00000317817	Q8N5H7	SH2D3_HUMAN
ENSP00000301547	Q9Y2A4	ZN443_HUMAN
ENSP00000421191	Q8N9C0	IGS22_HUMAN
ENSP00000334430	Q8IZT9	FAM9C_HUMAN
ENSP00000229335	Q9GZX7	AICDA_HUMAN
ENSP00000477563	Q95460	HMR1_HUMAN
ENSP00000258975	Q9BSH4	TACO1_HUMAN
ENSP00000491320	A6NK02	TRI75_HUMAN
ENSP00000303920	Q8WU39	MZB1_HUMAN
ENSP00000263636	O60449	LY75_HUMAN
ENSP00000390331	I3L0E3	I3L0E3_HUMAN
ENSP00000345633	Q8WW36	ZCH13_HUMAN
ENSP00000371126	Q8IVF1	NTM2A_HUMAN
ENSP00000277554	Q96BF6	NACC2_HUMAN
ENSP00000443194	F5H5R8	F5H5R8_HUMAN
ENSP00000264828	P25940	CO5A3_HUMAN
ENSP00000368544	Q6UXI7	VITRN_HUMAN
ENSP00000371505	Q6EIG7	CLC6A_HUMAN
ENSP00000341787	Q6UXE8	BTNL3_HUMAN
ENSP00000355437	Q8NG06	TRI58_HUMAN
ENSP00000302833	Q8WWP7	GIMA1_HUMAN
ENSP00000478017	B7ZW38	HNRC3_HUMAN
ENSP00000250831	Q15415	RBY1F_HUMAN
ENSP00000397679	P21128	ENDOU_HUMAN
ENSP00000369299	Q8IYM9	TRI22_HUMAN
ENSP00000440365	Q15973	ZN124_HUMAN
ENSP00000230053	Q9NPZ5	B3GA2_HUMAN
ENSP00000245457	P43116	PE2R2_HUMAN
ENSP00000476253	B3KS81	SRRM5_HUMAN
ENSP00000442563	Q9UHN1	DPOG2_HUMAN
ENSP00000409832	A6NER3	GG12J_HUMAN
ENSP00000421915	Q499Z4	ZN672_HUMAN
ENSP00000347495	P23381	SYWC_HUMAN
ENSP00000334714	Q86VF2	IGFN1_HUMAN
ENSP00000386810	Q7Z3J3	RGPD4_HUMAN
ENSP00000370697	Q86VZ1	P2RY8_HUMAN
ENSP00000372154	P0DJD3	RBY1A_HUMAN
ENSP00000259989	Q9BYJ0	FGFP2_HUMAN
ENSP00000328625	Q86YC3	LRC33_HUMAN
ENSP00000329295	O95157	NXPH3_HUMAN
ENSP00000338648	Q96JQ5	M4A4A_HUMAN
ENSP00000300747	Q6AZZ1	TRI68_HUMAN
ENSP00000455145	H3BP45	H3BP45_HUMAN
ENSP00000410858	P0CG21	NHLC4_HUMAN
ENSP00000320509	Q8NDB2	BANK1_HUMAN
ENSP00000472465	M0R2C6	M0R2C6_HUMAN
ENSP00000267396	Q8IYK8	REM2_HUMAN
ENSP00000356992	Q7Z6I6	RHG30_HUMAN
ENSP00000465759	O00411	RPOM_HUMAN
ENSP00000363330	P31358	CD52_HUMAN
ENSP00000287490	Q02221	CX6A2_HUMAN
ENSP00000381949	Q5TAT6	CODA1_HUMAN
ENSP00000349359	O75995	SASH3_HUMAN
ENSP00000326759	Q6UXM1	LRIG3_HUMAN
ENSP00000286794	Q9BSU3	NAA11_HUMAN
ENSP00000355421	Q6NT46	GAG2A_HUMAN
ENSP00000228887	Q9NZD1	GPC5D_HUMAN
ENSP00000343629	Q9Y520	PRC2C_HUMAN
ENSP00000334853	Q8NEP9	ZN555_HUMAN
ENSP00000428585	Q96EX1	SIM12_HUMAN
ENSP00000315265	Q8N1N2	DYNAP_HUMAN
ENSP00000267569	Q8WYK2	JDP2_HUMAN
ENSP00000222224	Q96BZ8	LENG1_HUMAN
ENSP00000360899	Q7L4P6	BEND5_HUMAN
ENSP00000359643	Q9UBY5	LPAR3_HUMAN
ENSP00000480715	A0A087WX45	A0A087WX45_HUMAN
ENSP00000427555	D6RIA3	CD054_HUMAN
ENSP00000451506	P56279	TCL1A_HUMAN
ENSP00000490412	A0A1B0GV85	RELD1_HUMAN
ENSP00000433760	O75531	BAF_HUMAN
ENSP00000296506	O75711	SCRG1_HUMAN
ENSP00000408598	A6NDY0	EPAB2_HUMAN
ENSP00000331172	P10966	CD8B_HUMAN
ENSP00000379946	Q9NZM4	BICRA_HUMAN
ENSP00000479921	A0AAG2SWP8	A0AAG2SWP8_HUMAN
ENSP00000259030	Q96DX8	RTP4_HUMAN
ENSP00000253262	A1L443	NTM2F_HUMAN
ENSP00000417763	P41227	NAA10_HUMAN
ENSP00000254630	Q96EY7	PTCD3_HUMAN
ENSP00000483811	Q4V321	GAG13_HUMAN
ENSP00000376786	Q16633	OBF1_HUMAN
ENSP00000428845	Q9Y277	VDAC3_HUMAN
ENSP00000386894	Q9BWF3	RBM4_HUMAN
ENSP00000430494	P14927	QCR7_HUMAN
ENSP00000367705	Q6W2J9	BCOR_HUMAN
ENSP00000372105	A6NEQ0	RBY1E_HUMAN
ENSP00000305107	Q8ND71	GIMA8_HUMAN
ENSP00000385057	Q9HC16	ABC3G_HUMAN
ENSP00000321077	Q9NYZ4	SIGL8_HUMAN
ENSP00000256722	Q5EBM0	CMPK2_HUMAN
ENSP00000323063	Q2VIR3	IF2GL_HUMAN
ENSP00000342197	Q6UX41	BTNL8_HUMAN
ENSP00000295666	Q16270	IBP7_HUMAN
ENSP00000491865	P0CL80	GG12F_HUMAN
ENSP00000251642	Q96C10	DHX58_HUMAN
ENSP00000482548	P78356	PI42B_HUMAN
ENSP00000488404	A0A0J9YXH5	A0A0J9YXH5_HUMAN
ENSP00000384369	A6NJ78	MET15_HUMAN
ENSP00000417185	Q6PCB0	VWA1_HUMAN
ENSP00000483764	A6NGJ6	TRI64_HUMAN
ENSP00000357150	P29016	CD1B_HUMAN
ENSP00000253799	O75106	AOC2_HUMAN
ENSP00000446872	O43716	GATC_HUMAN
ENSP00000357047	Q9ULK4	MED23_HUMAN
ENSP00000274963	Q7Z6J4	FGD2_HUMAN
ENSP00000244360	Q9H2S5	RNF39_HUMAN
ENSP00000377284	P15328	FOLR1_HUMAN
ENSP00000445633	P62807	H2B1C_HUMAN
ENSP00000265564	Q15024	EXOS7_HUMAN
ENSP00000468782	A1YPR0	ZBT7C_HUMAN
ENSP00000297596	P55040	GEM_HUMAN
ENSP00000198536	Q9UKJ1	PILRA_HUMAN
ENSP00000485450	P0DMR1	HNRC4_HUMAN
ENSP00000300184	Q9GZW8	MS4A7_HUMAN
ENSP00000478568	Q4V326	GAG2E_HUMAN
ENSP00000301396	C9JFV4	C9JFV4_HUMAN
ENSP00000341821	P25089	FPR3_HUMAN
ENSP00000243997	P56381	ATP5E_HUMAN
ENSP00000267549	Q8IYL9	GPR65_HUMAN
ENSP00000267615	Q13572	ITPK1_HUMAN
ENSP00000264968	Q9UM21	MGT4A_HUMAN
ENSP00000363745	O43390	HNRPR_HUMAN
ENSP00000312770	Q8N8R5	CB069_HUMAN
ENSP00000376395	Q496F6	CLM2_HUMAN
ENSP00000342681	P06127	CD5_HUMAN
ENSP00000351250	Q9UPN9	TRI33_HUMAN
ENSP00000364398	Q5JVS0	HABP4_HUMAN
ENSP00000477920	A0A087WTJ2	A0A087WTJ2_HUMAN
ENSP00000264313	Q9P270	SLAI2_HUMAN
ENSP00000294507	Q13571	LAPM5_HUMAN
ENSP00000302456	Q9Y2Y9	KLF13_HUMAN
ENSP00000488302	A0A0J9YX94	PMA6F_HUMAN
ENSP00000357022	Q9NQ25	SLAF7_HUMAN
ENSP00000256447	Q99467	CD180_HUMAN
ENSP00000358939	Q5T5C7	Q5T5C7_HUMAN
ENSP00000381492	Q9GZY6	NTAL_HUMAN
ENSP00000266269	Q9HBE1	PATZ1_HUMAN
ENSP00000479580	B4DH95	B4DH95_HUMAN
ENSP00000395461	C9JJ37	BTBDJ_HUMAN
ENSP00000357086	Q6DN72	FCRL6_HUMAN
ENSP00000171757	O00398	P2Y10_HUMAN
ENSP00000461930	P82921	RT21_HUMAN
ENSP00000328207	Q9Y5U5	TNR18_HUMAN
ENSP00000378702	P25440	BRD2_HUMAN
ENSP00000360216	P04053	TDT_HUMAN
ENSP00000364794	P41252	SYIC_HUMAN
ENSP00000263379	Q6UWB1	I27RA_HUMAN
ENSP00000356024	P20023	CR2_HUMAN
ENSP00000211076	Q9BZJ3	TRYD_HUMAN
ENSP00000377504	Q96IQ9	ZN414_HUMAN
ENSP00000401264	Q9NRF8	PYRG2_HUMAN
ENSP00000367300	Q6IV72	ZN425_HUMAN
ENSP00000253697	Q8ND61	CC020_HUMAN
ENSP00000366937	P78410	BT3A2_HUMAN
ENSP00000357883	Q99755	PI51A_HUMAN
ENSP00000392812	Q8WYR1	PI3R5_HUMAN
ENSP00000281828	Q9NSD9	SYFB_HUMAN
ENSP00000362244	Q3KQU3	MA7D1_HUMAN
ENSP00000398617	Q8N5Q1	GAR5B_HUMAN
ENSP00000384886	P13284	GILT_HUMAN
ENSP00000259983	Q5T4I8	CF052_HUMAN
ENSP00000462309	J3KS52	J3KS52_HUMAN
ENSP00000323670	O95365	ZBT7A_HUMAN
ENSP00000199708	P09105	HBAT_HUMAN
ENSP00000241463	Q6T310	RSLBA_HUMAN
ENSP00000273371	Q53H76	PLA1A_HUMAN
ENSP00000251372	O75019	LIRA1_HUMAN
ENSP00000436049	Q7L2H7	EIF3M_HUMAN
ENSP00000221132	O00220	TR10A_HUMAN
ENSP00000363513	Q5T1S8	NCMAP_HUMAN
ENSP00000435150	Q6ZU52	K0408_HUMAN
ENSP00000325708	P11049	CD37_HUMAN
ENSP00000253719	O96009	NAPSA_HUMAN
ENSP00000490644	A0A1B0GVT2	SIM36_HUMAN
ENSP00000313933	Q6AI39	BICRL_HUMAN
ENSP00000361548	P40238	TPOR_HUMAN
ENSP00000323328	Q9Y286	SIGL7_HUMAN
ENSP00000407521	B1AL46	NTM2E_HUMAN
ENSP00000338010	Q9HBE5	IL21R_HUMAN
ENSP00000371116	Q5VT03	NTM2D_HUMAN
ENSP00000256953	Q96A58	RERG_HUMAN
ENSP00000248342	Q9UBQ5	EIF3K_HUMAN
ENSP00000354886	Q6Q0C1	S2547_HUMAN
ENSP00000333697	Q7Z7N9	T179B_HUMAN
ENSP00000215770	A6NHG4	DDTL_HUMAN
ENSP00000268058	P29590	PML_HUMAN
ENSP00000447651	Q49AM1	MTEF2_HUMAN
ENSP00000280481	Q5SZK8	FREM2_HUMAN
ENSP00000462980	J3KTH2	J3KTH2_HUMAN
ENSP00000349143	Q8WVV5	BT2A2_HUMAN
ENSP00000242786	P48960	AGRE5_HUMAN
ENSP00000484252	Q3SY00	T10IP_HUMAN
ENSP00000388806	E7EX17	E7EX17_HUMAN
ENSP00000412130	Q9Y6F6	IRAG1_HUMAN
ENSP00000367498	Q8N1G4	LRC47_HUMAN
ENSP00000375622	Q6GTX8	LAIR1_HUMAN
ENSP00000359778	Q9HBW9	AGRL4_HUMAN
ENSP00000265440	O14948	TFEC_HUMAN
ENSP00000371117	A1L429	GG12C_HUMAN
ENSP00000254868	Q8IUN9	CLC10_HUMAN
ENSP00000325017	Q15021	CND1_HUMAN
ENSP00000462054	A6NM28	ZFP92_HUMAN
ENSP00000262210	A0A7I2PHE7	A0A7I2PHE7_HUMAN
ENSP00000386911	P42331	RHG25_HUMAN
ENSP00000365884	Q9C019	TRI15_HUMAN
ENSP00000328230	O14843	FFAR3_HUMAN
ENSP00000401502	O43699	SIGL6_HUMAN
ENSP00000359512	Q9H0R5	GBP3_HUMAN
ENSP00000385741	Q6NTF7	ABC3H_HUMAN
ENSP00000253796	O60895	RAMP2_HUMAN
ENSP00000301587	O75947	ATP5H_HUMAN
ENSP00000370010	P62328	TYB4_HUMAN
ENSP00000390613	Q9UIR0	BTNL2_HUMAN
ENSP00000247470	Q9ULZ3	ASC_HUMAN
ENSP00000334940	Q86UU5	GGN_HUMAN
ENSP00000402060	A0A0C4DG49	A0A0C4DG49_HUMAN
ENSP00000385415	A6NGK3	GAG10_HUMAN
ENSP00000403104	Q6IA17	SIGIR_HUMAN
ENSP00000359783	Q8TCB0	IFI44_HUMAN
ENSP00000265162	Q07075	AMPE_HUMAN
ENSP00000377224	P55273	CDN2D_HUMAN
ENSP00000361397	Q5VZR2	NTM2G_HUMAN
ENSP00000417303	O95600	KLF8_HUMAN
ENSP00000326247	Q8IVG5	SAM9L_HUMAN
ENSP00000453177	Q86WT6	TRI69_HUMAN
ENSP00000346442	Q12912	IRAG2_HUMAN
ENSP00000294338	Q13113	PDZ1I_HUMAN
ENSP00000315474	Q8NHV1	GIMA7_HUMAN
ENSP00000354335	Q2M385	MPEG1_HUMAN
ENSP00000319883	Q9UHX3	AGRE2_HUMAN
ENSP00000289361	O00481	BT3A1_HUMAN
ENSP00000217195	Q9GZN8	ADSSP_HUMAN
ENSP00000412363	Q7Z4V0	ZN438_HUMAN
ENSP00000357594	Q5R3K3	CAHM6_HUMAN
ENSP00000370214	Q9BU64	CENPO_HUMAN
ENSP00000290524	P48382	RFX5_HUMAN
ENSP00000355623	Q9H425	CA198_HUMAN
ENSP00000406286	O15156	ZBT7B_HUMAN
ENSP00000363557	Q5VTT5	MYOM3_HUMAN
ENSP00000425915	P49908	SEPP1_HUMAN
ENSP00000244519	O00478	BT3A3_HUMAN
ENSP00000227348	O95727	CRTAM_HUMAN
ENSP00000310622	Q8WW27	ABEC4_HUMAN
ENSP00000480157	Q5UE93	PI3R6_HUMAN
ENSP00000347032	Q8TBX8	PI42C_HUMAN
ENSP00000258742	O15504	NUP42_HUMAN
ENSP00000373918	P41250	GARS_HUMAN
ENSP00000355493	P30520	PURA2_HUMAN
ENSP00000365370	O60812	HNRC1_HUMAN
ENSP00000227471	Q9H1C4	UN93B_HUMAN
ENSP00000318684	Q96IQ7	VSIG2_HUMAN
ENSP00000376544	P40259	CD79B_HUMAN
ENSP00000267291	Q8IZP6	R113B_HUMAN
ENSP00000357474	Q5SZL2	CE85L_HUMAN
ENSP00000326095	Q96A37	RN166_HUMAN
ENSP00000289429	P06126	CD1A_HUMAN
ENSP00000444896	Q86Y26	NUTM1_HUMAN
ENSP00000312158	Q7KYR7	BT2A1_HUMAN
ENSP00000290401	Q9Y639	NPTN_HUMAN
ENSP00000357072	Q96A28	SLAF9_HUMAN
ENSP00000390353	H7BZM6	H7BZM6_HUMAN
ENSP00000235521	Q9UGM6	SYWM_HUMAN
ENSP00000311010	Q9UKW6	ELF5_HUMAN
ENSP00000447000	H0YHG0	H0YHG0_HUMAN
ENSP00000347277	Q86TS9	RM52_HUMAN
ENSP00000396163	Q6UVW9	CLC2A_HUMAN
ENSP00000256079	O15397	IPO8_HUMAN
ENSP00000438677	F5H2B5	F5H2B5_HUMAN
ENSP00000483713	Q9NZS2	KLRF1_HUMAN
ENSP00000217909	Q8WUT9	S2543_HUMAN
ENSP00000498687	A0A087WV53	SPEGN_HUMAN
ENSP00000233143	P63313	TYB10_HUMAN
ENSP00000351040	Q9NTX9	F217B_HUMAN
ENSP00000410798	P55899	FCGRN_HUMAN
ENSP00000356936	Q7L513	FCRLA_HUMAN
ENSP00000344218	Q8NEQ5	CA162_HUMAN
ENSP00000359488	Q96PP8	GBP5_HUMAN
ENSP00000333041	J3KNP8	J3KNP8_HUMAN
ENSP00000496942	Q8N5M9	JAGN1_HUMAN
ENSP00000367013	Q93038	TNR25_HUMAN
ENSP00000496168	Q9H165	BC11A_HUMAN
ENSP00000375616	Q8NHJ6	LIRB4_HUMAN
ENSP00000433427	Q9NXU5	ARL15_HUMAN
ENSP00000368872	Q1MX18	INSC_HUMAN
ENSP00000397103	A1L429	GG12C_HUMAN
ENSP00000354091	Q9NVN8	GNL3L_HUMAN
ENSP00000454303	Q2VPB7	AP5B1_HUMAN
ENSP00000359504	P32455	GBP1_HUMAN
ENSP00000494480	A0A2R8YEM9	A0A2R8YEM9_HUMAN
ENSP00000262150	Q9H159	CAD19_HUMAN
ENSP00000379372	P52657	T2AG_HUMAN
ENSP00000367391	P0DJD7	PEPA4_HUMAN
ENSP00000485378	A0A096LP39	A0A096LP39_HUMAN
ENSP00000265769	Q9UKQ2	ADA28_HUMAN
ENSP00000332983	Q6ICG8	WBP2L_HUMAN
ENSP00000359485	Q6ZN66	GBP6_HUMAN
ENSP00000332288	Q5EBN2	TRI61_HUMAN
ENSP00000344393	Q9Y324	FCF1_HUMAN
ENSP00000414302	Q8WXF0	SRS12_HUMAN
ENSP00000419545	G5E9W9	G5E9W9_HUMAN
ENSP00000412457	F6UB75	F6UB75_HUMAN
ENSP00000252593	Q10589	BST2_HUMAN
ENSP00000376035	Q9Y2Y4	ZBT32_HUMAN
ENSP00000244513	Q13410	BT1A1_HUMAN
ENSP00000480467	A0A087WWS6	IFNAD_HUMAN
ENSP00000349596	O00635	TRI38_HUMAN
ENSP00000348064	Q13508	NAR3_HUMAN
ENSP00000416249	P0CL81	GG12G_HUMAN
ENSP00000479243	Q19T08	ECSCR_HUMAN
ENSP00000217423	P01036	CYTS_HUMAN
ENSP00000403310	Q16560	U1SBP_HUMAN
ENSP00000378340	A8MXH5	A8MXH5_HUMAN
ENSP00000348216	Q9C037	TRIM4_HUMAN
ENSP00000356233	Q9UGL1	KDM5B_HUMAN
ENSP00000363031	Q5TEJ8	THMS2_HUMAN
ENSP00000360664	Q96K17	BT3L4_HUMAN
ENSP00000372484	A6NDE4	RBY1B_HUMAN
ENSP00000311684	Q15772	SPEG_HUMAN
ENSP00000332969	A6NI03	TR64B_HUMAN
ENSP00000420357	Q9H446	RWDD1_HUMAN
ENSP00000348074	Q6UXN8	CLC9A_HUMAN
ENSP00000308717	Q96GC5	RM48_HUMAN
ENSP00000476252	U3KQV3	U3KQV3_HUMAN
ENSP00000344544	Q9UKT9	IKZF3_HUMAN
ENSP00000406478	O75023	LIRB5_HUMAN
ENSP00000365844	Q9HCM9	TRI39_HUMAN
ENSP00000325663	Q9BYH8	IKBZ_HUMAN
ENSP00000381386	P30046	DOPD_HUMAN
ENSP00000382707	Q01628	IFM3_HUMAN
ENSP00000361004	Q14627	I13R2_HUMAN
ENSP00000444210	Q9Y5P3	RAI2_HUMAN
ENSP00000284551	Q96F44	TRI11_HUMAN
ENSP00000386118	O43247	CMIP4_HUMAN
ENSP00000491546	Q8N4Z0	RAB42_HUMAN
ENSP00000325589	Q14761	PTCA_HUMAN
ENSP00000247270	P22794	EVI2A_HUMAN
ENSP00000264982	Q8NHQ1	CEP70_HUMAN
ENSP00000359939	Q9Y3B2	EXOS1_HUMAN
ENSP00000411613	P19801	AOC1_HUMAN
ENSP00000295971	A0AV96	RBM47_HUMAN
ENSP00000324191	Q8N5I3	KCNRG_HUMAN
ENSP00000379330	Q13469	NFAC2_HUMAN
ENSP00000215957	Q8N3F8	MILK1_HUMAN
ENSP00000330032	Q16831	UPP1_HUMAN
ENSP00000010299	Q8TAV0	FA76A_HUMAN
ENSP00000365840	O75354	ENTP6_HUMAN
ENSP00000255613	Q86Y97	KMT5C_HUMAN
ENSP00000351631	Q5HYJ3	FA76B_HUMAN
ENSP00000479370	A0A087WVD9	A0A087WVD9_HUMAN
ENSP00000278826	Q9NPI0	TM138_HUMAN
ENSP00000336724	Q8WUA7	TB22A_HUMAN
ENSP00000499241	Q14BN4	SLMAP_HUMAN
ENSP00000369192	F8W6G1	F8W6G1_HUMAN
ENSP00000321271	Q9NR77	PXMP2_HUMAN
ENSP00000262633	Q9BTD8	RBM42_HUMAN
ENSP00000243563	P09012	SNRPA_HUMAN
ENSP00000257181	Q8NAV1	PR38A_HUMAN
ENSP00000321706	P57678	GEMI4_HUMAN
ENSP00000468411	Q9NZ42	PEN2_HUMAN
ENSP00000431814	E9PJI5	NPIA7_HUMAN
ENSP00000339918	Q6P2D8	XRRA1_HUMAN
ENSP00000295926	Q9UK58	CCNL1_HUMAN
ENSP00000292314	J3KR35	J3KR35_HUMAN
ENSP00000318029	Q3SX64	CMA1D_HUMAN
ENSP00000350071	Q13033	STRN3_HUMAN
ENSP00000327197	Q96HI0	SENP5_HUMAN
ENSP00000233336	Q8NG68	TTL_HUMAN
ENSP00000296498	P56730	NETR_HUMAN
ENSP00000383690	O00187	MASP2_HUMAN
ENSP00000359446	P15169	CBPN_HUMAN
ENSP00000360280	O75553	DAB1_HUMAN
ENSP00000482232	A0A087WYZ4	A0A087WYZ4_HUMAN
ENSP00000261714	Q13867	BLMH_HUMAN
ENSP00000476746	P24278	ZBT25_HUMAN
ENSP00000418944	Q86TG7	PEG10_HUMAN
ENSP00000493607	A0A2R8Y3M9	A0A2R8Y3M9_HUMAN
ENSP00000168148	Q13103	SPP24_HUMAN
ENSP00000269202	Q16820	MEP1B_HUMAN
ENSP00000352639	P08217	CEL2A_HUMAN
ENSP00000352927	Q9Y4B5	MTCL1_HUMAN
ENSP00000259938	P04118	COL_HUMAN
ENSP00000259407	Q14032	BAAT_HUMAN
ENSP00000347872	Q99536	VAT1_HUMAN
ENSP00000344458	P22891	PROZ_HUMAN
ENSP00000239666	Q5EBL8	PDZ11_HUMAN
ENSP00000309542	P0DJD9	PEPA5_HUMAN
ENSP00000255192	Q9H2M3	BHMT2_HUMAN
ENSP00000264376	P07320	CRGD_HUMAN
ENSP00000307666	Q96JG6	VPS50_HUMAN
ENSP00000386104	P16870	CBPE_HUMAN
ENSP00000354255	Q66K79	CBPZ_HUMAN
ENSP00000384894	A6NM10	AQ12B_HUMAN
ENSP00000238558	P56915	GSC_HUMAN
ENSP00000338512	J3KNS1	J3KNS1_HUMAN
ENSP00000353739	Q96MG8	PCMD1_HUMAN
ENSP00000369798	Q969E3	UCN3_HUMAN
ENSP00000410815	B4E1Z4	B4E1Z4_HUMAN
ENSP00000294064	Q9UQ49	NEUR3_HUMAN
ENSP00000494485	A0A2R8Y634	A0A2R8Y634_HUMAN
ENSP00000380747	Q96SK2	TM209_HUMAN
ENSP00000299367	P06681	CO2_HUMAN
ENSP00000356687	Q5TAH2	SL9C2_HUMAN
ENSP00000435582	Q5U5Z8	CBPC2_HUMAN
ENSP00000332208	Q8HWS3	RFX6_HUMAN
ENSP00000492058	A0A6Q8NYF4	A0A6Q8NYF4_HUMAN
ENSP00000356104	Q6GTS8	P20D1_HUMAN
ENSP00000344545	Q8TD33	SG1C1_HUMAN
ENSP00000376421	Q58EX2	SDK2_HUMAN
ENSP00000364257	Q9NZK7	PA2GE_HUMAN
ENSP00000326652	Q96KD3	GAR1B_HUMAN
ENSP00000352458	Q02325	PLGB_HUMAN
ENSP00000380440	F8WCM5	INSR2_HUMAN
ENSP00000357581	Q9C056	NKX62_HUMAN
ENSP00000478830	Q7RTY8	TMPS7_HUMAN
ENSP00000414644	Q8N187	CARTF_HUMAN
ENSP00000295727	Q99581	FEV_HUMAN
ENSP00000339157	P14384	CBPM_HUMAN
ENSP00000484497	A0A087X1V8	A0A087X1V8_HUMAN
ENSP00000471646	P0DMR2	SG1C2_HUMAN
ENSP00000347933	Q02325	PLGB_HUMAN
ENSP00000499089	P48147	PPCE_HUMAN
ENSP00000246895	P02808	STAT_HUMAN
ENSP00000322192	P0DJD8	PEPA3_HUMAN
ENSP00000326708	Q7RTY7	OVCH1_HUMAN
ENSP00000362751	Q9Y3P9	RBGP1_HUMAN
ENSP00000371291	O15079	SNPH_HUMAN
ENSP00000230321	Q99750	MDFI_HUMAN
ENSP00000331211	Q6ZSC3	RBM43_HUMAN
ENSP00000377520	Q8IV01	SYT12_HUMAN
ENSP00000368666	Q96NR3	PTHD1_HUMAN
ENSP00000324419	Q86SS6	SYT9_HUMAN
ENSP00000318298	Q96IP4	TET5A_HUMAN
ENSP00000322373	Q9H8W4	PKHF2_HUMAN
ENSP00000437968	F5H619	F5H619_HUMAN
ENSP00000369391	O75818	RPP40_HUMAN
ENSP00000261383	Q8TD57	DYH3_HUMAN
ENSP00000363441	Q9BQS2	SYT15_HUMAN
ENSP00000355387	Q8TAC9	SCAM5_HUMAN
ENSP00000320688	Q96CQ1	S2536_HUMAN
ENSP00000365505	Q04941	PLP2_HUMAN
ENSP00000281830	Q8WWG9	KCNE4_HUMAN
ENSP00000350364	Q7Z3B1	NEGR1_HUMAN
ENSP00000478179	A0A087WTW5	A0A087WTW5_HUMAN
ENSP00000263080	P45381	ACY2_HUMAN
ENSP00000485401	A0A096LP55	QCR6L_HUMAN
ENSP00000333551	O94903	PLPHP_HUMAN
ENSP00000239032	P49683	PRLHR_HUMAN
ENSP00000356211	Q8IXX5	T183A_HUMAN
ENSP00000294742	O15511	ARPC5_HUMAN
ENSP00000347206	O43292	GPAA1_HUMAN
ENSP00000391739	Q9UG56	PISD_HUMAN
ENSP00000419475	Q86X83	COMD2_HUMAN
ENSP00000260126	Q9H2Y9	SO5A1_HUMAN
ENSP00000361087	O76070	SYUG_HUMAN
ENSP00000436152	O14683	P5I11_HUMAN
ENSP00000473929	Q14802	FXYD3_HUMAN
ENSP00000367050	O95197	RTN3_HUMAN
ENSP00000251038	Q6PJT7	ZC3HE_HUMAN
ENSP00000464383	L7N2F9	L7N2F9_HUMAN
ENSP00000396843	P08651	NFIC_HUMAN
ENSP00000214869	Q13445	TMED1_HUMAN
ENSP00000354929	Q7Z3S9	NT2NA_HUMAN
ENSP00000478933	A0A096LNH4	A0A096LNH4_HUMAN
ENSP00000347792	O15056	SYNJ2_HUMAN
ENSP00000359675	P63218	GBG5_HUMAN
ENSP00000344488	Q9HDC5	JPH1_HUMAN
ENSP00000354652	P25929	NPY1R_HUMAN
ENSP00000327760	E7ENG2	E7ENG2_HUMAN
ENSP00000454926	Q8NHV5	MOSMO_HUMAN
ENSP00000244769	P54253	ATX1_HUMAN
ENSP00000380921	Q96B97	SH3K1_HUMAN
ENSP00000490116	Q96JN0	LCOR_HUMAN
ENSP00000341489	Q6ZW31	SYDE1_HUMAN
ENSP00000355747	P49810	PSN2_HUMAN
ENSP00000365433	Q9Y242	TCF19_HUMAN
ENSP00000368320	Q8N7X4	MAGB6_HUMAN
ENSP00000354829	Q86VZ5	SMS1_HUMAN
ENSP00000259845	Q9UIG4	PS1C2_HUMAN
ENSP00000359305	Q9Y3A6	TMED5_HUMAN
ENSP00000313226	P60606	CTXN1_HUMAN
ENSP00000411593	P23415	GLRA1_HUMAN
ENSP00000349785	Q9BXW4	MLP3C_HUMAN
ENSP00000420658	C9JCY4	C9JCY4_HUMAN
ENSP00000316007	Q969E2	SCAM4_HUMAN
ENSP00000396320	P35499	SCN4A_HUMAN
ENSP00000419000	Q13449	LSAMP_HUMAN
ENSP00000360526	O75362	ZN217_HUMAN
ENSP00000243346	Q13287	NMI_HUMAN
ENSP00000477352	A0A0C4DGB0	A0A0C4DGB0_HUMAN
ENSP00000297431	O43913	ORC5_HUMAN
ENSP00000295030	Q92968	PEX13_HUMAN
ENSP00000364737	Q6IPU0	CENPP_HUMAN
ENSP00000320957	Q8N8G2	VGLL2_HUMAN
ENSP00000458290	Q8N3J2	METL4_HUMAN
ENSP00000472124	P0DPK3	NT2NB_HUMAN
ENSP00000490842	Q8IZM8	ZN654_HUMAN
ENSP00000432648	Q96NS1	YPEL4_HUMAN
ENSP00000381577	Q70CQ2	UBP34_HUMAN
ENSP00000253458	Q14687	GSE1_HUMAN
ENSP00000186436	Q92545	TM131_HUMAN
ENSP00000451080	P84090	ERH_HUMAN
ENSP00000268717	Q9UNS2	CSN3_HUMAN
ENSP00000274054	Q96HR8	NAF1_HUMAN
ENSP00000263671	Q6WN34	CRDL2_HUMAN
ENSP00000302586	Q8IY47	KBTB2_HUMAN
ENSP00000258418	Q9Y376	CAB39_HUMAN
ENSP00000263228	Q712K3	UB2R2_HUMAN
ENSP00000379051	Q96QR8	PURB_HUMAN
ENSP00000246912	Q9UH92	MLX_HUMAN
ENSP00000255305	Q9C0E2	XPO4_HUMAN
ENSP00000355827	Q9NVF7	FBX28_HUMAN
ENSP00000410042	O95696	BRD1_HUMAN
ENSP00000452521	Q147X3	NAA30_HUMAN
ENSP00000312272	Q96QA6	YPEL2_HUMAN
ENSP00000474071	Q96HB5	CC120_HUMAN
ENSP00000387757	Q96JB3	HIC2_HUMAN
ENSP00000465757	Q9BWC9	CC106_HUMAN
ENSP00000317902	Q86XR8	CEP57_HUMAN
ENSP00000445772	Q9NPC1	LT4R2_HUMAN
ENSP00000280358	Q9BXU0	TEX12_HUMAN
ENSP00000346453	Q8TEX9	IPO4_HUMAN
ENSP00000013125	Q9Y4K4	M4K5_HUMAN
ENSP00000339208	Q6V1X1	DPP8_HUMAN
ENSP00000346986	Q9BTA9	WAC_HUMAN
ENSP00000386738	Q9P0J7	KCMF1_HUMAN
ENSP00000368215	Q8N5C8	TAB3_HUMAN
ENSP00000342832	O60688	YPEL1_HUMAN
ENSP00000342109	Q8IW75	SPA12_HUMAN
ENSP00000252996	O00268	TAF4_HUMAN
ENSP00000370150	Q96S55	WRIP1_HUMAN
ENSP00000347224	Q9HC44	GPBL1_HUMAN
ENSP00000300403	Q9ULW0	TPX2_HUMAN
ENSP00000266069	Q9NWU2	GID8_HUMAN
ENSP00000341805	Q8WUB8	PHF10_HUMAN
ENSP00000420875	Q96G75	RMD5B_HUMAN
ENSP00000261537	Q86YT6	MIB1_HUMAN
ENSP00000374565	A1KXE4	F168B_HUMAN
ENSP00000368835	P62699	YPEL5_HUMAN
ENSP00000310008	Q6NVH7	SWAP1_HUMAN
ENSP00000316589	Q6VN20	RBP10_HUMAN
ENSP00000428209	Q15819	UB2V2_HUMAN
ENSP00000442688	Q6N075	MFSD5_HUMAN
ENSP00000283632	Q9H871	RMD5A_HUMAN
ENSP00000265351	Q9HAV4	XPO5_HUMAN
ENSP00000462945	Q68DK7	MSL1_HUMAN
ENSP00000292431	Q96RE7	NACC1_HUMAN
ENSP00000336894	Q13506	NAB1_HUMAN
ENSP00000419413	Q8IUR7	ARMC8_HUMAN
ENSP00000497609	Q9ULG1	INO80_HUMAN
ENSP00000353010	Q96BY7	ATG2B_HUMAN
ENSP00000453015	Q6ZNA4	RN111_HUMAN
ENSP00000274605	O15049	N4BP3_HUMAN
ENSP00000380378	P43034	LIS1_HUMAN
ENSP00000311609	Q96A44	SPSB4_HUMAN
ENSP00000381821	P61236	YPEL3_HUMAN
ENSP00000379709	Q5T5U3	RHG21_HUMAN
ENSP00000471512	Q8WXF8	DEDD2_HUMAN
ENSP00000264229	Q6ZU35	CRACD_HUMAN
ENSP00000413929	Q9P2K3	RCOR3_HUMAN
ENSP00000353375	P27816	MAP4_HUMAN
ENSP00000310332	P0C2W1	FBSP1_HUMAN
ENSP00000323527	Q9UL63	MKLN1_HUMAN
ENSP00000349640	Q96EZ8	MCRS1_HUMAN
ENSP00000496422	Q9UHQ7	TCAL9_HUMAN
ENSP00000327824	Q8IU57	INLR1_HUMAN
ENSP00000266735	P62306	RUXF_HUMAN
ENSP00000339030	Q96JP5	ZFP91_HUMAN
ENSP00000331385	Q8IV33	K0825_HUMAN
ENSP00000367797	P12755	SKI_HUMAN
ENSP00000354991	Q86TB3	ALPK2_HUMAN
ENSP00000260118	Q92820	GGH_HUMAN
ENSP00000330221	Q96BD6	SPSB1_HUMAN
ENSP00000319231	Q53GA4	PHLA2_HUMAN
ENSP00000415822	P0C7T5	ATX1L_HUMAN
ENSP00000363463	Q8N5G2	MACOI_HUMAN
ENSP00000359171	Q96MC6	S71A1_HUMAN
ENSP00000262043	Q92576	PHF3_HUMAN
ENSP00000346890	O43847	NRDC_HUMAN
ENSP00000450864	Q6IN85	P4R3A_HUMAN
ENSP00000326933	Q14140	SRTD2_HUMAN
ENSP00000274507	O14960	LECT2_HUMAN
ENSP00000261574	O00410	IPO5_HUMAN
ENSP00000443176	Q96DX4	RSPRY_HUMAN
ENSP00000370621	O96006	ZBED1_HUMAN
ENSP00000243673	Q9NYM4	GPR83_HUMAN
ENSP00000297581	Q9H295	DCSTP_HUMAN
ENSP00000264257	Q9HB29	ILRL2_HUMAN
ENSP00000356828	Q6JBY9	CPZIP_HUMAN
ENSP00000314807	Q9NPH3	IL1AP_HUMAN
ENSP00000256906	Q9H3N8	HRH4_HUMAN
ENSP00000265343	Q9UHB7	AFF4_HUMAN
ENSP00000362401	Q9Y271	CLTR1_HUMAN
ENSP00000460070	P78347	GTF2I_HUMAN
ENSP00000239347	P01567	IFNA7_HUMAN
ENSP00000315915	Q3ZCQ2	AX2R_HUMAN
ENSP00000217169	Q96CA5	BIRC7_HUMAN
ENSP00000332963	A6ND01	JUNO_HUMAN
ENSP00000365807	O95837	GNA14_HUMAN
ENSP00000498258	Q9Y2T6	GPR55_HUMAN
ENSP00000216629	P46663	BKRB1_HUMAN
ENSP00000499750	O14512	SOCS7_HUMAN
ENSP00000468425	K7ERV3	K7ERV3_HUMAN
ENSP00000301067	O14686	KMT2D_HUMAN
ENSP00000263268	Q8N565	MREG_HUMAN
ENSP00000308944	Q14527	HLTF_HUMAN
ENSP00000370114	O75475	PSIP1_HUMAN
ENSP00000426613	Q96KP6	TNIP3_HUMAN
ENSP00000296456	P13798	ACPH_HUMAN
ENSP00000346697	Q96LC9	BMF_HUMAN
ENSP00000436714	P49019	HCAR3_HUMAN
ENSP00000254816	Q96LD4	TRI47_HUMAN
ENSP00000364595	Q92982	NINJ1_HUMAN
ENSP00000278222	P35542	SAA4_HUMAN
ENSP00000437563	F5H6K3	F5H6K3_HUMAN
ENSP00000237380	Q9H204	MED28_HUMAN
ENSP00000333487	P43356	MAGA2_HUMAN
ENSP00000355799	O00270	GPR31_HUMAN
ENSP00000274764	Q96A08	H2B1A_HUMAN
ENSP00000369774	Q0D2J5	ZN763_HUMAN
ENSP00000364752	Q9HD64	XAGE1_HUMAN
ENSP00000384924	Q7L3V2	BOP_HUMAN
ENSP00000424598	O15263	DFB4A_HUMAN
ENSP00000283243	Q13018	PLA2R_HUMAN
ENSP00000484288	P49917	DNLI4_HUMAN
ENSP00000300954	Q6UW60	PCSK4_HUMAN
ENSP00000427424	O95379	TFIP8_HUMAN
ENSP00000219334	Q9NY59	NSMA2_HUMAN
ENSP00000013222	O95050	INMT_HUMAN
ENSP00000265295	Q96EA4	SPDLY_HUMAN
ENSP00000473153	B6SEH8	ERVV1_HUMAN
ENSP00000310216	O43908	NKG2F_HUMAN
ENSP00000377703	P23743	DGKA_HUMAN
ENSP00000220597	Q9NWQ8	PHAG1_HUMAN
ENSP00000370074	P50453	SPB9_HUMAN
ENSP00000370912	P42680	TEC_HUMAN
ENSP00000454437	H3BML4	H3BML4_HUMAN
ENSP00000389255	Q9BXC0	HCAR1_HUMAN
ENSP00000355156	Q9BXA5	SUCR1_HUMAN
ENSP00000354532	P00491	PNPH_HUMAN
ENSP00000313437	Q99542	MMP19_HUMAN
ENSP00000270590	O75388	GPR32_HUMAN
ENSP00000354522	P11387	TOP1_HUMAN
ENSP00000308361	Q15391	P2Y14_HUMAN
ENSP00000360215	Q9H171	ZBP1_HUMAN
ENSP00000229134	Q9NPH9	IL26_HUMAN
ENSP00000382334	Q15238	PSG5_HUMAN
ENSP00000381272	Q6Q8B3	MO2R2_HUMAN
ENSP00000369553	P32881	IFNA8_HUMAN
ENSP00000378063	Q8IYM2	SLN12_HUMAN
ENSP00000337949	P34969	5HT7R_HUMAN
ENSP00000397459	Q9NRW4	DUS22_HUMAN
ENSP00000454264	Q9Y5A7	NUB1_HUMAN
ENSP00000454264	H3BM74	H3BM74_HUMAN
ENSP00000336769	P43626	KI2L1_HUMAN
ENSP00000279804	Q16619	CTF1_HUMAN
ENSP00000064780	Q969Z4	TR19L_HUMAN
ENSP00000357065	Q969P0	IGSF8_HUMAN
ENSP00000498702	Q15743	GPR68_HUMAN
ENSP00000441765	P12272	PTHR_HUMAN
ENSP00000262958	P30679	GNA15_HUMAN
ENSP00000232003	P04196	HRG_HUMAN
ENSP00000440509	Q6ZNK6	TIFAB_HUMAN
ENSP00000254898	O00339	MATN2_HUMAN
ENSP00000490685	A0A1B0GVX0	LITAD_HUMAN
ENSP00000283249	P18564	ITB6_HUMAN
ENSP00000479284	Q8N257	H2B3B_HUMAN
ENSP00000319831	Q9H4E7	DEFI6_HUMAN
ENSP00000415454	Q02742	GCNT1_HUMAN
ENSP00000363661	P78318	IGBP1_HUMAN
ENSP00000365131	A0A7P0MQS5	A0A7P0MQS5_HUMAN
ENSP00000303231	O60595	O60595_HUMAN
ENSP00000333800	Q96LB1	MRGX2_HUMAN
ENSP00000369699	Q9HBJ8	CLTRN_HUMAN
ENSP00000372689	Q8WVM7	STAG1_HUMAN
ENSP00000257915	Q12800	TFCP2_HUMAN
ENSP00000335044	Q68CP9	ARID2_HUMAN
ENSP00000388940	Q99081	HTF4_HUMAN
ENSP00000263370	Q96DU7	IP3KC_HUMAN
ENSP00000348455	Q9P2Y5	UVRAG_HUMAN
ENSP00000364609	Q9ULW8	PADI3_HUMAN
ENSP00000366506	P25021	HRH2_HUMAN
ENSP00000382091	Q6P6C2	ALKB5_HUMAN
ENSP00000421491	Q13426	XRCC4_HUMAN
ENSP00000387122	Q2KHT3	CL16A_HUMAN
ENSP00000275200	Q969N4	TAAR8_HUMAN
ENSP00000421861	Q96JG8	MAGD4_HUMAN
ENSP00000371328	Q07444	NKG2E_HUMAN
ENSP00000445135	Q9NX02	NALP2_HUMAN
ENSP00000346916	B2RNG4	B2RNG4_HUMAN
ENSP00000369564	P05015	IFN16_HUMAN
ENSP00000229330	Q9Y5Z7	HCFC2_HUMAN
ENSP00000399518	Q01826	SATB1_HUMAN
ENSP00000365174	Q8NFP7	NUD10_HUMAN
ENSP00000343223	O95988	TCL1B_HUMAN
ENSP00000355568	Q7Z5L9	I2BP2_HUMAN
ENSP00000451605	Q01726	MSHR_HUMAN
ENSP00000364635	Q9Y2J8	PADI2_HUMAN
ENSP00000308970	P11464	PSG1_HUMAN
ENSP00000299736	Q7Z7K6	CENPV_HUMAN
ENSP00000309132	Q9BZR8	B2L14_HUMAN
ENSP00000344504	P07305	H10_HUMAN
ENSP00000383376	P57087	JAM2_HUMAN
ENSP00000348752	Q96SN7	ORAI2_HUMAN
ENSP00000348632	Q9BYM8	HOIL1_HUMAN
ENSP00000304945	Q8WZ75	ROBO4_HUMAN
ENSP00000299578	Q6P387	CP046_HUMAN
ENSP00000356172	Q9UN79	SOX13_HUMAN
ENSP00000289749	P41271	NBL1_HUMAN
ENSP00000453562	H0YMD5	H0YMD5_HUMAN
ENSP00000477907	Q99879	H2B1M_HUMAN
ENSP00000305632	Q9NSB8	HOME2_HUMAN
ENSP00000322191	Q8WTQ1	D104A_HUMAN
ENSP00000369578	P05000	IFNW1_HUMAN
ENSP00000356320	Q9BZM5	ULBP2_HUMAN
ENSP00000373854	Q13349	ITAD_HUMAN
ENSP00000339524	B4DZS0	B4DZS0_HUMAN
ENSP00000319053	Q15935	ZNF77_HUMAN
ENSP00000262960	Q86TI2	DPP9_HUMAN
ENSP00000361669	Q8N693	ESX1_HUMAN
ENSP00000338796	Q16385	SSX2_HUMAN
ENSP00000355249	Q14209	E2F2_HUMAN
ENSP00000435421	Q8IXT1	DDIAS_HUMAN
ENSP00000014914	Q8NFJ5	RAI3_HUMAN
ENSP00000342295	Q3KP44	ANR55_HUMAN
ENSP00000223293	Q9UG22	GIMA2_HUMAN
ENSP00000388792	Q8IZ20	ZN683_HUMAN
ENSP00000364246	Q9UNK4	PA2GD_HUMAN
ENSP00000358799	Q96T37	RBM15_HUMAN
ENSP00000264824	P12980	LYL1_HUMAN
ENSP00000411770	Q9BWP8	COL11_HUMAN
ENSP00000412209	Q01344	IL5RA_HUMAN
ENSP00000380281	Q99527	GPER1_HUMAN
ENSP00000317445	Q6NUJ1	SAPL1_HUMAN
ENSP00000271532	Q96PJ5	FCRL4_HUMAN
ENSP00000433999	P13489	RINI_HUMAN
ENSP00000250405	Q92843	B2CL2_HUMAN
ENSP00000364346	Q9BYN7	ZN341_HUMAN
ENSP00000276943	Q9P0W0	IFNK_HUMAN
ENSP00000370812	Q9NQ30	ESM1_HUMAN
ENSP00000356308	Q9BZM4	ULBP3_HUMAN
ENSP00000378360	Q3LXA3	TKFC_HUMAN
ENSP00000379038	P19971	TYPH_HUMAN
ENSP00000332812	Q9Y5Y4	PD2R2_HUMAN
ENSP00000302289	Q6PCB8	EMB_HUMAN
ENSP00000354778	Q9UHC6	CNTP2_HUMAN
ENSP00000482604	Q96JZ2	HSH2D_HUMAN
ENSP00000248076	Q96RI0	PAR4_HUMAN
ENSP00000224950	Q9H668	STN1_HUMAN
ENSP00000282185	Q9H0Y0	ATG10_HUMAN
ENSP00000492233	O95427	PIGN_HUMAN
ENSP00000466664	Q8IWA5	CTL2_HUMAN
ENSP00000385461	Q5H9I0	TFDP3_HUMAN
ENSP00000330442	Q6P1J6	PLB1_HUMAN
ENSP00000481848	A0A087WYJ0	A0A087WYJ0_HUMAN
ENSP00000326630	Q8IX07	FOG1_HUMAN
ENSP00000373325	Q8NFR9	I17RE_HUMAN
ENSP00000369571	P01570	IFN14_HUMAN
ENSP00000413079	Q96QC4	Q96QC4_HUMAN
ENSP00000356581	Q86SQ4	AGRG6_HUMAN
ENSP00000216044	O00178	GTPB1_HUMAN
ENSP00000339634	Q99706	KI2L4_HUMAN
ENSP00000321345	Q5VWK5	IL23R_HUMAN
ENSP00000316794	Q8N8U3	RTL3_HUMAN
ENSP00000394085	Q6NYC1	JMJD6_HUMAN
ENSP00000486676	Q9NSU2	TREX1_HUMAN
ENSP00000366233	Q9UBS5	GABR1_HUMAN
ENSP00000293826	A0A0A6YY99	A0A0A6YY99_HUMAN
ENSP00000373191	A1A4G5	LNP1_HUMAN
ENSP00000312634	Q96JY6	PDLI2_HUMAN
ENSP00000357169	Q96P31	FCRL3_HUMAN
ENSP00000393675	F8W7S1	F8W7S1_HUMAN
ENSP00000367691	P43657	LPAR6_HUMAN
ENSP00000482445	Q9BRX8	PXL2A_HUMAN
ENSP00000374447	Q9Y2L9	LRCH1_HUMAN
ENSP00000320951	P81534	D103A_HUMAN
ENSP00000386616	A2A288	ZC12D_HUMAN
ENSP00000349709	Q8TD07	RAE1E_HUMAN
ENSP00000293288	Q07812	BAX_HUMAN
ENSP00000262483	Q9BZ71	PITM3_HUMAN
ENSP00000426932	D6RE68	D6RE68_HUMAN
ENSP00000299106	Q9BX67	JAM3_HUMAN
ENSP00000262133	Q08999	RBL2_HUMAN
ENSP00000243911	P41968	MC3R_HUMAN
ENSP00000337103	P28329	CLAT_HUMAN
ENSP00000344563	Q2HXU8	CL12B_HUMAN
ENSP00000463957	Q6P3W6	NBPFA_HUMAN
ENSP00000358059	Q8WWV3	RT4I1_HUMAN
ENSP00000310880	P21145	MAL_HUMAN
ENSP00000424607	Q96RI9	TAAR9_HUMAN
ENSP00000485541	P43356	MAGA2_HUMAN
ENSP00000360715	A5PLL7	PEDS1_HUMAN
ENSP00000496416	A6NJW9	CD8B2_HUMAN
ENSP00000420525	Q9UP52	TFR2_HUMAN
ENSP00000264316	P42681	TXK_HUMAN
ENSP00000497104	Q9Y3L3	3BP1_HUMAN
ENSP00000294973	P46952	3HAO_HUMAN
ENSP00000383820	Q8N108	MIER1_HUMAN
ENSP00000263461	Q9BZH6	WDR11_HUMAN
ENSP00000424846	P78314	3BP2_HUMAN
ENSP00000303769	Q7Z591	AKNA_HUMAN
ENSP00000250340	Q9Y240	CLC11_HUMAN
ENSP00000421172	Q6E213	AWAT2_HUMAN
ENSP00000496197	A0A2R8YGN2	A0A2R8YGN2_HUMAN
ENSP00000245552	Q8TCD5	NT5C_HUMAN
ENSP00000301202	Q6ISS4	LAIR2_HUMAN
ENSP00000348912	Q9BZ11	ADA33_HUMAN
ENSP00000262366	Q9BZE0	GLIS2_HUMAN
ENSP00000349490	O00587	MFNG_HUMAN
ENSP00000322249	Q9BRQ5	ORAI3_HUMAN
ENSP00000408792	Q8IXZ3	SP8_HUMAN
ENSP00000359489	P51816	AFF2_HUMAN
ENSP00000292596	Q16873	LTC4S_HUMAN
ENSP00000472474	Q96RQ9	OXLA_HUMAN
ENSP00000366962	P62807	H2B1C_HUMAN
ENSP00000300131	Q15742	NAB2_HUMAN
ENSP00000364765	Q6UX15	LAYN_HUMAN
ENSP00000332723	Q9Y6Z7	COL10_HUMAN
ENSP00000328426	Q5VWN6	TASO2_HUMAN
ENSP00000301873	Q9NS15	LTBP3_HUMAN
ENSP00000316491	Q8WWV6	FCAMR_HUMAN
ENSP00000376849	P51878	CASP5_HUMAN
ENSP00000259874	P46695	IEX1_HUMAN
ENSP00000320813	Q8WTQ1	D104A_HUMAN
ENSP00000269489	A0A0A0MQW3	A0A0A0MQW3_HUMAN
ENSP00000334308	Q6ZMZ3	SYNE3_HUMAN
ENSP00000359013	O95407	TNF6B_HUMAN
ENSP00000256649	Q9H8W5	TRI45_HUMAN
ENSP00000367930	Q8TDS5	OXER1_HUMAN
ENSP00000222305	Q15853	USF2_HUMAN
ENSP00000325313	Q66K74	MAP1S_HUMAN
ENSP00000495715	A0A2R8Y747	A0A2R8Y747_HUMAN
ENSP00000483872	Q86UF1	TSN33_HUMAN
ENSP00000495192	A0A2R8Y619	H2BK1_HUMAN
ENSP00000492276	Q9Y5P2	CSAG2_HUMAN
ENSP00000376623	P0DML3	CSH2_HUMAN
ENSP00000330658	Q13219	PAPP1_HUMAN
ENSP00000393474	Q9NR16	C163B_HUMAN
ENSP00000350402	Q9UM44	HHLA2_HUMAN
ENSP00000341268	Q15628	TRADD_HUMAN
ENSP00000253754	P50479	PDLI4_HUMAN
ENSP00000411152	P27987	IP3KB_HUMAN
ENSP00000493536	Q9Y3Z3	SAMH1_HUMAN
ENSP00000215631	O75293	GA45B_HUMAN
ENSP00000216099	Q96AK3	ABC3D_HUMAN
ENSP00000478591	Q96EH8	NEUL3_HUMAN
ENSP00000400906	P68036	UB2L3_HUMAN
ENSP00000328133	Q6UXL0	I20RB_HUMAN
ENSP00000375066	Q8TDS4	HCAR2_HUMAN
ENSP00000428518	O00451	GFRA2_HUMAN
ENSP00000475261	U3KPV4	A3LT2_HUMAN
ENSP00000358730	P0DMS9	TMIG3_HUMAN
ENSP00000448580	Q8N5J4	SPIC_HUMAN
ENSP00000406970	Q8IWV1	LAX1_HUMAN
ENSP00000356840	P14859	PO2F1_HUMAN
ENSP00000402154	Q02080	MEF2B_HUMAN
ENSP00000354723	Q7Z2G1	H2BWT_HUMAN
ENSP00000221847	Q14213	IL27B_HUMAN
ENSP00000383931	P40197	GPV_HUMAN
ENSP00000340943	Q13324	CRFR2_HUMAN
ENSP00000366618	Q99880	H2B1L_HUMAN
ENSP00000309749	Q8IUX4	ABC3F_HUMAN
ENSP00000385706	P11465	PSG2_HUMAN
ENSP00000372059	A6NNB3	IFM5_HUMAN
ENSP00000352849	Q5JXA9	SIRB2_HUMAN
ENSP00000399588	Q8WWW8	GAB3_HUMAN
ENSP00000280097	P50135	HNMT_HUMAN
ENSP00000266679	Q16630	CPSF6_HUMAN
ENSP00000327608	X6R4H8	X6R4H8_HUMAN
ENSP00000342570	Q6UXN2	TRML4_HUMAN
ENSP00000335384	Q6X784	ZPBP2_HUMAN
ENSP00000479617	A0A087WVR3	A0A087WVR3_HUMAN
ENSP00000373169	P35462	DRD3_HUMAN
ENSP00000371327	P26717	NKG2C_HUMAN
ENSP00000354874	O43236	SEPT4_HUMAN
ENSP00000339566	P16403	H12_HUMAN
ENSP00000478600	Q8IVL6	P3H3_HUMAN
ENSP00000450565	A0A8J9AZZ3	A0A8J9AZZ3_HUMAN
ENSP00000367494	Q8WWL2	SPIR2_HUMAN
ENSP00000283147	P22004	BMP6_HUMAN
ENSP00000484479	P01569	IFNA5_HUMAN
ENSP00000475615	Q9P013	CWC15_HUMAN
ENSP00000356265	Q8NEY1	NAV1_HUMAN
ENSP00000262662	P42773	CDN2C_HUMAN
ENSP00000309521	Q9H400	LIME1_HUMAN
ENSP00000328835	Q969P6	TOP1M_HUMAN
ENSP00000237853	O00472	ELL2_HUMAN
ENSP00000289316	P58876	H2B1D_HUMAN
ENSP00000454545	Q8NDT2	RB15B_HUMAN
ENSP00000481622	P57053	H2BFS_HUMAN
ENSP00000353379	P43358	MAGA4_HUMAN
ENSP00000280155	P08913	ADA2A_HUMAN
ENSP00000418070	Q9NQS3	NECT3_HUMAN
ENSP00000369373	Q9C035	TRIM5_HUMAN
ENSP00000310263	Q9UBN6	TR10D_HUMAN
ENSP00000377470	P09543	CN37_HUMAN
ENSP00000380553	O14817	TSN4_HUMAN
ENSP00000275198	Q96RI8	TAAR6_HUMAN
ENSP00000463151	P10745	RET3_HUMAN
ENSP00000380247	P35367	HRH1_HUMAN
ENSP00000295981	Q8NAC3	I17RC_HUMAN
ENSP00000312458	Q9H2C2	ARV1_HUMAN
ENSP00000349313	Q9H9Q4	NHEJ1_HUMAN
ENSP00000333157	P01242	SOM2_HUMAN
ENSP00000361892	Q13043	STK4_HUMAN
ENSP00000487358	Q8N1K5	THMS1_HUMAN
ENSP00000317674	O14791	APOL1_HUMAN
ENSP00000349884	Q9UBC7	GALP_HUMAN
ENSP00000365006	Q99500	S1PR3_HUMAN
ENSP00000286648	P27707	DCK_HUMAN
ENSP00000359682	P32247	BRS3_HUMAN
ENSP00000263556	P13674	P4HA1_HUMAN
ENSP00000245908	Q9BRG2	SH23A_HUMAN
ENSP00000271452	Q9BZD4	NUF2_HUMAN
ENSP00000491516	Q4G0T1	SRCRM_HUMAN
ENSP00000316416	P0DML2	CSH1_HUMAN
ENSP00000356382	P05160	F13B_HUMAN
ENSP00000353512	Q8IXQ6	PARP9_HUMAN
ENSP00000230582	Q9NQE7	TSSP_HUMAN
ENSP00000376893	Q8WWZ1	IL1FA_HUMAN
ENSP00000246105	Q9H1M3	DB129_HUMAN
ENSP00000286186	Q92851	CASPA_HUMAN
ENSP00000369574	P01568	IFN21_HUMAN
ENSP00000450040	Q86U10	LPP60_HUMAN
ENSP00000204517	Q01664	TFAP4_HUMAN
ENSP00000314132	Q9UMX3	BOK_HUMAN
ENSP00000340590	Q6ZR62	RTL4_HUMAN
ENSP00000491720	A0A1W2PQG5	A0A1W2PQG5_HUMAN
ENSP00000204566	Q9NZD8	SPG21_HUMAN
ENSP00000254770	Q9NS86	LANC2_HUMAN
ENSP00000262291	Q96GC9	VMP1_HUMAN
ENSP00000371018	O00241	SIRB1_HUMAN
ENSP00000356696	Q9UBS9	SUCO_HUMAN
ENSP00000409463	Q8NDX6	ZN740_HUMAN
ENSP00000441434	P40261	NNMT_HUMAN
ENSP00000371594	O60262	GBG7_HUMAN
ENSP00000363596	P34972	CNR2_HUMAN
ENSP00000215838	P20062	TCO2_HUMAN
ENSP00000477922	Q16385	SSX2_HUMAN
ENSP00000222139	P19235	EPOR_HUMAN
ENSP00000257013	A6ZKI3	RTL8C_HUMAN
ENSP00000256999	Q04609	FOLH1_HUMAN
ENSP00000442982	Q13304	GPR17_HUMAN
ENSP00000351484	Q9UQQ1	NALDL_HUMAN
ENSP00000369558	P05013	IFNA6_HUMAN
ENSP00000349430	O60814	H2B1K_HUMAN
ENSP00000415243	P12757	SKIL_HUMAN
ENSP00000362650	Q8N9R8	SCAI_HUMAN
ENSP00000480821	Q86X29	LSR_HUMAN
ENSP00000354003	P02724	GLPA_HUMAN
ENSP00000371036	Q9H106	SIRPD_HUMAN
ENSP00000276708	Q9BYG8	GSDMC_HUMAN
ENSP00000269394	Q32MQ0	ZN750_HUMAN
ENSP00000368190	O60500	NPHN_HUMAN
ENSP00000499211	Q9Y2G2	CARD8_HUMAN
ENSP00000298690	Q9H1E1	RNAS7_HUMAN
ENSP00000326340	Q8NAA4	A16L2_HUMAN
ENSP00000296099	P55089	UCN1_HUMAN
ENSP00000380856	O95954	FTCD_HUMAN
ENSP00000376855	Q8N608	DPP10_HUMAN
ENSP00000205948	P02749	APOH_HUMAN
ENSP00000318822	P55957	BID_HUMAN
ENSP00000496496	O75648	MTU1_HUMAN
ENSP00000356310	Q5VY80	ULBP6_HUMAN
ENSP00000301659	Q96QA5	GSDMA_HUMAN
ENSP00000360464	Q8N5F7	NKAP_HUMAN
ENSP00000388825	P12872	MOTI_HUMAN
ENSP00000257572	O00198	HRK_HUMAN
ENSP00000347119	P0C1H6	H2BFM_HUMAN
ENSP00000355866	Q9Y6W6	DUS10_HUMAN
ENSP00000296677	P55085	PAR2_HUMAN
ENSP00000313571	P47929	LEG7_HUMAN
ENSP00000370886	Q16655	MAR1_HUMAN
ENSP00000374125	Q6ZMC9	SIG15_HUMAN
ENSP00000439170	Q15813	TBCE_HUMAN
ENSP00000492990	O95222	OR6A2_HUMAN
ENSP00000368766	P25100	ADA1D_HUMAN
ENSP00000433816	P0C672	TSN19_HUMAN
ENSP00000259608	Q9Y3P8	SIT1_HUMAN
ENSP00000438863	Q9H813	PACC1_HUMAN
ENSP00000262940	O43374	RASL2_HUMAN
ENSP00000337289	Q7L2Z9	CENPQ_HUMAN
ENSP00000291860	A0A8I5QEB2	A0A8I5QEB2_HUMAN
ENSP00000356630	Q9UBI9	HDC_HUMAN
ENSP00000291442	P10588	NR2F6_HUMAN
ENSP00000485552	A0A096LPE2	A0A096LPE2_HUMAN
ENSP00000360538	Q5NUL3	FFAR4_HUMAN
ENSP00000362395	O43736	ITM2A_HUMAN
ENSP00000252137	Q96DF8	ESS2_HUMAN
ENSP00000340983	Q8N386	LRC25_HUMAN
ENSP00000296350	P08582	TRFM_HUMAN
ENSP00000347038	Q9NRQ2	PLS4_HUMAN
ENSP00000309767	P59044	NLRP6_HUMAN
ENSP00000287706	Q96AB6	NTAN1_HUMAN
ENSP00000421180	Q96JK9	MAML3_HUMAN
ENSP00000321005	Q6UXG3	CLM9_HUMAN
ENSP00000282903	O00469	PLOD2_HUMAN
ENSP00000356329	Q6H3X3	ULBP5_HUMAN
ENSP00000379934	Q9NPG8	ZDHC4_HUMAN
ENSP00000244061	Q9Y508	RN114_HUMAN
ENSP00000476136	P06899	H2B1J_HUMAN
ENSP00000229708	Q9BZM6	ULBP1_HUMAN
ENSP00000370593	P23468	PTPRD_HUMAN
ENSP00000489225	Q96PZ7	CSMD1_HUMAN
ENSP00000422464	Q9NRA1	PDGFC_HUMAN
ENSP00000225519	Q9UHJ6	SHPK_HUMAN
ENSP00000399679	Q92954	PRG4_HUMAN
ENSP00000377370	Q5DX21	IGS11_HUMAN
ENSP00000435550	Q53FD0	ZC21C_HUMAN
ENSP00000412178	Q13574	DGKZ_HUMAN
ENSP00000319744	P46093	GPR4_HUMAN
ENSP00000468348	P52564	MP2K6_HUMAN
ENSP00000327459	Q9UH17	ABC3B_HUMAN
ENSP00000378548	Q8IZ08	GP135_HUMAN
ENSP00000472118	Q96JG8	MAGD4_HUMAN
ENSP00000342981	Q8IZF4	AGRG5_HUMAN
ENSP00000418669	Q99611	SPS2_HUMAN
ENSP00000331411	Q53RD9	FBLN7_HUMAN
ENSP00000296318	Q8NFM7	I17RD_HUMAN
ENSP00000406261	O14638	ENPP3_HUMAN
ENSP00000325917	Q16549	PCSK7_HUMAN
ENSP00000445831	Q5QNW6	H2B2F_HUMAN
ENSP00000419786	Q8NET4	RTL9_HUMAN
ENSP00000282018	Q9NS75	CLTR2_HUMAN
ENSP00000356669	Q5TC82	RC3H1_HUMAN
ENSP00000339577	Q02161	RHD_HUMAN
ENSP00000367743	P41732	TSN7_HUMAN
ENSP00000331843	Q9UND3	NPIA1_HUMAN
ENSP00000264350	Q9UII4	HERC5_HUMAN
ENSP00000326119	Q13794	APR_HUMAN
ENSP00000494310	Q9BXC1	GP174_HUMAN
ENSP00000301272	Q96BF3	TMIG2_HUMAN
ENSP00000497406	Q9Y6X0	SETBP_HUMAN
ENSP00000313582	Q9C0F3	ZN436_HUMAN
ENSP00000408205	Q99677	LPAR4_HUMAN
ENSP00000222573	P26012	ITB8_HUMAN
ENSP00000376123	Q9NP31	SH22A_HUMAN
ENSP00000437082	Q15782	CH3L2_HUMAN
ENSP00000343428	Q14330	GPR18_HUMAN
ENSP00000277458	Q9NWX5	ASB6_HUMAN
ENSP00000367299	Q86VN1	VPS36_HUMAN
ENSP00000311695	Q15834	CC85B_HUMAN
ENSP00000364289	Q09161	NCBP1_HUMAN
ENSP00000269445	Q7RTS9	DYM_HUMAN
ENSP00000257527	Q9H013	ADA19_HUMAN
ENSP00000379144	Q8NDV7	TNR6A_HUMAN
ENSP00000356917	F2Z3N3	F2Z3N3_HUMAN
ENSP00000489863	A6NCN8	TEX52_HUMAN
ENSP00000465103	Q6ZR64	Q6ZR64_HUMAN
ENSP00000446917	Q8NEU8	DP13B_HUMAN
ENSP00000317564	Q96D98	EID2B_HUMAN
ENSP00000393099	O60336	MABP1_HUMAN
ENSP00000318804	Q8IUI8	CRLF3_HUMAN
ENSP00000351642	Q8TDM0	BCAS4_HUMAN
ENSP00000270824	Q9NVM1	EVA1B_HUMAN
ENSP00000304676	Q96SQ7	ATOH8_HUMAN
ENSP00000364403	Q5T4S7	UBR4_HUMAN
ENSP00000354053	Q9H1C3	GL8D2_HUMAN
ENSP00000381782	Q8N413	S2545_HUMAN
ENSP00000354724	Q3KNV8	PCGF3_HUMAN
ENSP00000404843	Q9Y5R4	HEMK1_HUMAN
ENSP00000222345	O60292	SI1L3_HUMAN
ENSP00000497720	O95866	G6B_HUMAN
ENSP00000365172	Q6UW63	PLGT2_HUMAN
ENSP00000477981	O95258	UCP5_HUMAN
ENSP00000426119	P52943	CRIP2_HUMAN
ENSP00000261692	O14519	CDKA1_HUMAN
ENSP00000481012	A0A5E8	A0A5E8_HUMAN
ENSP00000357131	Q8N392	RHG18_HUMAN
ENSP00000340864	Q9BXJ1	C1QT1_HUMAN
ENSP00000344465	Q5VY43	PEAR1_HUMAN
ENSP00000368389	Q9NPE2	NGRN_HUMAN
ENSP00000362387	O95858	TSN15_HUMAN
ENSP00000385285	Q9H0A6	RNF32_HUMAN
ENSP00000432568	O15020	SPTN2_HUMAN
ENSP00000466542	K7EMK7	K7EMK7_HUMAN
ENSP00000424474	Q8IZD0	SAM14_HUMAN
ENSP00000295268	Q8N412	STPG2_HUMAN
ENSP00000342002	P35789	ZNF93_HUMAN
ENSP00000331983	Q5VZK9	CARL1_HUMAN
ENSP00000228820	Q9NR21	PAR11_HUMAN
ENSP00000377374	Q969X5	ERGI1_HUMAN
ENSP00000072869	Q7Z695	ADCK2_HUMAN
ENSP00000380877	Q9H1I8	ASCC2_HUMAN
ENSP00000365407	Q6P9A3	ZN549_HUMAN
ENSP00000273352	Q96K78	AGRG7_HUMAN
ENSP00000362550	Q8N1G2	CMTR1_HUMAN
ENSP00000411242	Q53EP0	FND3B_HUMAN
ENSP00000384222	Q6AWC2	WWC2_HUMAN
ENSP00000394183	Q96HQ2	C2AIL_HUMAN
ENSP00000480401	O95201	RHIT_HUMAN
ENSP00000354583	O75121	MFA3L_HUMAN
ENSP00000292852	Q96EF6	FBX17_HUMAN
ENSP00000281523	Q9H6B1	Z385D_HUMAN
ENSP00000420484	Q9Y530	OARD1_HUMAN
ENSP00000285279	Q96AW1	VOPP1_HUMAN
ENSP00000283937	Q7Z2X4	PCLI1_HUMAN
ENSP00000359050	Q5T2E6	ARMD3_HUMAN
ENSP00000376603	Q96KF7	SMIM8_HUMAN
ENSP00000372459	O43310	CTIF_HUMAN
ENSP00000332875	A6NJV1	CMI2C_HUMAN
ENSP00000304277	P30408	T4S1_HUMAN
ENSP00000308926	Q5JR12	PPM1J_HUMAN
ENSP00000372750	P08912	ACM5_HUMAN
ENSP00000348984	P18583	SON_HUMAN
ENSP00000170447	Q9H000	MKRN2_HUMAN
ENSP00000425394	O94929	ABLM3_HUMAN
ENSP00000479598	Q9BSD3	RHNO1_HUMAN
ENSP00000383505	Q5VTJ3	KLD7A_HUMAN
ENSP00000239830	Q9BR77	CCD77_HUMAN
ENSP00000359181	Q9UGP5	DPOLL_HUMAN
ENSP00000377036	Q15257	PTPA_HUMAN
ENSP00000281924	Q8TC26	TM163_HUMAN
ENSP00000355895	Q5VWZ2	LYPL1_HUMAN
ENSP00000332433	P10073	ZSC22_HUMAN
ENSP00000363809	Q92504	S39A7_HUMAN
ENSP00000263991	Q8NDI1	EHBP1_HUMAN
ENSP00000336866	O75884	RBBP9_HUMAN
ENSP00000485635	Q9ULZ0	T53G3_HUMAN
ENSP00000262127	Q8TAP6	CEP76_HUMAN
ENSP00000361791	Q49AA0	ZFP69_HUMAN
ENSP00000254166	P52740	ZN132_HUMAN
ENSP00000363135	Q9H6K1	ILRUN_HUMAN
ENSP00000218068	O60829	PAGE4_HUMAN
ENSP00000322899	Q8N446	ZN843_HUMAN
ENSP00000361596	Q9BR09	NEUL2_HUMAN
ENSP00000317579	Q96GQ5	RUSF1_HUMAN
ENSP00000395220	Q8TDW5	SYTL5_HUMAN
ENSP00000485467	Q9ULZ0	T53G3_HUMAN
ENSP00000269383	Q6PJ69	TRI65_HUMAN
ENSP00000351536	Q6ZRP7	QSOX2_HUMAN
ENSP00000410007	Q6PJ61	FBX46_HUMAN
ENSP00000300976	Q53HC5	KLH26_HUMAN
ENSP00000389297	C9JRZ6	C9JRZ6_HUMAN
ENSP00000339405	Q9ULZ0	T53G3_HUMAN
ENSP00000381672	Q9ULZ0	T53G3_HUMAN
ENSP00000335615	Q9P203	BTBD7_HUMAN
ENSP00000386807	Q5BLP8	NICOL_HUMAN
ENSP00000467494	P48546	GIPR_HUMAN
ENSP00000369328	Q7L985	LIGO2_HUMAN
ENSP00000323663	Q8NFT6	DBF4B_HUMAN
ENSP00000370532	Q92664	TF3A_HUMAN
ENSP00000370532	A0A1X7SBT5	A0A1X7SBT5_HUMAN
ENSP00000457016	Q8NBZ0	IN80E_HUMAN
ENSP00000367239	Q96BW5	PTER_HUMAN
ENSP00000309096	O43505	B4GA1_HUMAN
ENSP00000376227	Q2T9K0	TMM44_HUMAN
ENSP00000306756	Q8IVC4	ZN584_HUMAN
ENSP00000385235	Q8N3Y3	LARG2_HUMAN
ENSP00000262961	Q9UPR6	ZFR2_HUMAN
ENSP00000242719	Q9Y3C5	RNF11_HUMAN
ENSP00000316842	Q8N196	SIX5_HUMAN
ENSP00000362306	Q9HCK5	AGO4_HUMAN
ENSP00000326519	Q9BTK6	PAGR1_HUMAN
ENSP00000370508	Q9H2K0	IF3M_HUMAN
ENSP00000287859	Q5SWX8	ODR4_HUMAN
ENSP00000290310	Q9Y6J6	KCNE2_HUMAN
ENSP00000389466	Q96PF1	TGM7_HUMAN
ENSP00000315568	Q8NBF6	AVL9_HUMAN
ENSP00000296736	Q17RP2	TIGD6_HUMAN
ENSP00000306100	A0A8C8KD64	A0A8C8KD64_HUMAN
ENSP00000303452	P20396	TRH_HUMAN
ENSP00000295448	Q8TDQ7	GNPI2_HUMAN
ENSP00000444156	Q6NXE6	ARMC6_HUMAN
ENSP00000498402	F8WA42	F8WA42_HUMAN
ENSP00000358283	O94874	UFL1_HUMAN
ENSP00000482607	Q6U7Q0	ZN322_HUMAN
ENSP00000381613	Q8TC21	ZN596_HUMAN
ENSP00000455596	Q9ULZ0	T53G3_HUMAN
ENSP00000455132	Q9ULZ0	T53G3_HUMAN
ENSP00000400113	Q8IUH4	ZDH13_HUMAN
ENSP00000479322	P30622	CLIP1_HUMAN
ENSP00000262213	Q15629	TRAM1_HUMAN
ENSP00000373433	A4D0S4	LAMB4_HUMAN
ENSP00000218721	O43193	MTLR_HUMAN
ENSP00000386239	Q96HA7	TONSL_HUMAN
ENSP00000219281	Q9BQ65	USB1_HUMAN
ENSP00000392660	Q9P2N2	RHG28_HUMAN
ENSP00000378792	Q14929	ZN169_HUMAN
ENSP00000444935	Q15102	PA1B3_HUMAN
ENSP00000218436	Q6UXX5	ITIH6_HUMAN
ENSP00000434466	Q96HW7	INT4_HUMAN
ENSP00000337850	Q9Y664	KPTN_HUMAN
ENSP00000350447	Q562F6	SGO2_HUMAN
ENSP00000301785	Q1KMD3	HNRL2_HUMAN
ENSP00000372199	O60287	NPA1P_HUMAN
ENSP00000361048	Q96LR2	LURA1_HUMAN
ENSP00000366237	O00273	DFFA_HUMAN
ENSP00000377357	Q969W1	ZDH16_HUMAN
ENSP00000359818	Q96T76	MMS19_HUMAN
ENSP00000313995	Q9BQ90	KLDC3_HUMAN
ENSP00000411073	F2Z3H6	F2Z3H6_HUMAN
ENSP00000268676	Q6ZN54	DEFI8_HUMAN
ENSP00000040877	Q13395	TARB1_HUMAN
ENSP00000263579	Q96C86	DCPS_HUMAN
ENSP00000342262	Q8NFH3	NUP43_HUMAN
ENSP00000261716	Q7L7X3	TAOK1_HUMAN
ENSP00000429309	P55327	TPD52_HUMAN
ENSP00000377801	A6NED2	RCCD1_HUMAN
ENSP00000245615	Q96N66	MBOA7_HUMAN
ENSP00000363064	P36508	ZNF76_HUMAN
ENSP00000490767	A0A1B0GW41	A0A1B0GW41_HUMAN
ENSP00000435289	P68402	PA1B2_HUMAN
ENSP00000228705	Q9ULR3	PPM1H_HUMAN
ENSP00000347195	Q86TL2	STIMA_HUMAN
ENSP00000288014	Q9BU02	THTPA_HUMAN
ENSP00000334564	Q9BUI4	RPC3_HUMAN
ENSP00000361601	Q9BR11	ZSWM1_HUMAN
ENSP00000408367	P0CG13	CTF8_HUMAN
ENSP00000327994	Q86XT4	TRI50_HUMAN
ENSP00000261488	Q8TC92	ENOX1_HUMAN
ENSP00000338673	Q15131	CDK10_HUMAN
ENSP00000375777	Q9NRL3	STRN4_HUMAN
ENSP00000375863	Q9BUJ2	HNRL1_HUMAN
ENSP00000273596	Q9BUJ0	ABHEA_HUMAN
ENSP00000348510	Q12789	TF3C1_HUMAN
ENSP00000396749	Q9P2N6	KANL3_HUMAN
ENSP00000479355	A0A087WVD1	A0A087WVD1_HUMAN
ENSP00000374212	Q96L91	EP400_HUMAN
ENSP00000386531	Q9NXE4	NSMA3_HUMAN
ENSP00000432279	Q7LBR1	CHM1B_HUMAN
ENSP00000255152	Q96MP5	ZSWM3_HUMAN
ENSP00000489311	A0A0U1RR32	A0A0U1RR32_HUMAN
ENSP00000401018	Q9BRX5	PSF3_HUMAN
ENSP00000272444	O75319	DUS11_HUMAN
ENSP00000288828	Q9Y4P8	WIPI2_HUMAN
ENSP00000251412	Q9NRH3	TBG2_HUMAN
ENSP00000457748	A5PLK6	RGSL_HUMAN
ENSP00000264433	Q9P278	FNIP2_HUMAN
ENSP00000365522	Q5T6V5	QNG1_HUMAN
ENSP00000264866	Q8N5T2	TBC19_HUMAN
ENSP00000319417	Q8IX90	SKA3_HUMAN
ENSP00000306320	Q9BXV9	GON7_HUMAN
ENSP00000340811	O95377	CXB5_HUMAN
ENSP00000225296	Q9H6R0	DHX33_HUMAN
ENSP00000387046	Q96MI6	PPM1M_HUMAN
ENSP00000341677	Q96J77	TPD55_HUMAN
ENSP00000406027	Q7L775	EPMIP_HUMAN
ENSP00000422941	A8MSY1	A8MSY1_HUMAN
ENSP00000368592	Q6ZVT0	TTL10_HUMAN
ENSP00000361658	Q5SRE5	NU188_HUMAN
ENSP00000369739	Q86WA6	BPHL_HUMAN
ENSP00000420306	Q13769	THOC5_HUMAN
ENSP00000440273	O14492	SH2B2_HUMAN
ENSP00000376945	Q5XUX1	FBXW9_HUMAN
ENSP00000397402	Q9BSV6	SEN34_HUMAN
ENSP00000397402	E7EQB3	E7EQB3_HUMAN
ENSP00000217121	O43399	TPD54_HUMAN
ENSP00000352536	Q8WUA4	TF3C2_HUMAN
ENSP00000446479	Q9BVA6	FICD_HUMAN
ENSP00000364855	O43196	MSH5_HUMAN
ENSP00000310094	Q9UL54	TAOK2_HUMAN
ENSP00000263083	Q9BZG8	DPH1_HUMAN
ENSP00000378624	Q5GLZ8	HERC4_HUMAN
ENSP00000270583	Q8TBB5	KLDC4_HUMAN
ENSP00000381652	A8MUM1	A8MUM1_HUMAN
ENSP00000273283	P19827	ITIH1_HUMAN
ENSP00000358265	Q96NJ5	KLH32_HUMAN
ENSP00000307183	Q9H160	ING2_HUMAN
ENSP00000252032	Q5TEA3	DAAF9_HUMAN
ENSP00000456242	Q6DHV7	ADAL_HUMAN
ENSP00000380333	C9J2H1	C9J2H1_HUMAN
ENSP00000014930	Q9NRV9	HEBP1_HUMAN
ENSP00000480186	P49005	DPOD2_HUMAN
ENSP00000480186	A0A087WWF6	A0A087WWF6_HUMAN
ENSP00000354608	Q9UMR5	PPT2_HUMAN
ENSP00000330432	Q8NEG4	FA83F_HUMAN
ENSP00000013070	Q8N806	UBR7_HUMAN
ENSP00000415026	C9JH25	PRRT4_HUMAN
ENSP00000319918	Q8TB96	TIP_HUMAN
ENSP00000371321	P35251	RFC1_HUMAN
ENSP00000301280	Q13111	CAF1A_HUMAN
ENSP00000358312	O96011	PX11B_HUMAN
ENSP00000451594	Q96BY2	MOAP1_HUMAN
ENSP00000263681	Q15054	DPOD3_HUMAN
ENSP00000382269	Q9ULT8	HECD1_HUMAN
ENSP00000499238	Q9BXS6	NUSAP_HUMAN
ENSP00000362555	Q6ZMZ0	RN19B_HUMAN
ENSP00000328228	Q69YH5	CDCA2_HUMAN
ENSP00000305204	Q8IYA6	CKP2L_HUMAN
ENSP00000435355	Q6PEY0	CXB7_HUMAN
ENSP00000306473	Q8NEM2	SHCBP_HUMAN
ENSP00000428968	Q9NV58	RN19A_HUMAN
ENSP00000385814	Q86UA6	RIP_HUMAN
ENSP00000310841	Q5XUX0	FBX31_HUMAN
ENSP00000418693	P57060	RWD2B_HUMAN
ENSP00000379263	Q9BXF9	TEKT3_HUMAN
ENSP00000257909	Q12815	TROAP_HUMAN
ENSP00000339511	O75409	HYPM_HUMAN
ENSP00000316905	Q9H9B4	SFXN1_HUMAN
ENSP00000414109	Q8NCD3	HJURP_HUMAN
ENSP00000417686	Q14493	SLBP_HUMAN
ENSP00000458879	Q96SZ4	ZSC10_HUMAN
ENSP00000458879	I3L1J3	I3L1J3_HUMAN
ENSP00000479861	Q15019	SEPT2_HUMAN
ENSP00000238789	Q9ULI0	ATD2B_HUMAN
ENSP00000367276	Q8WWK9	CKAP2_HUMAN
ENSP00000209875	P45973	CBX5_HUMAN
ENSP00000329793	Q03923	ZNF85_HUMAN
ENSP00000252744	Q9HCJ5	ZSWM6_HUMAN
ENSP00000288532	Q5HYK3	COQ5_HUMAN
ENSP00000434435	Q96PZ2	F111A_HUMAN
ENSP00000497880	A0A3B3ITS8	A0A3B3ITS8_HUMAN
ENSP00000410466	Q03938	ZNF90_HUMAN
ENSP00000448955	Q86XJ1	GA2L3_HUMAN
ENSP00000273317	Q9UGP4	LIMD1_HUMAN
ENSP00000251303	Q9BQ83	SLX1_HUMAN
ENSP00000252268	J3KMZ8	J3KMZ8_HUMAN
ENSP00000311957	Q8NE65	ZN738_HUMAN
ENSP00000377060	P83916	CBX1_HUMAN
ENSP00000358397	Q86X60	FA72B_HUMAN
ENSP00000250024	A0AVK6	E2F8_HUMAN
ENSP00000335008	Q9BPZ2	SPI2B_HUMAN
ENSP00000350331	Q8WXK3	ASB13_HUMAN
ENSP00000228843	Q96B01	R51A1_HUMAN
ENSP00000333920	Q15361	TTF1_HUMAN
ENSP00000327344	A6NJ69	IGIP_HUMAN
ENSP00000386292	A6NFY4	NEMP2_HUMAN
ENSP00000387007	Q86XI2	CNDG2_HUMAN
ENSP00000254337	Q66K64	DCA15_HUMAN
ENSP00000428698	Q8TC41	RN217_HUMAN
ENSP00000484713	A0A087X256	A0A087X256_HUMAN
ENSP00000331298	Q8IYN6	UBAD2_HUMAN
ENSP00000479071	Q6FIF0	ZFAN6_HUMAN
ENSP00000477654	Q8IYD9	LAS2_HUMAN
ENSP00000258317	Q9BXD5	NPL_HUMAN
ENSP00000439068	P78560	CRADD_HUMAN
ENSP00000300128	O14524	NEMP1_HUMAN
ENSP00000358925	Q6PGN9	PSRC1_HUMAN
ENSP00000224652	O95260	ATE1_HUMAN
ENSP00000355812	O95684	CEP43_HUMAN
ENSP00000335306	Q7L190	DPPA4_HUMAN
ENSP00000252992	Q6P2H3	CEP85_HUMAN
ENSP00000422581	Q8N7C3	TRIMM_HUMAN
ENSP00000247191	Q15398	DLGP5_HUMAN
ENSP00000363411	P50151	GBG10_HUMAN
ENSP00000321656	P30307	MPIP3_HUMAN
ENSP00000350491	P49642	PRI1_HUMAN
ENSP00000359740	Q9Y4E5	ZN451_HUMAN
ENSP00000303575	Q9BW91	NUDT9_HUMAN
ENSP00000373420	Q8WXA3	RUFY2_HUMAN
ENSP00000280020	Q86T90	K1328_HUMAN
ENSP00000381007	Q8IVL0	NAV3_HUMAN
ENSP00000358762	Q7Z6J8	UBE3D_HUMAN
ENSP00000340683	P16415	ZN823_HUMAN
ENSP00000370200	Q92966	SNPC3_HUMAN
ENSP00000294066	Q12851	M4K2_HUMAN
ENSP00000345716	Q5M9Q1	NKAPL_HUMAN
ENSP00000411827	Q96N19	G137A_HUMAN
ENSP00000314518	Q7Z3D4	LYSM3_HUMAN
ENSP00000350195	O95382	M3K6_HUMAN
ENSP00000269973	Q02386	ZNF45_HUMAN
ENSP00000356708	Q7RTU3	OLIG3_HUMAN
ENSP00000323435	Q96L94	SNX22_HUMAN
ENSP00000358810	Q5VSL9	STRP1_HUMAN
ENSP00000349929	Q96C92	ENTR1_HUMAN
ENSP00000431012	O15013	ARHGA_HUMAN
ENSP00000361140	P14550	AK1A1_HUMAN
ENSP00000354622	Q96C34	RUND1_HUMAN
ENSP00000305976	Q9H0K1	SIK2_HUMAN
ENSP00000454341	H3BMD8	H3BMD8_HUMAN
ENSP00000219400	Q9NRP2	COXM2_HUMAN
ENSP00000362768	P28749	RBL1_HUMAN
ENSP00000269159	O14732	IMPA2_HUMAN
ENSP00000402355	Q96T59	CDRTF_HUMAN
ENSP00000411099	Q9UKI8	TLK1_HUMAN
ENSP00000294129	Q9NZQ3	SPN90_HUMAN
ENSP00000383402	Q8TF05	PP4R1_HUMAN
ENSP00000464780	Q68CL5	TPGS2_HUMAN
ENSP00000370242	Q9ULE0	WWC3_HUMAN
ENSP00000330361	Q9H7E9	CH033_HUMAN
ENSP00000426848	Q7Z3T8	ZFY16_HUMAN
ENSP00000419235	Q9Y4C2	TCAF1_HUMAN
ENSP00000358363	Q5VU43	MYOME_HUMAN
ENSP00000363382	Q6UWL2	SUSD1_HUMAN
ENSP00000275461	Q96RJ6	FER3L_HUMAN
ENSP00000363046	Q8NFU5	IPMK_HUMAN
ENSP00000255226	Q15849	UT2_HUMAN
ENSP00000272638	Q92575	UBXN4_HUMAN
ENSP00000258770	Q969Z0	FAKD4_HUMAN
ENSP00000379847	P52747	ZN143_HUMAN
ENSP00000332879	O43155	FLRT2_HUMAN
ENSP00000327675	A6NHZ5	LR14B_HUMAN
ENSP00000256707	Q9ULH0	KDIS_HUMAN
ENSP00000419371	Q9H6S1	AZI2_HUMAN
ENSP00000499455	A0A2Z4LIS9	FXO3B_HUMAN
ENSP00000421557	Q49SQ1	GPR33_HUMAN
ENSP00000269886	Q99961	SH3G1_HUMAN
ENSP00000305373	Q8IYI8	ZN440_HUMAN
ENSP00000338034	Q8WW59	SPRY4_HUMAN
ENSP00000357175	P41162	ETV3_HUMAN
ENSP00000371003	Q15326	ZMY11_HUMAN
ENSP00000302276	Q96MH2	HEXI2_HUMAN
ENSP00000363436	O60269	GRIN2_HUMAN
ENSP00000410603	Q86XD5	F131B_HUMAN
ENSP00000257696	Q9Y5L2	HLPDA_HUMAN
ENSP00000267807	Q6N043	Z280D_HUMAN
ENSP00000295297	Q9BXJ2	C1QT7_HUMAN
ENSP00000349805	Q9NTI7	INKA2_HUMAN
ENSP00000479773	A0A087WVY5	A0A087WVY5_HUMAN
ENSP00000412524	Q96HH4	TM169_HUMAN
ENSP00000385695	B5MCN3	S14L6_HUMAN
ENSP00000278949	Q6UWV2	MPZL3_HUMAN
ENSP00000410852	Q8N3T6	T132C_HUMAN
ENSP00000366173	A6NI87	CBY3_HUMAN
ENSP00000255858	Q9UDX3	S14L4_HUMAN
ENSP00000372720	Q24JQ0	S35D4_HUMAN
ENSP00000258034	O14804	TAAR5_HUMAN
ENSP00000301488	O75956	CDKA2_HUMAN
ENSP00000360021	Q9UBI6	GBG12_HUMAN
ENSP00000287996	Q9H8X2	IPPK_HUMAN
ENSP00000482482	P0C875	F228B_HUMAN
ENSP00000492612	A0A1W2PPG7	GBG14_HUMAN
ENSP00000364249	P39877	PA2G5_HUMAN
ENSP00000356908	Q9P1P5	TAAR2_HUMAN
ENSP00000326570	Q9H9S5	FKRP_HUMAN
ENSP00000357073	Q9P2J2	TUTLA_HUMAN
ENSP00000439287	Q9H426	RIMS4_HUMAN
ENSP00000385579	Q6NSI8	SANBR_HUMAN
ENSP00000341236	Q8IW36	ZN695_HUMAN
ENSP00000474090	O95045	UPP2_HUMAN
ENSP00000408697	Q68CJ6	SLIP_HUMAN
ENSP00000301463	Q8NCJ5	SPRY3_HUMAN
ENSP00000277570	Q86WR7	PRSR2_HUMAN
ENSP00000424176	O95925	EPPI_HUMAN
ENSP00000362716	P01286	SLIB_HUMAN
ENSP00000248572	P63211	GBG1_HUMAN
ENSP00000346990	Q6ZMJ2	SCAR5_HUMAN
ENSP00000438264	A6NDA9	LRIT2_HUMAN
ENSP00000295171	Q96AQ1	CC74A_HUMAN
ENSP00000265299	Q4G0A6	MINY4_HUMAN
ENSP00000454153	A6NC05	YD286_HUMAN
ENSP00000298596	Q6ZVD7	STOX1_HUMAN
ENSP00000453045	H0YL38	H0YL38_HUMAN
ENSP00000289753	P50406	5HT6R_HUMAN
ENSP00000342097	Q5T8A5	Q5T8A5_HUMAN
ENSP00000360323	Q5TAA0	TTC22_HUMAN
ENSP00000398725	C9JBF1	C9JBF1_HUMAN
ENSP00000334675	Q2NKX8	ERC6L_HUMAN
ENSP00000366387	Q7Z304	MAMC2_HUMAN
ENSP00000351310	A6NMZ7	CO6A6_HUMAN
ENSP00000498499	Q2NKJ3	CTC1_HUMAN
ENSP00000313881	Q13064	MKRN3_HUMAN
ENSP00000311360	Q99638	RAD9A_HUMAN
ENSP00000464357	J3QRS1	J3QRS1_HUMAN
ENSP00000308583	Q8N2Z9	CENPS_HUMAN
ENSP00000337353	Q9NUW8	TYDP1_HUMAN
ENSP00000472698	M0R2N6	M0R2N6_HUMAN
ENSP00000265038	A0A7I2PE23	A0A7I2PE23_HUMAN
ENSP00000457353	A4GXA9	EME2_HUMAN
ENSP00000450114	Q96F83	CLBA1_HUMAN
ENSP00000284503	Q969S2	NEIL2_HUMAN
ENSP00000330875	Q9NPI8	FANCF_HUMAN
ENSP00000304553	Q8TAP9	MPLKI_HUMAN
ENSP00000405577	Q9H6B4	CLMP_HUMAN
ENSP00000287675	Q9Y2C4	EXOG_HUMAN
ENSP00000274361	Q8N7Z5	ANR31_HUMAN
ENSP00000363286	Q9NRF9	DPOE3_HUMAN
ENSP00000389709	Q495C1	RN212_HUMAN
ENSP00000360682	Q9BUH6	PAXX_HUMAN
ENSP00000382218	Q19AV6	ZSWM7_HUMAN
ENSP00000483236	P61962	DCAF7_HUMAN
ENSP00000265421	P06746	DPOLB_HUMAN
ENSP00000403987	Q8WUR7	CO040_HUMAN
ENSP00000328203	Q9BWF2	TRAIP_HUMAN
ENSP00000413632	Q4G0Z9	MCMD2_HUMAN
ENSP00000498215	Q8NB91	FANCB_HUMAN
ENSP00000466121	Q9BTP7	FAP24_HUMAN
ENSP00000354497	Q9Y2M0	FAN1_HUMAN
ENSP00000350249	Q9NUX5	POTE1_HUMAN
ENSP00000424191	Q53HV7	SMUG1_HUMAN
ENSP00000328940	Q9BQ83	SLX1_HUMAN
ENSP00000262710	Q9UKV3	ACINU_HUMAN
ENSP00000406293	O75764	TCEA3_HUMAN
ENSP00000382794	A8MTL3	R212B_HUMAN
ENSP00000301019	Q9H211	CDT1_HUMAN
ENSP00000396445	Q9Y236	OSGI2_HUMAN
ENSP00000335557	Q5VYV7	SLX4I_HUMAN
ENSP00000359454	A2PYH4	HFM1_HUMAN
ENSP00000358953	Q9H467	CUED2_HUMAN
ENSP00000265081	P20585	MSH3_HUMAN
ENSP00000383710	F6S8H2	F6S8H2_HUMAN
ENSP00000379174	Q9NP87	DPOLM_HUMAN
ENSP00000265806	Q9Y3T6	R3HC1_HUMAN
ENSP00000265806	A0A0R4J2E2	A0A0R4J2E2_HUMAN
ENSP00000371469	O60671	RAD1_HUMAN
ENSP00000352271	O43543	XRCC2_HUMAN
ENSP00000498784	A0A494C100	A0A494C100_HUMAN
ENSP00000337623	Q5TBB1	RNH2B_HUMAN
ENSP00000418582	P49789	FHIT_HUMAN
ENSP00000471299	Q9H6Y5	MAGIX_HUMAN
ENSP00000243326	Q5UIP0	RIF1_HUMAN
ENSP00000363405	Q5VXU9	SHOC1_HUMAN
ENSP00000264233	O75417	DPOLQ_HUMAN
ENSP00000417196	P57723	PCBP4_HUMAN
ENSP00000498042	Q9H816	DCR1B_HUMAN
ENSP00000313854	Q96KA5	CLP1L_HUMAN
ENSP00000342924	Q8NEM0	MCPH1_HUMAN
ENSP00000307004	Q8IW19	APLF_HUMAN
ENSP00000372955	Q96FZ2	HMCES_HUMAN
ENSP00000340796	Q5BKZ1	ZN326_HUMAN
ENSP00000434359	Q9UHX1	PUF60_HUMAN
ENSP00000380336	Q2TAY7	SMU1_HUMAN
ENSP00000359401	Q5VVC0	SPO16_HUMAN
ENSP00000325296	Q9P0L9	PK2L1_HUMAN
ENSP00000310356	Q96E14	RMI2_HUMAN
ENSP00000373640	A2RU49	HYKK_HUMAN
ENSP00000433205	Q7Z589	EMSY_HUMAN
ENSP00000258774	O60921	HUS1_HUMAN
ENSP00000392395	Q96EP1	CHFR_HUMAN
ENSP00000370293	Q8NHY5	HUS1B_HUMAN
ENSP00000398824	Q96BD5	PF21A_HUMAN
ENSP00000357480	Q96E22	NGBR_HUMAN
ENSP00000300145	Q9Y6H3	ATP23_HUMAN
ENSP00000492108	A0A1W2PR82	PERC1_HUMAN
ENSP00000358262	Q86WJ1	CHD1L_HUMAN
ENSP00000376952	Q96AY2	EME1_HUMAN
ENSP00000313171	Q96QE3	ATAD5_HUMAN
ENSP00000355185	Q6PJP8	DCR1A_HUMAN
ENSP00000383986	Q96GN5	CDA7L_HUMAN
ENSP00000424725	Q9NZM6	PK2L2_HUMAN
ENSP00000243903	Q9H9F9	ARP5_HUMAN
ENSP00000331867	Q7RTX1	TS1R1_HUMAN
ENSP00000197268	A2RU67	F234B_HUMAN
ENSP00000429865	A0A0A6YYB9	A0A0A6YYB9_HUMAN
ENSP00000501093	A0A8I5KHR1	A0A8I5KHR1_HUMAN
ENSP00000368720	Q494U1	PKHN1_HUMAN
ENSP00000479256	Q7L0X0	TRIL_HUMAN
ENSP00000266671	Q8WV24	PHLA1_HUMAN
ENSP00000281441	Q96B21	TM45B_HUMAN
ENSP00000369738	A0A0C4DFX5	A0A0C4DFX5_HUMAN
ENSP00000334134	Q6ZS82	R9BP_HUMAN
ENSP00000383185	Q6ZN28	MACC1_HUMAN
ENSP00000308479	O14626	GP171_HUMAN
ENSP00000377699	Q8IZF6	AGRG4_HUMAN
ENSP00000297146	P60893	GPR85_HUMAN
ENSP00000368135	Q8WUT4	LRRN4_HUMAN
ENSP00000307831	Q8IZF5	AGRF3_HUMAN
ENSP00000322956	P55082	MFAP3_HUMAN
ENSP00000401145	O43903	GAS2_HUMAN
ENSP00000266395	Q13956	CNCG_HUMAN
ENSP00000441039	Q8N6U8	GP161_HUMAN
ENSP00000362562	Q969K7	TMM54_HUMAN
ENSP00000328088	Q96IZ0	PAWR_HUMAN
ENSP00000367173	Q6ZRF8	RN207_HUMAN
ENSP00000376132	O43795	MYO1B_HUMAN
ENSP00000492303	A0A1W2PRG6	A0A1W2PRG6_HUMAN
ENSP00000351989	Q6UW10	SFTA2_HUMAN
ENSP00000369045	O60575	ISK4_HUMAN
ENSP00000363298	Q5W0U4	BSPRY_HUMAN
ENSP00000366617	Q9BRT8	ZNG1A_HUMAN
ENSP00000417261	Q8NFN8	GP156_HUMAN
ENSP00000347484	Q6ZMP0	THSD4_HUMAN
ENSP00000311657	Q8IUY3	GRM2A_HUMAN
ENSP00000283296	Q8IZF2	AGRF5_HUMAN
ENSP00000369976	Q8IUX8	EGFL6_HUMAN
ENSP00000301204	Q8NBT3	TM145_HUMAN
ENSP00000344929	Q8NFQ5	BPIB6_HUMAN
ENSP00000317578	P35626	ARBK2_HUMAN
ENSP00000338607	Q8WUY1	THEM6_HUMAN
ENSP00000366157	Q86V85	GP180_HUMAN
ENSP00000366628	Q5UAW9	GP157_HUMAN
ENSP00000363268	Q5T292	TM273_HUMAN
ENSP00000311122	Q8NDY8	TMM52_HUMAN
ENSP00000357080	P0DPA2	VSIG8_HUMAN
ENSP00000327417	O43194	GPR39_HUMAN
ENSP00000309493	Q5T6X5	GPC6A_HUMAN
ENSP00000335055	Q9UPY6	WASF3_HUMAN
ENSP00000323246	Q96AV8	E2F7_HUMAN
ENSP00000217939	Q9NR99	MXRA5_HUMAN
ENSP00000357691	Q9HCY8	S10AE_HUMAN
ENSP00000499548	A0A590UJR9	A0A590UJR9_HUMAN
ENSP00000340083	Q9NPI7	KRCC1_HUMAN
ENSP00000305556	Q15365	PCBP1_HUMAN
ENSP00000275767	Q9NV12	TM140_HUMAN
ENSP00000497532	Q96DW6	S2538_HUMAN
ENSP00000382104	Q9Y3R5	DOP1B_HUMAN
ENSP00000341610	Q9C002	CX4L3_HUMAN
ENSP00000367938	O14548	CO72L_HUMAN
ENSP00000411719	P25325	THTM_HUMAN
ENSP00000238667	Q9UPI3	FLVC2_HUMAN
ENSP00000290913	Q9BRQ6	MIC25_HUMAN
ENSP00000355467	Q8NBX0	SCPDL_HUMAN
ENSP00000287667	Q15155	NOMO1_HUMAN
ENSP00000407726	O00534	VMA5A_HUMAN
ENSP00000478104	Q5THJ4	VP13D_HUMAN
ENSP00000324587	P78312	F193A_HUMAN
ENSP00000418983	P0C671	BNIP5_HUMAN
ENSP00000379621	P57768	SNX16_HUMAN
ENSP00000332103	Q9BRA0	NAA38_HUMAN
ENSP00000354553	Q8WWB7	GLMP_HUMAN
ENSP00000331369	Q53S33	BOLA3_HUMAN
ENSP00000430548	P48651	PTSS1_HUMAN
ENSP00000447488	O14910	LIN7A_HUMAN
ENSP00000429200	Q9NYZ2	MFRN1_HUMAN
ENSP00000363349	Q5VWJ9	SNX30_HUMAN
ENSP00000359526	Q96A46	MFRN2_HUMAN
ENSP00000475750	Q9Y5Z4	HEBP2_HUMAN
ENSP00000267750	Q5J8M3	EMC4_HUMAN
ENSP00000397269	E7EQY1	E7EQY1_HUMAN
ENSP00000358149	Q9Y3E2	BOLA1_HUMAN
ENSP00000381150	A4D2B0	MBLC1_HUMAN
ENSP00000252599	Q8NBJ5	GT251_HUMAN
ENSP00000426290	Q5VWP3	MLIP_HUMAN
ENSP00000299687	Q9C0G0	ZN407_HUMAN
ENSP00000483757	P59103	DAOA_HUMAN
ENSP00000233468	Q9Y3B4	SF3B6_HUMAN
ENSP00000279392	Q9BW71	HIRP3_HUMAN
ENSP00000306425	Q9BUK0	CHCH7_HUMAN
ENSP00000359848	Q92643	GPI8_HUMAN
ENSP00000378588	Q9Y5J7	TIM9_HUMAN
ENSP00000265350	Q9H944	MED20_HUMAN
ENSP00000315118	Q96D53	COQ8B_HUMAN
ENSP00000438071	F5H0C4	F5H0C4_HUMAN
ENSP00000358496	P56277	CMC4_HUMAN
ENSP00000349543	P28328	PEX2_HUMAN
ENSP00000270502	Q9BSF4	TIM29_HUMAN
ENSP00000482410	O75564	JERKY_HUMAN
ENSP00000307951	Q4VC39	HIG2B_HUMAN
ENSP00000495710	Q9BR61	ACBD6_HUMAN
ENSP00000223864	Q9HBL7	PLRKT_HUMAN
ENSP00000300452	Q9Y3A0	COQ4_HUMAN
ENSP00000361095	Q5SWH9	TMM69_HUMAN
ENSP00000430282	P21283	VATC1_HUMAN
ENSP00000493768	A0A2R8Y455	A0A2R8Y455_HUMAN
ENSP00000271628	Q15427	SF3B4_HUMAN
ENSP00000366326	O76041	NEBL_HUMAN
ENSP00000346483	Q96HY6	DDRGK_HUMAN
ENSP00000289805	Q8IUW3	SPA2L_HUMAN
ENSP00000483246	Q96A25	T106A_HUMAN
ENSP00000368648	Q6NXT4	ZNT6_HUMAN
ENSP00000297632	Q6PI78	TMM65_HUMAN
ENSP00000238561	Q86TW2	ADCK1_HUMAN
ENSP00000359127	Q9H2P9	DPH5_HUMAN
ENSP00000347924	Q6P4A7	SFXN4_HUMAN
ENSP00000484105	P49643	PRI2_HUMAN
ENSP00000418668	Q5BKX8	CAVN4_HUMAN
ENSP00000245105	Q8TE82	S3TC1_HUMAN
ENSP00000341539	Q8N3R3	TCAIM_HUMAN
ENSP00000355306	Q8IYL3	CA174_HUMAN
ENSP00000386935	Q3KQV9	UAP1L_HUMAN
ENSP00000486357	A0A087WZV0	A0A087WZV0_HUMAN
ENSP00000370839	Q16585	SGCB_HUMAN
ENSP00000341657	Q9P016	THYN1_HUMAN
ENSP00000274787	Q9BW72	HIG2A_HUMAN
ENSP00000263063	Q9NVV4	PAPD1_HUMAN
ENSP00000363360	Q9NRY2	SOSSC_HUMAN
ENSP00000326411	Q69YN2	C19L1_HUMAN
ENSP00000333938	Q0ZGT2	NEXN_HUMAN
ENSP00000467262	O14957	QCR10_HUMAN
ENSP00000356967	Q969M1	TM40L_HUMAN
ENSP00000431371	E9PLN8	E9PLN8_HUMAN
ENSP00000342015	Q49B96	COX19_HUMAN
ENSP00000264093	Q16854	DGUOK_HUMAN
ENSP00000351214	Q9P0U1	TOM7_HUMAN
ENSP00000278980	Q86VX2	COMD7_HUMAN
ENSP00000374328	Q5TGI0	FAXC_HUMAN
ENSP00000356256	Q99595	TI17A_HUMAN
ENSP00000445920	Q96EY8	MMAB_HUMAN
ENSP00000342322	Q9NS93	TM7S3_HUMAN
ENSP00000472305	Q9NW07	ZN358_HUMAN
ENSP00000339720	O00483	CXFA4_HUMAN
ENSP00000298492	Q15018	ABRX2_HUMAN
ENSP00000296582	Q9NVA4	T184C_HUMAN
ENSP00000411253	Q9NVR7	TBCC1_HUMAN
ENSP00000438455	G3XAN8	G3XAN8_HUMAN
ENSP00000216237	Q969R5	LMBL2_HUMAN
ENSP00000256441	P82909	KGD4_HUMAN
ENSP00000371940	Q12950	FOXD4_HUMAN
ENSP00000357973	Q8WV93	AFG1L_HUMAN
ENSP00000298743	P54826	GAS1_HUMAN
ENSP00000300605	Q9H0R4	HDHD2_HUMAN
ENSP00000303398	Q96DY7	MTBP_HUMAN
ENSP00000336861	Q86VS3	IQCH_HUMAN
ENSP00000402661	Q53S58	TM177_HUMAN
ENSP00000371607	Q99797	MIPEP_HUMAN
ENSP00000395204	Q96MH6	DIESL_HUMAN
ENSP00000470152	Q9Y4J8	DTNA_HUMAN
ENSP00000354204	Q6UXN7	TO20L_HUMAN
ENSP00000254616	Q9Y5J6	T10B_HUMAN
ENSP00000348924	P62807	H2B1C_HUMAN
ENSP00000345528	Q8N357	S35F6_HUMAN
ENSP00000361795	Q9BQY9	DBND2_HUMAN
ENSP00000328694	Q70IA6	MOB2_HUMAN
ENSP00000263956	Q9Y5Q9	TF3C3_HUMAN
ENSP00000315693	Q9Y3D7	TIM16_HUMAN
ENSP00000358233	P0CG08	GPHRB_HUMAN
ENSP00000223528	O75072	FKTN_HUMAN
ENSP00000340568	Q7Z4L0	COX8C_HUMAN
ENSP00000348821	P52179	MYOM1_HUMAN
ENSP00000358737	P24539	AT5F1_HUMAN
ENSP00000443795	Q9NYJ1	COA4_HUMAN
ENSP00000298875	Q9P2I0	CPSF2_HUMAN
ENSP00000385995	Q6YHU6	THADA_HUMAN
ENSP00000370372	Q9BYT8	NEUL_HUMAN
ENSP00000291495	Q8IUL8	CILP2_HUMAN
ENSP00000493232	A0A286YF11	A0A286YF11_HUMAN
ENSP00000356849	Q9P215	POGK_HUMAN
ENSP00000259883	Q96JS3	PGBD1_HUMAN
ENSP00000316940	Q5JXX7	TMM31_HUMAN
ENSP00000312222	Q9H4I2	ZHX3_HUMAN
ENSP00000417171	Q96LB4	VATG3_HUMAN
ENSP00000359520	Q9NQZ7	ENTP7_HUMAN
ENSP00000311833	Q8TED4	G6PT3_HUMAN
ENSP00000287957	Q8WUU5	GATD1_HUMAN
ENSP00000253410	Q9P298	HIG1B_HUMAN
ENSP00000370139	P53701	CCHL_HUMAN
ENSP00000266736	Q96NU7	HUTI_HUMAN
ENSP00000231198	Q9NWX6	THG1_HUMAN
ENSP00000309595	Q96RR1	PEO1_HUMAN
ENSP00000334437	P0C025	NUD17_HUMAN
ENSP00000380283	Q96CH1	GP146_HUMAN
ENSP00000246012	O60676	CST8_HUMAN
ENSP00000278855	Q86WS3	OOSP2_HUMAN
ENSP00000382871	A2A368	MAGBG_HUMAN
ENSP00000347418	Q8NGV7	OR5H2_HUMAN
ENSP00000273308	Q9Y2B0	CNPY2_HUMAN
ENSP00000390204	A8MVW5	HECA2_HUMAN
ENSP00000356780	Q5TID7	CC181_HUMAN
ENSP00000375649	Q96S97	MYADM_HUMAN
ENSP00000287590	Q8NFL0	B3GN7_HUMAN
ENSP00000300226	Q9BY19	M4A8_HUMAN
ENSP00000494382	A0A2R8Y4Y8	OSP4B_HUMAN
ENSP00000431607	Q3C1V0	M4A18_HUMAN
ENSP00000271139	Q70IA8	MOB3C_HUMAN
ENSP00000271139	X6R3L3	X6R3L3_HUMAN
ENSP00000446054	Q5H9J7	BEX5_HUMAN
ENSP00000383737	Q0VDD8	DYH14_HUMAN
ENSP00000351727	Q8TC90	CCER1_HUMAN
ENSP00000331532	Q96LK8	SPT32_HUMAN
ENSP00000492992	Q96R27	OR2M4_HUMAN
ENSP00000499123	A0A494C1L8	A0A494C1L8_HUMAN
ENSP00000335091	Q8ND25	ZNRF1_HUMAN
ENSP00000219207	Q9Y342	PLLP_HUMAN
ENSP00000495845	A0A2R8Y6X2	A0A2R8Y6X2_HUMAN
ENSP00000300778	Q8NH59	O51Q1_HUMAN
ENSP00000339238	Q3LI83	KR241_HUMAN
ENSP00000492895	Q8NH02	O2T29_HUMAN
ENSP00000282869	Q03924	ZN117_HUMAN
ENSP00000410024	C9JFL3	PHGR1_HUMAN
ENSP00000341528	Q8IZ26	ZNF34_HUMAN
ENSP00000485287	Q8NGY9	OR2L8_HUMAN
ENSP00000390111	A0PG75	PLS5_HUMAN
ENSP00000480090	Q7Z443	PK1L3_HUMAN
ENSP00000300182	Q96DS6	M4A6E_HUMAN
ENSP00000361788	Q9H790	EXO5_HUMAN
ENSP00000493404	Q8NG98	OR7D4_HUMAN
ENSP00000362376	Q96D05	F241B_HUMAN
ENSP00000300404	Q8NHY0	B4GN2_HUMAN
ENSP00000457810	Q96BT3	CENPT_HUMAN
ENSP00000359940	Q8N6C5	IGSF1_HUMAN
ENSP00000340609	Q68J44	DUS29_HUMAN
ENSP00000404251	Q14135	VGLL4_HUMAN
ENSP00000386764	P61129	ZC3H6_HUMAN
ENSP00000333952	Q5TCM9	LCE5A_HUMAN
ENSP00000382951	P0DP74	D130A_HUMAN
ENSP00000356214	Q8N699	MYCT1_HUMAN
ENSP00000296839	Q9C009	FOXQ1_HUMAN
ENSP00000471417	A6NHY2	AKD1B_HUMAN
ENSP00000351395	Q6XE38	SG1D4_HUMAN
ENSP00000354483	Q5VZP5	STYL2_HUMAN
ENSP00000270077	Q00887	PSG9_HUMAN
ENSP00000300190	Q9H3V2	MS4A5_HUMAN
ENSP00000342313	Q96NU1	SAM11_HUMAN
ENSP00000370345	Q58A45	PAN3_HUMAN
ENSP00000259569	O60518	RNBP6_HUMAN
ENSP00000452479	Q92843	B2CL2_HUMAN
ENSP00000378504	Q9H4D5	NXF3_HUMAN
ENSP00000366630	Q8WXT5	FX4L4_HUMAN
ENSP00000352111	A7E2F4	GOG8A_HUMAN
ENSP00000359603	Q17RW2	COOA1_HUMAN
ENSP00000416662	Q8N859	ZN713_HUMAN
ENSP00000364043	Q99865	SPI2A_HUMAN
ENSP00000254998	Q9UKK6	NXT1_HUMAN
ENSP00000279168	Q96T91	GPHA2_HUMAN
ENSP00000494883	Q6ZNG9	KRBD2_HUMAN
ENSP00000372512	A6NGT6	A6NGT6_HUMAN
ENSP00000366783	J3KPF0	J3KPF0_HUMAN
ENSP00000413896	B3EWG6	FM25G_HUMAN
ENSP00000404432	P0CW20	LIMS4_HUMAN
ENSP00000436679	Q9UBU9	NXF1_HUMAN
ENSP00000477509	Q86T75	NBPFB_HUMAN
ENSP00000312814	Q14681	KCTD2_HUMAN
ENSP00000466718	Q3MHD2	LSM12_HUMAN
ENSP00000341961	Q6VB84	FX4L3_HUMAN
ENSP00000362456	Q9BVG4	PBDC1_HUMAN
ENSP00000364591	Q9H2G4	TSYL2_HUMAN
ENSP00000387982	Q6P4I2	WDR73_HUMAN
ENSP00000308873	Q96LY2	CC74B_HUMAN
ENSP00000458954	Q99567	NUP88_HUMAN
ENSP00000472802	Q9NWS9	ZN446_HUMAN
ENSP00000252100	Q96DC7	TMCO6_HUMAN
ENSP00000366637	Q5VV16	FX4L5_HUMAN
ENSP00000460885	A0A0A6YYL4	A0A0A6YYL4_HUMAN
ENSP00000477979	P0DPF3	NBPF9_HUMAN
ENSP00000310596	O15116	LSM1_HUMAN
ENSP00000342604	Q8NB25	F184A_HUMAN
ENSP00000265990	O14981	BTAF1_HUMAN
ENSP00000354085	Q8IWZ3	ANKH1_HUMAN
ENSP00000254193	P09661	RU2A_HUMAN
ENSP00000218004	Q9NPJ8	NXT2_HUMAN
ENSP00000469142	Q99742	NPAS1_HUMAN
ENSP00000407067	Q8N7N1	F86B1_HUMAN
ENSP00000342790	B3EWG3	FM25A_HUMAN
ENSP00000481575	A8CG34	P121C_HUMAN
ENSP00000423099	Q8TE69	EOLA1_HUMAN
ENSP00000382274	P69849	NOMO3_HUMAN
ENSP00000355465	Q8WYP5	ELYS_HUMAN
ENSP00000251166	P57737	CORO7_HUMAN
ENSP00000360162	B7ZLQ5	B7ZLQ5_HUMAN
ENSP00000461862	Q9Y5G1	PCDGF_HUMAN
ENSP00000357547	Q5VU65	P210L_HUMAN
ENSP00000381270	Q96NH3	BROMI_HUMAN
ENSP00000367721	A0A8V8NBT1	A0A8V8NBT1_HUMAN
ENSP00000370126	O75920	SERF1_HUMAN
ENSP00000371155	Q9BVL2	NUP58_HUMAN
ENSP00000485586	Q9GZY0	NXF2_HUMAN
ENSP00000265634	P47972	NPTX2_HUMAN
ENSP00000379181	P78406	RAE1L_HUMAN
ENSP00000465075	Q8NBT2	SPC24_HUMAN
ENSP00000386049	Q9P267	MBD5_HUMAN
ENSP00000385169	B5MCG9	B5MCG9_HUMAN
ENSP00000343288	O00409	FOXN3_HUMAN
ENSP00000417556	H7C4K7	H7C4K7_HUMAN
ENSP00000404705	Q58DX5	NADL2_HUMAN
ENSP00000450870	H0YJ60	H0YJ60_HUMAN
ENSP00000405165	P0CW19	LIMS3_HUMAN
ENSP00000300413	P62314	SMD1_HUMAN
ENSP00000378687	Q96HA1	P121A_HUMAN
ENSP00000392371	Q86W11	ZSC30_HUMAN
ENSP00000484732	A6NHX0	CAST2_HUMAN
ENSP00000354504	O75129	ASTN2_HUMAN
ENSP00000469876	Q4G0G5	SC2B2_HUMAN
ENSP00000379387	P59923	ZN445_HUMAN
ENSP00000346892	O75920	SERF1_HUMAN
ENSP00000370736	Q9HC07	TM165_HUMAN
ENSP00000286955	P51993	FUT6_HUMAN
ENSP00000331376	Q9H4I8	SEHL2_HUMAN
ENSP00000378996	Q16612	NREP_HUMAN
ENSP00000355559	Q8NCR0	B3GL2_HUMAN
ENSP00000300245	Q9H8T0	AKTIP_HUMAN
ENSP00000386862	Q9P0V3	SH3B4_HUMAN
ENSP00000357863	Q969F1	TF3C6_HUMAN
ENSP00000346809	Q75T13	PGAP1_HUMAN
ENSP00000236040	Q32P28	P3H1_HUMAN
ENSP00000355060	Q9HCE6	ARGAL_HUMAN
ENSP00000380734	Q52LJ0	FA98B_HUMAN
ENSP00000307674	Q8WVQ1	CANT1_HUMAN
ENSP00000347649	Q92791	SC65_HUMAN
ENSP00000303061	Q8WTP9	XAGE3_HUMAN
ENSP00000484804	Q7Z3E5	ARMC9_HUMAN
ENSP00000311343	Q8IV35	CF337_HUMAN
ENSP00000423159	A6NCC3	GOG8O_HUMAN
ENSP00000302629	Q70JA7	CHSS3_HUMAN
ENSP00000478478	Q8N7Z2	GG6L1_HUMAN
ENSP00000231721	Q9NS98	SEM3G_HUMAN
ENSP00000278823	O94776	MTA2_HUMAN
ENSP00000297325	Q8TAQ9	SUN3_HUMAN
ENSP00000498660	O75752	B3GL1_HUMAN
ENSP00000307858	Q9P1Z0	ZBTB4_HUMAN
ENSP00000295150	Q86W67	F228A_HUMAN
ENSP00000295872	Q8N0Z3	SPICE_HUMAN
ENSP00000386609	Q562E7	WDR81_HUMAN
ENSP00000342144	Q86UK5	LBN_HUMAN
ENSP00000323696	O75718	CRTAP_HUMAN
ENSP00000309640	Q8NBI6	XXLT1_HUMAN
ENSP00000295588	Q8NBL1	PGLT1_HUMAN
ENSP00000231121	O96004	HAND1_HUMAN
ENSP00000415332	Q86VW0	SESD1_HUMAN
ENSP00000476510	Q6UWN0	LYPD4_HUMAN
ENSP00000375717	Q86YD1	PTOV1_HUMAN
ENSP00000235345	Q9NTN3	S35D1_HUMAN
ENSP00000262932	Q8N129	CNPY4_HUMAN
ENSP00000371434	P48380	RFX3_HUMAN
ENSP00000376335	Q7Z3F1	LYCHS_HUMAN
ENSP00000419654	Q9ULE3	DEN2A_HUMAN
ENSP00000493365	Q8WZ84	OR8D1_HUMAN
ENSP00000376384	Q86SQ6	AGRA1_HUMAN
ENSP00000329684	O43603	GALR2_HUMAN
ENSP00000365550	Q5VSY0	GKAP1_HUMAN
ENSP00000377170	Q53RE8	ANR39_HUMAN
ENSP00000356094	P47901	V1BR_HUMAN
ENSP00000269391	Q96PX1	RN157_HUMAN
ENSP00000456594	H3BS89	T178B_HUMAN
ENSP00000384387	O43613	OX1R_HUMAN
ENSP00000442477	Q9NY37	ASIC5_HUMAN
ENSP00000270631	Q96A98	TIP39_HUMAN
ENSP00000242249	O60896	RAMP3_HUMAN
ENSP00000306662	P35368	ADA1B_HUMAN
ENSP00000262441	O95838	GLP2R_HUMAN
ENSP00000324510	O94812	BAIP3_HUMAN
ENSP00000246553	O14842	FFAR1_HUMAN
ENSP00000273610	Q96RP3	UCN2_HUMAN
ENSP00000396622	Q68CQ1	MROH7_HUMAN
ENSP00000054668	O95399	UTS2_HUMAN
ENSP00000356658	Q9Y2T5	GPR52_HUMAN
ENSP00000267017	O15130	NPFF_HUMAN
ENSP00000361663	Q9NP60	IRPL2_HUMAN
ENSP00000276218	Q8TDV5	GP119_HUMAN
ENSP00000315247	Q8NEG0	GAR6_HUMAN
ENSP00000272847	P49190	PTH2R_HUMAN
ENSP00000335158	Q7Z601	GP142_HUMAN
ENSP00000364164	Q8NGN4	O10G9_HUMAN
ENSP00000363136	P46089	GPR3_HUMAN
ENSP00000478725	A0AAG2SVT6	A0AAG2SVT6_HUMAN
ENSP00000331746	P01258	CALC_HUMAN
ENSP00000364389	O60729	CC14B_HUMAN
ENSP00000302603	Q9HAH1	ZN556_HUMAN
ENSP00000258456	Q9Y5Y3	GPR45_HUMAN
ENSP00000260843	Q9BY21	GPR87_HUMAN
ENSP00000299492	Q8ND30	LIPB2_HUMAN
ENSP00000303549	Q96P67	GPR82_HUMAN
ENSP00000368007	Q5SV17	TM240_HUMAN
ENSP00000352928	Q9BW61	DDA1_HUMAN
ENSP00000288221	O15083	ERC2_HUMAN
ENSP00000292672	Q8N6W0	CELF5_HUMAN
ENSP00000261994	Q9UK55	ZPI_HUMAN
ENSP00000445829	Q8N1S5	S39AB_HUMAN
ENSP00000273668	Q96CJ1	EAF2_HUMAN
ENSP00000298943	Q5VWW1	C1QL3_HUMAN
ENSP00000357583	Q14642	I5P1_HUMAN
ENSP00000493362	A6NM03	O2AG2_HUMAN
ENSP00000301480	Q96MR9	ZN560_HUMAN
ENSP00000314223	Q9GZN0	GPR88_HUMAN
ENSP00000335196	Q6ZMI3	GLDN_HUMAN
ENSP00000359034	Q5VTL7	FNDC7_HUMAN
ENSP00000356251	O60883	G37L1_HUMAN
ENSP00000363254	A6NNA5	DRGX_HUMAN
ENSP00000384932	P47775	GPR12_HUMAN
ENSP00000420659	Q96CT2	KLH29_HUMAN
ENSP00000357110	O43491	E41L2_HUMAN
ENSP00000339912	Q9NZU0	FLRT3_HUMAN
ENSP00000371318	Q9NUR3	TM74B_HUMAN
ENSP00000276480	O60284	ST18_HUMAN
ENSP00000274382	Q8N485	LIX1_HUMAN
ENSP00000381895	A2RU48	SMCO3_HUMAN
ENSP00000331577	Q8NF99	ZN397_HUMAN
ENSP00000480626	A0A087WWZ6	A0A087WWZ6_HUMAN
ENSP00000299295	Q9H9P2	CHODL_HUMAN
ENSP00000420840	Q9Y5I3	PCDA1_HUMAN
ENSP00000318258	Q8WYN3	CSRN3_HUMAN
ENSP00000261965	Q96CW5	GCP3_HUMAN
ENSP00000358413	Q9H6R6	ZDHC6_HUMAN
ENSP00000295640	Q9H4A4	AMPB_HUMAN
ENSP00000357645	Q4G0N7	F229B_HUMAN
ENSP00000294484	Q9P2K9	DISP3_HUMAN
ENSP00000329287	O75324	SNN_HUMAN
ENSP00000414750	Q2VWA4	SKOR2_HUMAN
ENSP00000378289	Q9H987	SYP2L_HUMAN
ENSP00000492947	Q6IF00	OR2T2_HUMAN
ENSP00000328326	Q5GH76	XKR4_HUMAN
ENSP00000437629	Q8NGC5	OR6J1_HUMAN
ENSP00000349400	Q8IW52	SLIK4_HUMAN
ENSP00000474456	Q3BBV0	NBPF1_HUMAN
ENSP00000366923	Q8WX77	IBPL1_HUMAN
ENSP00000474487	Q8IVB5	LIX1L_HUMAN
ENSP00000450857	Q8WXE9	STON2_HUMAN
ENSP00000418491	Q6JVE6	LCN10_HUMAN
ENSP00000330190	Q14863	PO6F1_HUMAN
ENSP00000378236	Q53S48	Q53S48_HUMAN
ENSP00000302260	Q8TAG6	VEXIN_HUMAN
ENSP00000218230	Q9UHG2	PCS1N_HUMAN
ENSP00000469332	Q9UN88	GBRT_HUMAN
ENSP00000403130	B4DJY2	TM233_HUMAN
ENSP00000436713	Q9NVX7	KBTB4_HUMAN
ENSP00000272641	O95156	NXPH2_HUMAN
ENSP00000246841	Q9NZU1	FLRT1_HUMAN
ENSP00000384084	O60941	DTNB_HUMAN
ENSP00000358512	Q8N8X9	MB213_HUMAN
ENSP00000444537	Q7L4S7	ARMX6_HUMAN
ENSP00000340672	Q9UH62	ARMX3_HUMAN
ENSP00000428281	O95214	LERL1_HUMAN
ENSP00000279249	O14613	BORG1_HUMAN
ENSP00000427772	Q8IX03	KIBRA_HUMAN
ENSP00000359212	P52954	LBX1_HUMAN
ENSP00000384490	O95503	CBX6_HUMAN
ENSP00000259526	P48745	CCN3_HUMAN
ENSP00000396052	G5E9I4	G5E9I4_HUMAN
ENSP00000338235	Q86UE4	LYRIC_HUMAN
ENSP00000366534	O75593	FOXH1_HUMAN
ENSP00000319914	Q9NR00	TCIM_HUMAN
ENSP00000371770	Q14512	FGFP1_HUMAN
ENSP00000355082	Q9HCL0	PCD18_HUMAN
ENSP00000357644	Q8WXI9	P66B_HUMAN
ENSP00000365351	O95965	ITGBL_HUMAN
ENSP00000353767	Q9ULZ9	MMP17_HUMAN
ENSP00000167106	Q7L8A9	VASH1_HUMAN
ENSP00000341815	P35713	SOX18_HUMAN
ENSP00000366118	Q16384	SSX1_HUMAN
ENSP00000456500	Q96JG9	ZN469_HUMAN
ENSP00000355923	Q15678	PTN14_HUMAN
ENSP00000307041	Q01954	BNC1_HUMAN
ENSP00000361959	O76076	CCN5_HUMAN
ENSP00000222399	P07942	LAMB1_HUMAN
ENSP00000345292	Q9UGV2	NDRG3_HUMAN
ENSP00000324693	Q9NZI5	GRHL1_HUMAN
ENSP00000291416	Q9BVG3	TRI62_HUMAN
ENSP00000315417	Q15699	ALX1_HUMAN
ENSP00000309087	A1L4L8	PL8L1_HUMAN
ENSP00000223357	Q8IUX7	AEBP1_HUMAN
ENSP00000357655	O95389	CCN6_HUMAN
ENSP00000385089	J3KQ06	J3KQ06_HUMAN
ENSP00000498627	Q86UP3	ZFHX4_HUMAN
ENSP00000437659	P78364	PHC1_HUMAN
ENSP00000234816	O95841	ANGL1_HUMAN
ENSP00000442439	Q9H2W2	MIXL1_HUMAN
ENSP00000321835	P43268	ETV4_HUMAN
ENSP00000257118	Q8IXK0	PHC2_HUMAN
ENSP00000342392	Q0VG99	MESP2_HUMAN
ENSP00000284136	O95025	SEM3D_HUMAN
ENSP00000219833	P23975	SC6A2_HUMAN
ENSP00000365720	Q04727	TLE4_HUMAN
ENSP00000362870	P21941	MATN1_HUMAN
ENSP00000295379	O95393	BMP10_HUMAN
ENSP00000309653	Q8NBF1	GLIS1_HUMAN
ENSP00000376708	Q5GFL6	VWA2_HUMAN
ENSP00000344866	Q9UKA1	FBXL5_HUMAN
ENSP00000384524	O00321	ETV2_HUMAN
ENSP00000367202	O95980	RECK_HUMAN
ENSP00000401277	Q75N03	HAKAI_HUMAN
ENSP00000356700	O95561	CA105_HUMAN
ENSP00000361266	Q9Y6C5	PTC2_HUMAN
ENSP00000361602	Q96F45	ZN503_HUMAN
ENSP00000196061	Q02809	PLOD1_HUMAN
ENSP00000349204	Q9BUF7	CRUM3_HUMAN
ENSP00000307369	Q5VZ18	SHE_HUMAN
ENSP00000414150	P11308	ERG_HUMAN
ENSP00000286614	P51512	MMP16_HUMAN
ENSP00000385823	Q9BTC8	MTA3_HUMAN
ENSP00000420294	Q8NDX5	PHC3_HUMAN
ENSP00000288177	P17023	ZNF19_HUMAN
ENSP00000379294	Q8WUF8	ARB2A_HUMAN
ENSP00000334008	Q9NVD7	PARVA_HUMAN
ENSP00000338217	Q9HCE3	ZN532_HUMAN
ENSP00000262904	O00716	E2F3_HUMAN
ENSP00000321108	Q92563	TICN2_HUMAN
ENSP00000331745	Q9NR23	GDF3_HUMAN
ENSP00000410689	Q8N556	AFAP1_HUMAN
ENSP00000282326	Q8NBB4	ZSCA1_HUMAN
ENSP00000361373	Q5JT82	KLF17_HUMAN
ENSP00000327758	P52952	NKX25_HUMAN
ENSP00000385848	Q8TEW8	PAR3L_HUMAN
ENSP00000384899	Q86YP4	P66A_HUMAN
ENSP00000272224	Q7Z4P5	GDF7_HUMAN
ENSP00000301921	Q9BT81	SOX7_HUMAN
ENSP00000413035	O43251	RFOX2_HUMAN
ENSP00000318094	Q96GD3	SCMH1_HUMAN
ENSP00000234371	Q969F8	KISSR_HUMAN
ENSP00000487073	Q6NSW7	NANP8_HUMAN
ENSP00000278937	O60487	MPZL2_HUMAN
ENSP00000351345	Q6UXT8	ALKL1_HUMAN
ENSP00000417003	Q6ZWE6	PKHM3_HUMAN
ENSP00000309741	Q6ZQN7	SO4C1_HUMAN
ENSP00000379008	A0PJK1	SC5AA_HUMAN
ENSP00000304802	P23919	KTHY_HUMAN
ENSP00000446576	Q99700	ATX2_HUMAN
ENSP00000236495	Q2M3M2	SC5A9_HUMAN
ENSP00000482285	A0A087WZ16	A0A087WZ16_HUMAN
ENSP00000386029	P28476	GBRR2_HUMAN
ENSP00000369547	P29377	S100G_HUMAN
ENSP00000292566	Q9NXW9	ALKB4_HUMAN
ENSP00000454562	Q92874	DNSL2_HUMAN
ENSP00000292079	P54710	ATNG_HUMAN
ENSP00000296877	Q969E1	LEAP2_HUMAN
ENSP00000366942	Q495N2	S36A3_HUMAN
ENSP00000244565	Q8IV45	UN5CL_HUMAN
ENSP00000367429	A6NGS2	ERIC4_HUMAN
ENSP00000350833	Q15777	MPPD2_HUMAN
ENSP00000264162	P09848	LPH_HUMAN
ENSP00000296387	Q8N6F1	CLD19_HUMAN
ENSP00000373073	Q96N76	HUTU_HUMAN
ENSP00000339435	Q9GZT4	SRR_HUMAN
ENSP00000363417	Q8WY07	CTR3_HUMAN
ENSP00000406546	Q6PIS1	S23A3_HUMAN
ENSP00000222002	Q06520	ST2A1_HUMAN
ENSP00000303508	A2A2Y4	FRMD3_HUMAN
ENSP00000367081	O00624	NPT3_HUMAN
ENSP00000273173	Q9Y267	S22AE_HUMAN
ENSP00000428280	Q2WGJ9	FR1L6_HUMAN
ENSP00000480336	Q8N4F4	S22AO_HUMAN
ENSP00000416126	Q96NZ9	PRAP1_HUMAN
ENSP00000361110	Q8N5D6	GBGT1_HUMAN
ENSP00000229955	Q9BZJ6	GPR63_HUMAN
ENSP00000299155	Q9BXJ7	AMNLS_HUMAN
ENSP00000377807	Q96E09	PBIR1_HUMAN
ENSP00000317671	Q86WS4	RDIC1_HUMAN
ENSP00000244520	P09234	RU1C_HUMAN
ENSP00000349679	Q9NP97	DLRB1_HUMAN
ENSP00000348010	Q86UA1	PRP39_HUMAN
ENSP00000262593	Q9P104	DOK5_HUMAN
ENSP00000361219	Q9UKN8	TF3C4_HUMAN
ENSP00000394316	Q7L1Q6	5MP2_HUMAN
ENSP00000240488	Q9BWT6	MND1_HUMAN
ENSP00000261893	P83111	LACTB_HUMAN
ENSP00000359049	Q5T8I9	HENMT_HUMAN
ENSP00000483523	A0A087X0N3	A0A087X0N3_HUMAN
ENSP00000293443	A8MVW0	F1712_HUMAN
ENSP00000361708	Q15170	TCAL1_HUMAN
ENSP00000498362	O60828	PQBP1_HUMAN
ENSP00000262293	Q96HE9	PRR11_HUMAN
ENSP00000245046	Q9P0I2	EMC3_HUMAN
ENSP00000253255	Q9NTG1	PKDRE_HUMAN
ENSP00000220913	Q9NRG0	CHRC1_HUMAN
ENSP00000429754	Q08357	S20A2_HUMAN
ENSP00000249344	Q9ULQ0	STRP2_HUMAN
ENSP00000417748	Q5TDH0	DDI2_HUMAN
ENSP00000361209	Q96E40	SACA9_HUMAN
ENSP00000360035	O95685	PPR3D_HUMAN
ENSP00000360379	Q5JX71	F209A_HUMAN
ENSP00000361980	Q9Y2B9	IPKG_HUMAN
ENSP00000283882	Q9UEE9	CFDP1_HUMAN
ENSP00000288462	Q8TAL5	CI043_HUMAN
ENSP00000366953	Q5QP82	DCA10_HUMAN
ENSP00000360210	Q9H1P6	CMIP1_HUMAN
ENSP00000263384	Q9Y421	FA32A_HUMAN
ENSP00000265465	Q14181	DPOA2_HUMAN
ENSP00000363419	Q9H019	MFR1L_HUMAN
ENSP00000341213	Q9BUV8	RCAF1_HUMAN
ENSP00000359128	O75607	NPM3_HUMAN
ENSP00000488568	A0A087WXM9	MEIKN_HUMAN
ENSP00000331310	Q9UBU8	MO4L1_HUMAN
ENSP00000478834	O15482	TEX28_HUMAN
ENSP00000373657	Q53F19	NCBP3_HUMAN
ENSP00000309189	Q8NA61	CBY2_HUMAN
ENSP00000327732	Q8IZ16	SACDR_HUMAN
ENSP00000219611	O75808	CAN15_HUMAN
ENSP00000315386	Q7Z4H8	PLGT3_HUMAN
ENSP00000274773	Q9C029	TRIM7_HUMAN
ENSP00000398076	O43861	ATP9B_HUMAN
ENSP00000465776	P13994	YJU2B_HUMAN
ENSP00000439800	Q9ULU4	ZMYD8_HUMAN
ENSP00000401237	Q9H7X0	NAA60_HUMAN
ENSP00000357842	Q9NNX1	TUFT1_HUMAN
ENSP00000418529	Q9UNZ2	NSF1C_HUMAN
ENSP00000396995	Q8NDF8	PAPD5_HUMAN
ENSP00000342481	O75110	ATP9A_HUMAN
ENSP00000361705	Q9H147	TDIF1_HUMAN
ENSP00000315136	O96018	APBA3_HUMAN
ENSP00000455308	H3BPG6	H3BPG6_HUMAN
ENSP00000472619	P51522	ZNF83_HUMAN
ENSP00000473200	M0R3G1	M0R3G1_HUMAN
ENSP00000257789	Q9UBD5	ORC3_HUMAN
ENSP00000375770	Q9H0D2	ZN541_HUMAN
ENSP00000483154	Q8N9W8	GAR2_HUMAN
ENSP00000237201	Q9HBV2	SACA1_HUMAN
ENSP00000303928	Q92628	K0232_HUMAN
ENSP00000264198	Q969V5	MUL1_HUMAN
ENSP00000462745	P0C7V8	DC8L2_HUMAN
ENSP00000438465	Q96HS1	PGAM5_HUMAN
ENSP00000374552	Q9NWF9	RN216_HUMAN
ENSP00000340474	Q8N9H8	MUT7_HUMAN
ENSP00000384966	Q96T52	IMP2L_HUMAN
ENSP00000396628	Q9Y6I9	TX264_HUMAN
ENSP00000351832	Q9H2M9	RBGPR_HUMAN
ENSP00000338770	Q8TAQ5	ZN420_HUMAN
ENSP00000220669	Q8TCF1	ZFAN1_HUMAN
ENSP00000309945	Q9H2V7	SPNS1_HUMAN
ENSP00000450742	Q9HBF4	ZFYV1_HUMAN
ENSP00000401596	D4PHA4	D4PHA4_HUMAN
ENSP00000329056	A6NHA9	O4C46_HUMAN
ENSP00000348848	Q9Y484	WIPI4_HUMAN
ENSP00000354775	O43164	PJA2_HUMAN
ENSP00000367406	Q6P1X5	TAF2_HUMAN
ENSP00000311318	Q86TL0	ATG4D_HUMAN
ENSP00000388431	Q8N6I4	LYSET_HUMAN
ENSP00000380427	A0A0A6YYG9	A0A0A6YYG9_HUMAN
ENSP00000368868	Q15723	ELF2_HUMAN
ENSP00000369725	Q9UKL2	O52A1_HUMAN
ENSP00000318900	A7XYQ1	SOBP_HUMAN
ENSP00000373828	A6NI56	CC154_HUMAN
ENSP00000373828	A0A590PWR5	A0A590PWR5_HUMAN
ENSP00000488361	A8MW95	BECN2_HUMAN
ENSP00000239587	Q9BWV7	TTLL2_HUMAN
ENSP00000384183	Q8WTX7	CAST1_HUMAN
ENSP00000361857	Q13129	RLF_HUMAN
ENSP00000341361	O43567	RNF13_HUMAN
ENSP00000296343	Q92622	RUBIC_HUMAN
ENSP00000351492	Q9BZL1	UBL5_HUMAN
ENSP00000391601	B4E0T2	B4E0T2_HUMAN
ENSP00000263753	Q5FBB7	SGO1_HUMAN
ENSP00000301831	Q96C45	ULK4_HUMAN
ENSP00000219139	Q9BSU1	PHAF1_HUMAN
ENSP00000405222	A6NGE4	DC8L1_HUMAN
ENSP00000361712	Q96EI5	TCAL4_HUMAN
ENSP00000422473	P57088	TMM33_HUMAN
ENSP00000376139	Q5MNZ6	WIPI3_HUMAN
ENSP00000381928	Q8TDB4	HUMMR_HUMAN
ENSP00000384651	Q13615	MTMR3_HUMAN
ENSP00000258534	Q8N682	DRAM1_HUMAN
ENSP00000373566	Q5M9N0	CD158_HUMAN
ENSP00000307854	Q9NV79	PCMD2_HUMAN
ENSP00000378195	O95800	GPR75_HUMAN
ENSP00000361728	Q00994	BEX3_HUMAN
ENSP00000282041	Q9HCE0	EPG5_HUMAN
ENSP00000252542	Q14151	SAFB2_HUMAN
ENSP00000277746	Q96F24	NRBF2_HUMAN
ENSP00000371221	Q9Y217	MTMR6_HUMAN
ENSP00000363943	Q8IXH6	T53I2_HUMAN
ENSP00000295709	Q9NRP7	STK36_HUMAN
ENSP00000450524	A6NCE7	MP3B2_HUMAN
ENSP00000409016	Q3YBR2	TBRG1_HUMAN
ENSP00000491467	P0DP72	VSXL2_HUMAN
ENSP00000286692	Q6UX65	DRAM2_HUMAN
ENSP00000370055	O95164	UBL3_HUMAN
ENSP00000297151	O95391	SLU7_HUMAN
ENSP00000365962	Q3MII6	TBC25_HUMAN
ENSP00000340668	Q9NWD8	TM248_HUMAN
ENSP00000491215	Q00839	HNRPU_HUMAN
ENSP00000286760	Q8TF30	WHAMM_HUMAN
ENSP00000371811	Q8IYU8	MICU2_HUMAN
ENSP00000367882	Q6ZV70	LANC3_HUMAN
ENSP00000454852	O95149	SPN1_HUMAN
ENSP00000485337	P0C7H9	U17L7_HUMAN
ENSP00000322937	Q6UWE0	LRSM1_HUMAN
ENSP00000415299	A6H8Z2	F221B_HUMAN
ENSP00000497185	O95361	TRI16_HUMAN
ENSP00000367038	Q9P2E9	RRBP1_HUMAN
ENSP00000328236	P50748	KNTC1_HUMAN
ENSP00000384259	Q9Y4P1	ATG4B_HUMAN
ENSP00000453940	P0C221	CC175_HUMAN
ENSP00000325285	Q9NYA4	MTMR4_HUMAN
ENSP00000401946	Q9UPQ9	TNR6B_HUMAN
ENSP00000366582	A6NMK8	INY2B_HUMAN
ENSP00000384334	Q5JSS6	MEIG1_HUMAN
ENSP00000278903	O14681	EI24_HUMAN
ENSP00000261789	O15321	TM9S1_HUMAN
ENSP00000342962	Q9NRX5	SERC1_HUMAN
ENSP00000413418	Q9C0A1	ZFHX2_HUMAN
ENSP00000317144	Q8WXW3	PIBF1_HUMAN
ENSP00000363270	C9J235	C9J235_HUMAN
ENSP00000465638	Q9NV29	TM100_HUMAN
ENSP00000380185	Q3KR16	PKHG6_HUMAN
ENSP00000366465	Q9BRR0	ZKSC3_HUMAN
ENSP00000376534	Q9UIF8	BAZ2B_HUMAN
ENSP00000257626	A4D1B5	GSAP_HUMAN
ENSP00000326128	Q92615	LAR4B_HUMAN
ENSP00000493298	Q9H2C5	O52A5_HUMAN
ENSP00000383433	Q5W0Z9	ZDH20_HUMAN
ENSP00000269701	O43823	AKAP8_HUMAN
ENSP00000338967	O43182	RHG06_HUMAN
ENSP00000371397	Q8N2R8	FA43A_HUMAN
ENSP00000480824	Q9C010	IPKB_HUMAN
ENSP00000262144	Q6PJI9	WDR59_HUMAN
ENSP00000383920	Q76L83	ASXL2_HUMAN
ENSP00000455434	P0DJH9	RD3L_HUMAN
ENSP00000499371	A0AAA9Y8Y6	A0AAA9Y8Y6_HUMAN
ENSP00000355927	Q96S38	KS6C1_HUMAN
ENSP00000329904	Q8IXL9	IQCF2_HUMAN
ENSP00000445277	Q96A99	PTX4_HUMAN
ENSP00000487717	A0A0J9YVX5	A0A0J9YVX5_HUMAN
ENSP00000355847	A0AAA9X175	A0AAA9X175_HUMAN
ENSP00000356375	Q5SVQ8	ZBT41_HUMAN
ENSP00000399903	Q6ZS30	NBEL1_HUMAN
ENSP00000445786	Q8N7L0	F216B_HUMAN
ENSP00000368447	Q8IXQ4	GPAM1_HUMAN
ENSP00000262995	Q13480	GAB1_HUMAN
ENSP00000345491	Q9Y5F0	PCDBD_HUMAN
ENSP00000336775	O15061	SYNEM_HUMAN
ENSP00000219905	Q8IWI9	MGAP_HUMAN
ENSP00000370303	Q8IVQ6	ZDH21_HUMAN
ENSP00000361780	Q9NWD9	BEX4_HUMAN
ENSP00000352314	Q9P2G3	KLH14_HUMAN
ENSP00000356579	Q5VT06	CE350_HUMAN
ENSP00000481046	Q8TCD6	PHOP2_HUMAN
ENSP00000481592	K7EJ46	SIM22_HUMAN
ENSP00000380557	Q9ULX6	AKP8L_HUMAN
ENSP00000413001	Q96MI9	CBPC4_HUMAN
ENSP00000347845	Q9UK61	TASOR_HUMAN
ENSP00000354573	Q9UPN3	MACF1_HUMAN
ENSP00000287239	Q8WYB5	KAT6B_HUMAN
ENSP00000418379	Q8IZX4	TAF1L_HUMAN
ENSP00000429273	Q9Y5G3	PCDGD_HUMAN
ENSP00000437360	G5EA39	G5EA39_HUMAN
ENSP00000351113	O94915	FRYL_HUMAN
ENSP00000496158	A0A2R8YF50	A0A2R8YF50_HUMAN
ENSP00000363654	Q9Y2D5	PLAK2_HUMAN
ENSP00000341684	Q0P6D6	CCD15_HUMAN
ENSP00000403208	Q9P2G4	MAP10_HUMAN
ENSP00000379654	Q9Y4F3	MARF1_HUMAN
ENSP00000347193	J3KNY7	J3KNY7_HUMAN
ENSP00000225276	Q9UJ37	SIA7B_HUMAN
ENSP00000405969	Q8NC06	ACBD4_HUMAN
ENSP00000451188	Q9P0R6	GSKIP_HUMAN
ENSP00000279907	A0JNW5	BLT3B_HUMAN
ENSP00000348299	O60858	TRI13_HUMAN
ENSP00000321195	Q9Y2G3	AT11B_HUMAN
ENSP00000498382	O75140	DEPD5_HUMAN
ENSP00000483621	O75952	CABYR_HUMAN
ENSP00000296603	Q68DH5	LMBD2_HUMAN
ENSP00000236925	Q08AD1	CAMP2_HUMAN
ENSP00000406549	P21675	TAF1_HUMAN
ENSP00000475384	U3KPZ7	U3KPZ7_HUMAN
ENSP00000351416	O75179	ANR17_HUMAN
ENSP00000233099	Q9P2D3	HTR5B_HUMAN
ENSP00000454407	Q8N9W4	GG6L2_HUMAN
ENSP00000360485	Q86UN6	AKA28_HUMAN
ENSP00000365931	Q02086	SP2_HUMAN
ENSP00000026218	Q9BRB3	PIGQ_HUMAN
ENSP00000368452	P50583	AP4A_HUMAN
ENSP00000337889	Q14582	MAD4_HUMAN
ENSP00000403396	Q9BYI3	HYCCI_HUMAN
ENSP00000216452	Q14442	PIGH_HUMAN
ENSP00000256545	Q9NPA0	EMC7_HUMAN
ENSP00000415203	Q5H8A4	PIGG_HUMAN
ENSP00000413405	Q86VD9	PIGZ_HUMAN
ENSP00000293771	Q96CK0	ZN653_HUMAN
ENSP00000271843	O76095	JTB_HUMAN
ENSP00000252512	Q9UIA9	XPO7_HUMAN
ENSP00000325612	Q9Y2X0	MED16_HUMAN
ENSP00000264228	Q9H8P0	SR5A3_HUMAN
ENSP00000295083	Q8N755	S66A3_HUMAN
ENSP00000278243	Q9UHJ9	PGAP2_HUMAN
ENSP00000264771	Q9BSA9	TM175_HUMAN
ENSP00000367880	Q8TEQ8	PIGO_HUMAN
ENSP00000363260	Q9NUD9	PIGV_HUMAN
ENSP00000373674	Q9NPB1	NT5M_HUMAN
ENSP00000281382	Q07326	PIGF_HUMAN
ENSP00000401338	Q9HCN3	PGAP6_HUMAN
ENSP00000401536	Q6ZV50	RFX8_HUMAN
ENSP00000350786	Q96FT7	ASIC4_HUMAN
ENSP00000217446	Q9H490	PIGU_HUMAN
ENSP00000268797	Q3B7J2	GFOD2_HUMAN
ENSP00000363984	Q9BRR3	PGAP4_HUMAN
ENSP00000364397	Q12767	TMM94_HUMAN
ENSP00000347409	P23276	KELL_HUMAN
ENSP00000369325	O76039	CDKL5_HUMAN
ENSP00000372394	A0AVI4	TM129_HUMAN
ENSP00000351430	P15421	GLPE_HUMAN
ENSP00000257940	Q96K80	ZC3HA_HUMAN
ENSP00000332646	Q14728	S75A1_HUMAN
ENSP00000444215	Q8WVP5	TP8L1_HUMAN
ENSP00000250263	Q8IV48	ERI1_HUMAN
ENSP00000292539	Q96I34	PP16A_HUMAN
ENSP00000350633	Q9UHV2	SRTD1_HUMAN
ENSP00000309836	Q8IYE1	CCD13_HUMAN
ENSP00000498697	Q8IZJ3	CPMD8_HUMAN
ENSP00000498697	A0A494C0S9	A0A494C0S9_HUMAN
ENSP00000479850	C9J202	AG1L2_HUMAN
ENSP00000498602	Q96BJ8	ELMO3_HUMAN
ENSP00000262713	Q96IF1	AJUBA_HUMAN
ENSP00000489796	Q8N7G0	PO5F2_HUMAN
ENSP00000263921	Q9UKJ5	CHIC2_HUMAN
ENSP00000427874	F8VNQ3	F8VNQ3_HUMAN
ENSP00000358217	Q9H4Q3	PRD13_HUMAN
ENSP00000239446	Q9UN67	PCDBA_HUMAN
ENSP00000369962	Q9NSI5	IGSF5_HUMAN
ENSP00000358105	Q96BI3	APH1A_HUMAN
ENSP00000290472	Q86XP0	PA24D_HUMAN
ENSP00000334382	Q86YM7	HOME1_HUMAN
ENSP00000345270	Q09327	MGAT3_HUMAN
ENSP00000239449	Q9Y5E9	PCDBE_HUMAN
ENSP00000324763	Q96NZ8	WFKN1_HUMAN
ENSP00000290246	Q96JJ3	ELMO2_HUMAN
ENSP00000416387	Q8WUP2	FBLI1_HUMAN
ENSP00000358142	Q7L0J3	SV2A_HUMAN
ENSP00000477314	Q9NRJ7	PCDBG_HUMAN
ENSP00000436042	Q9Y5H5	PCDA9_HUMAN
ENSP00000436557	Q9Y5H7	PCDA5_HUMAN
ENSP00000365198	Q674X7	KAZRN_HUMAN
ENSP00000312070	Q9UN70	PCDGK_HUMAN
ENSP00000436426	Q9UN72	PCDA7_HUMAN
ENSP00000275517	Q96FF9	CDCA5_HUMAN
ENSP00000261172	Q99645	EPYC_HUMAN
ENSP00000368805	O75603	GCM2_HUMAN
ENSP00000376246	Q8IYB1	M21D2_HUMAN
ENSP00000382356	Q2UY09	COSA1_HUMAN
ENSP00000289272	Q9Y5I0	PCDAD_HUMAN
ENSP00000380442	Q68DD2	PA24F_HUMAN
ENSP00000370340	O00712	NFIB_HUMAN
ENSP00000387250	Q8N6Y1	PCD20_HUMAN
ENSP00000307234	Q9Y5F3	PCDB1_HUMAN
ENSP00000326018	Q9BXM0	PRAX_HUMAN
ENSP00000412388	C9J069	AJM1_HUMAN
ENSP00000231137	Q9Y5E2	PCDB7_HUMAN
ENSP00000416797	Q9P1Y5	CAMP3_HUMAN
ENSP00000231134	Q9Y5E4	PCDB5_HUMAN
ENSP00000377195	Q16643	DREB_HUMAN
ENSP00000360811	Q9UBR4	LHX3_HUMAN
ENSP00000305687	P0CG12	DERPC_HUMAN
ENSP00000359793	P43088	PF2R_HUMAN
ENSP00000200457	Q15654	TRIP6_HUMAN
ENSP00000494384	Q53H64	AK40L_HUMAN
ENSP00000323967	Q969G3	SMCE1_HUMAN
ENSP00000433378	Q9UN73	PCDA6_HUMAN
ENSP00000346151	Q86UL8	MAGI2_HUMAN
ENSP00000216075	Q9UGB7	MIOX_HUMAN
ENSP00000345395	O95428	PPN_HUMAN
ENSP00000484618	P0DMC3	ELA_HUMAN
ENSP00000252085	O60330	PCDGC_HUMAN
ENSP00000434655	Q9Y5H6	PCDA8_HUMAN
ENSP00000380517	Q86UP0	CAD24_HUMAN
ENSP00000431748	Q9Y5H9	PCDA2_HUMAN
ENSP00000253968	Q9HBU1	BARX1_HUMAN
ENSP00000381628	Q9UN75	PCDAC_HUMAN
ENSP00000367433	Q9UKB5	AJAP1_HUMAN
ENSP00000472546	Q9UP65	PA24C_HUMAN
ENSP00000478606	Q9Y5E1	PCDB9_HUMAN
ENSP00000381605	Q9Y5G5	PCDG8_HUMAN
ENSP00000370297	O95813	CER1_HUMAN
ENSP00000231173	Q9Y5E8	PCDBF_HUMAN
ENSP00000374409	Q99569	PKP4_HUMAN
ENSP00000299952	Q96A59	MALD3_HUMAN
ENSP00000313423	Q9GZZ7	GFRA4_HUMAN
ENSP00000381636	Q9Y5I1	PCDAB_HUMAN
ENSP00000481271	Q6IQ01	Q6IQ01_HUMAN
ENSP00000453293	Q99767	APBA2_HUMAN
ENSP00000389714	Q9UI47	CTNA3_HUMAN
ENSP00000260228	O60882	MMP20_HUMAN
ENSP00000231136	Q9Y5E3	PCDB6_HUMAN
ENSP00000300030	Q9H5X1	CIA2A_HUMAN
ENSP00000295314	Q9NZQ9	TMOD4_HUMAN
ENSP00000311502	Q9ULI3	HEG1_HUMAN
ENSP00000274721	O60609	GFRA3_HUMAN
ENSP00000231484	Q9NPG4	PCD12_HUMAN
ENSP00000306918	Q9Y5F7	PCDGL_HUMAN
ENSP00000304234	Q9Y5I2	PCDAA_HUMAN
ENSP00000241125	Q9Y6H8	CXA3_HUMAN
ENSP00000231130	Q9Y5E6	PCDB3_HUMAN
ENSP00000346802	Q9Y5F2	PCDBB_HUMAN
ENSP00000382804	A8MYP8	CMA1B_HUMAN
ENSP00000467201	P36383	CXG1_HUMAN
ENSP00000456548	P0C7U0	ELFN1_HUMAN
ENSP00000419298	Q06416	P5F1B_HUMAN
ENSP00000253807	Q9H158	PCDC1_HUMAN
ENSP00000407301	Q9UFP1	GAK1A_HUMAN
ENSP00000396045	P0C869	PA24B_HUMAN
ENSP00000435300	Q9UN74	PCDA4_HUMAN
ENSP00000311184	Q8TEU8	WFKN2_HUMAN
ENSP00000307143	Q9NYP3	DONS_HUMAN
ENSP00000380467	P0C870	JMJD7_HUMAN
ENSP00000231021	Q9ULB4	CADH9_HUMAN
ENSP00000378570	P0DMM9	ST1A3_HUMAN
ENSP00000253031	Q9BWQ6	YIPF2_HUMAN
ENSP00000333591	Q5M8T2	S35D3_HUMAN
ENSP00000330075	Q6PK18	OGFD3_HUMAN
ENSP00000307954	Q8TBP5	F174A_HUMAN
ENSP00000493283	O14581	OR7AH_HUMAN
ENSP00000366280	Q9H0V9	LMA2L_HUMAN
ENSP00000354571	Q9H920	RN121_HUMAN
ENSP00000328277	Q76KP1	B4GN4_HUMAN
ENSP00000387146	J3KQ47	J3KQ47_HUMAN
ENSP00000256433	Q9Y5U9	IR3IP_HUMAN
ENSP00000255108	Q9BQC3	DPH2_HUMAN
ENSP00000391596	Q9Y303	NAGA_HUMAN
ENSP00000409799	Q9H633	RPP21_HUMAN
ENSP00000272433	Q8TD22	SFXN5_HUMAN
ENSP00000313034	Q969U6	FBXW5_HUMAN
ENSP00000251496	Q9BPX3	CND3_HUMAN
ENSP00000417806	Q8WVI0	UQCC5_HUMAN
ENSP00000360046	Q5JVX7	CA141_HUMAN
ENSP00000307264	Q96F05	CK024_HUMAN
ENSP00000453399	Q9H7F4	T185B_HUMAN
ENSP00000228922	Q6N063	OGFD2_HUMAN
ENSP00000364018	Q56A73	SPIN4_HUMAN
ENSP00000302114	Q9Y255	PRLD1_HUMAN
ENSP00000422131	Q96PV7	F193B_HUMAN
ENSP00000386942	Q96JF0	SIAT2_HUMAN
ENSP00000493823	A0A2R8YDJ6	A0A2R8YDJ6_HUMAN
ENSP00000490913	A0A8V8SD95	A0A8V8SD95_HUMAN
ENSP00000262947	Q969H8	MYDGF_HUMAN
ENSP00000299238	Q86YV9	HPS6_HUMAN
ENSP00000367823	Q7L5A3	ATOSB_HUMAN
ENSP00000326869	Q9P0S3	ORML1_HUMAN
ENSP00000338290	Q9H116	GZF1_HUMAN
ENSP00000220659	Q9HAW0	BRF2_HUMAN
ENSP00000468025	Q96IK0	TM101_HUMAN
ENSP00000355051	Q15543	TAF13_HUMAN
ENSP00000318607	Q86YD5	LRAD3_HUMAN
ENSP00000415682	Q8N5U6	RNF10_HUMAN
ENSP00000475068	Q0VAQ4	SMAGP_HUMAN
ENSP00000400157	Q6UX72	B3GN9_HUMAN
ENSP00000192314	Q9H3Q3	G3ST2_HUMAN
ENSP00000357323	Q9H869	YYAP1_HUMAN
ENSP00000156109	Q92917	GPKOW_HUMAN
ENSP00000162044	Q9NX61	T161A_HUMAN
ENSP00000335575	Q8NGS2	OR1J2_HUMAN
ENSP00000444812	O75467	Z324A_HUMAN
ENSP00000334813	Q9Y2V3	RX_HUMAN
ENSP00000410552	Q8NDZ2	SIMC1_HUMAN
ENSP00000496921	A0A3B3IRV3	MCTS2_HUMAN
ENSP00000229903	Q9NPB0	SAYS1_HUMAN
ENSP00000333984	Q13061	TRDN_HUMAN
ENSP00000347498	Q96K21	ANCHR_HUMAN
ENSP00000387292	Q86TG1	T150A_HUMAN
ENSP00000407592	Q9Y691	KCMB2_HUMAN
ENSP00000275428	O75223	GGCT_HUMAN
ENSP00000378050	Q86TN4	TRPT1_HUMAN
ENSP00000490393	A0A1B0GV70	A0A1B0GV70_HUMAN
ENSP00000442553	Q6PEZ8	PONL1_HUMAN
ENSP00000264607	Q9Y576	ASB1_HUMAN
ENSP00000464932	O43934	MFS11_HUMAN
ENSP00000431083	Q9Y5H4	PCDG1_HUMAN
ENSP00000465517	Q32NC0	RMP24_HUMAN
ENSP00000455265	Q15572	TAF1C_HUMAN
ENSP00000492974	Q96R28	OR2M2_HUMAN
ENSP00000354645	Q96I76	GPTC3_HUMAN
ENSP00000277540	Q9BTV6	DPH7_HUMAN
ENSP00000371661	Q8N3X6	LCORL_HUMAN
ENSP00000253270	Q76EJ3	S35D2_HUMAN
ENSP00000404042	Q7Z7H5	TMED4_HUMAN
ENSP00000373206	Q5NDL2	EOGT_HUMAN
ENSP00000398502	Q96G04	EF2KT_HUMAN
ENSP00000365401	O60826	CCD22_HUMAN
ENSP00000382814	Q9H0X4	F234A_HUMAN
ENSP00000401328	Q7RTY5	PRS48_HUMAN
ENSP00000344125	Q8NAT1	PMGT2_HUMAN
ENSP00000261530	Q9NWQ4	GPT2L_HUMAN
ENSP00000490796	A0A1B0GW64	SIM33_HUMAN
ENSP00000355929	Q5VTE6	ANGE2_HUMAN
ENSP00000276893	Q96PU4	UHRF2_HUMAN
ENSP00000341947	Q6MZP7	LIN54_HUMAN
ENSP00000296088	Q9NRH2	SNRK_HUMAN
ENSP00000371577	Q9C0I1	MTMRC_HUMAN
ENSP00000382815	Q5HYC2	BRD10_HUMAN
ENSP00000259605	Q9H0F5	RNF38_HUMAN
ENSP00000353557	Q5T1Q4	S35F1_HUMAN
ENSP00000495988	P0C2S0	CTXN2_HUMAN
ENSP00000364912	Q96T58	MINT_HUMAN
ENSP00000342023	Q6PIJ6	FBX38_HUMAN
ENSP00000325594	Q96T51	RUFY1_HUMAN
ENSP00000493688	Q12974	TP4A2_HUMAN
ENSP00000490806	Q96PX9	PKH4B_HUMAN
ENSP00000484862	Q9UKF5	ADA29_HUMAN
ENSP00000298569	Q96A73	P33MX_HUMAN
ENSP00000239906	Q9NYF3	FA53C_HUMAN
ENSP00000386126	Q5DID0	UROL1_HUMAN
ENSP00000497590	Q9NPJ4	PNRC2_HUMAN
ENSP00000481854	Q8NE31	FA13C_HUMAN
ENSP00000322361	J9JID5	J9JID5_HUMAN
ENSP00000170150	Q8N4F0	BPIB2_HUMAN
ENSP00000364603	Q9BQP9	BPIA3_HUMAN
ENSP00000252934	Q9UBB4	ATX10_HUMAN
ENSP00000264993	Q9UKY7	CDV3_HUMAN
ENSP00000364632	P59827	BPIB4_HUMAN
ENSP00000294952	Q6ZMI0	PPR21_HUMAN
ENSP00000330433	Q9BRN9	TM2D3_HUMAN
ENSP00000351520	Q9Y227	ENTP4_HUMAN
ENSP00000365898	Q5VYV0	FOXB2_HUMAN
ENSP00000441641	Q9BWN1	PRR14_HUMAN
ENSP00000400168	G3V325	G3V325_HUMAN
ENSP00000271620	Q86TP1	PRUN1_HUMAN
ENSP00000391137	Q8WXI3	ASB10_HUMAN
ENSP00000340220	Q96N11	INT15_HUMAN
ENSP00000376224	Q86VY9	T200A_HUMAN
ENSP00000321546	Q969J3	BORC5_HUMAN
ENSP00000437532	A1A4V9	CF119_HUMAN
ENSP00000318834	Q8NGA5	O10H4_HUMAN
ENSP00000419162	Q86TI4	WDR86_HUMAN
ENSP00000483547	Q9NPA3	M1IP1_HUMAN
ENSP00000498469	O15318	RPC7_HUMAN
ENSP00000247930	Q9ULD5	ZN777_HUMAN
ENSP00000334849	Q8NE00	S38AC_HUMAN
ENSP00000384604	Q6UX46	ALKL2_HUMAN
ENSP00000363516	Q9UKA8	RCAN3_HUMAN
ENSP00000352642	Q9BV99	LRC61_HUMAN
ENSP00000304769	Q7Z7K2	ZN467_HUMAN
ENSP00000450799	O15037	KHNYN_HUMAN
ENSP00000417470	Q8N393	ZN786_HUMAN
ENSP00000298251	Q14CZ8	HECAM_HUMAN
ENSP00000480722	Q6ZVK8	NUD18_HUMAN
ENSP00000347931	Q9H6A9	PCX3_HUMAN
ENSP00000293889	A2IDD5	CCD78_HUMAN
ENSP00000332757	Q6P4F1	OFUT3_HUMAN
ENSP00000380413	Q96P47	AGAP3_HUMAN
ENSP00000352097	Q8NFR3	SPTSB_HUMAN
ENSP00000304071	Q8WU49	CG033_HUMAN
ENSP00000477706	A6NFI3	ZN316_HUMAN
ENSP00000266068	Q9UKD1	GMEB2_HUMAN
ENSP00000493970	A0A2R8YDQ5	A0A2R8YDQ5_HUMAN
ENSP00000342188	A6NIV6	LRIQ4_HUMAN
ENSP00000292530	Q96JL9	ZN333_HUMAN
ENSP00000410890	Q6ZMS7	ZN783_HUMAN
ENSP00000404265	A6NFQ2	TCAF2_HUMAN
ENSP00000425840	Q9ULK6	RN150_HUMAN
ENSP00000411672	Q8NHE4	VA0E2_HUMAN
ENSP00000411672	E9PAS2	E9PAS2_HUMAN
ENSP00000423897	Q96PQ7	KLHL5_HUMAN
ENSP00000261386	Q9NZC3	GDE1_HUMAN
ENSP00000276390	P21281	VATB2_HUMAN
ENSP00000356110	Q9H1E3	NUCKS_HUMAN
ENSP00000474850	C9J1S8	TR49D_HUMAN
ENSP00000380251	A8MXV4	NUD19_HUMAN
ENSP00000362590	Q9NU19	TB22B_HUMAN
ENSP00000223273	Q9NRH1	YAE1_HUMAN
ENSP00000262370	O60291	MGRN1_HUMAN
ENSP00000262843	Q9UJV3	TRIM1_HUMAN
ENSP00000327214	Q9NQ11	AT132_HUMAN
ENSP00000355658	Q9Y577	TRI17_HUMAN
ENSP00000272395	Q96BQ3	TRI43_HUMAN
ENSP00000356156	Q5SWA1	PR15B_HUMAN
ENSP00000356982	Q9Y3C8	UFC1_HUMAN
ENSP00000168216	Q99714	HCD2_HUMAN
ENSP00000384474	Q9NX55	HYPK_HUMAN
ENSP00000354441	Q9Y519	T184B_HUMAN
ENSP00000481457	A6NDI0	TR49B_HUMAN
ENSP00000433967	E9PSI1	E9PSI1_HUMAN
ENSP00000395086	Q9BSJ1	TRI51_HUMAN
ENSP00000423325	A0A0B4J203	A0A0B4J203_HUMAN
ENSP00000233668	Q99704	DOK1_HUMAN
ENSP00000474096	Q92804	RBP56_HUMAN
ENSP00000412566	P14678	RSMB_HUMAN
ENSP00000492719	A6NCK2	TR43B_HUMAN
ENSP00000423391	Q6ZWI9	RFPLB_HUMAN
ENSP00000297459	Q96NL1	TMM74_HUMAN
ENSP00000456782	Q9NXF8	ZDHC7_HUMAN
ENSP00000223500	Q9NZZ3	CHMP5_HUMAN
ENSP00000389060	Q9H3L0	MMAD_HUMAN
ENSP00000433102	O75382	TRIM3_HUMAN
ENSP00000327604	P0CI25	TRI49_HUMAN
ENSP00000328729	O60613	SEP15_HUMAN
ENSP00000267884	P37108	SRP14_HUMAN
ENSP00000388299	P0CI26	TR49C_HUMAN
ENSP00000344432	Q18PE1	DOK7_HUMAN
ENSP00000285805	Q86UV6	TRI74_HUMAN
ENSP00000478474	Q969M7	UBE2F_HUMAN
ENSP00000362166	Q9HAF1	EAF6_HUMAN
ENSP00000459019	Q9NRY6	PLS3_HUMAN
ENSP00000402414	Q8IWZ4	TRI48_HUMAN
ENSP00000301295	Q96MN2	NALP4_HUMAN
ENSP00000409738	Q969X1	LFG3_HUMAN
ENSP00000329662	Q92522	H1X_HUMAN
ENSP00000370222	Q9Y244	POMP_HUMAN
ENSP00000410533	E7ERA6	RN223_HUMAN
ENSP00000311219	Q8IWR1	TRI59_HUMAN
ENSP00000368799	Q86V97	KBTB6_HUMAN
ENSP00000368797	Q8WVZ9	KBTB7_HUMAN
ENSP00000303437	A0AVG3	A0AVG3_HUMAN
ENSP00000346139	Q96BZ9	TBC20_HUMAN
ENSP00000393388	C9JVQ0	C9JVQ0_HUMAN
ENSP00000429744	Q13188	STK3_HUMAN
ENSP00000355011	Q12905	ILF2_HUMAN
ENSP00000357360	Q13505	MTX1_HUMAN
ENSP00000369440	Q9C030	TRIM6_HUMAN
ENSP00000420465	Q8N6D2	RN182_HUMAN
ENSP00000356984	B1AQP5	B1AQP5_HUMAN
ENSP00000350378	Q7Z5G4	GOGA7_HUMAN
ENSP00000378275	Q9BPZ3	PAIP2_HUMAN
ENSP00000485097	C9J1S8	TR49D_HUMAN
ENSP00000274368	P24387	CRHBP_HUMAN
ENSP00000262844	Q9Y4X0	AMMR1_HUMAN
ENSP00000318615	Q86UV7	TRI73_HUMAN
ENSP00000314380	Q7Z429	LFG1_HUMAN
ENSP00000238892	Q9P021	CRIPT_HUMAN
ENSP00000382507	Q14CS0	UBX2B_HUMAN
ENSP00000334002	P54257	HAP1_HUMAN
ENSP00000380840	Q8N972	ZN709_HUMAN
ENSP00000303423	P49354	FNTA_HUMAN
ENSP00000487146	A0A0D9SG52	A0A0D9SG52_HUMAN
ENSP00000327738	Q8N9V2	TRIML_HUMAN
ENSP00000306396	Q5TA31	RN187_HUMAN
ENSP00000306396	A0A1X7SBW3	A0A1X7SBW3_HUMAN
ENSP00000440504	Q8N8K9	K1958_HUMAN
ENSP00000376269	Q8NI08	NCOA7_HUMAN
ENSP00000480941	Q8TCD1	CR032_HUMAN
ENSP00000210187	Q9ULW5	RAB26_HUMAN
ENSP00000359019	O75364	PITX3_HUMAN
ENSP00000411932	Q6P5Q4	LMOD2_HUMAN
ENSP00000436682	P0C7Q2	ARMS2_HUMAN
ENSP00000346283	Q6UXD1	HRCT1_HUMAN
ENSP00000376278	Q9Y5L5	LENEP_HUMAN
ENSP00000482819	A0A087WZQ2	A0A087WZQ2_HUMAN
ENSP00000371572	B2RNN3	C1T9B_HUMAN
ENSP00000478993	Q86YW7	GPHB5_HUMAN
ENSP00000238044	Q9H1Z8	AUGN_HUMAN
ENSP00000434847	Q8WUA8	TSK_HUMAN
ENSP00000441365	Q9BSK0	MALD1_HUMAN
ENSP00000385494	A0A0C4DG04	A0A0C4DG04_HUMAN
ENSP00000273286	Q9HBL6	LRTM1_HUMAN
ENSP00000344758	O94769	ECM2_HUMAN
ENSP00000443133	Q6P0A1	F180B_HUMAN
ENSP00000340200	Q6IB77	GLYAT_HUMAN
ENSP00000217260	Q2I0M5	RSPO4_HUMAN
ENSP00000265627	Q15166	PON3_HUMAN
ENSP00000194155	Q9Y5E7	PCDB2_HUMAN
ENSP00000382713	A1L167	U2QL1_HUMAN
ENSP00000282466	Q6WRI0	IGS10_HUMAN
ENSP00000350541	Q6Q4G3	AMPQ_HUMAN
ENSP00000363894	Q9BS92	NPS3B_HUMAN
ENSP00000364028	P42892	ECE1_HUMAN
ENSP00000276654	Q9Y561	LRP12_HUMAN
ENSP00000463245	Q9Y2Y6	TMM98_HUMAN
ENSP00000349708	O95789	ZMYM6_HUMAN
ENSP00000366460	Q6UX71	PXDC2_HUMAN
ENSP00000335397	Q86UN3	R4RL2_HUMAN
ENSP00000297267	Q4ZHG4	FNDC1_HUMAN
ENSP00000372959	A6NM36	LRC30_HUMAN
ENSP00000477846	Q8NCF0	CL18C_HUMAN
ENSP00000344242	Q8N6Y2	LRC17_HUMAN
ENSP00000319179	Q8NAX2	KDF1_HUMAN
ENSP00000280258	O95084	PRS23_HUMAN
ENSP00000483038	A0A087X018	A0A087X018_HUMAN
ENSP00000494373	Q13126	MTAP_HUMAN
ENSP00000419879	O95674	CDS2_HUMAN
ENSP00000363899	Q9UFN0	NPS3A_HUMAN
ENSP00000226444	P49888	ST1E1_HUMAN
ENSP00000358451	Q9NXN4	GDAP2_HUMAN
ENSP00000370522	Q5FYA8	ARSH_HUMAN
ENSP00000260599	P50053	KHK_HUMAN
ENSP00000417214	Q460N3	PAR15_HUMAN
ENSP00000369989	Q9BW62	KATL1_HUMAN
ENSP00000347721	Q6ZMD2	SPNS3_HUMAN
ENSP00000414068	J3KR12	J3KR12_HUMAN
ENSP00000368109	Q4AC99	1A1L2_HUMAN
ENSP00000243611	P20851	C4BPB_HUMAN
ENSP00000383840	Q9Y4U1	MMAC_HUMAN
ENSP00000256785	Q9BXR6	FHR5_HUMAN
ENSP00000360281	P07358	CO8B_HUMAN
ENSP00000497351	Q9H2C0	GAN_HUMAN
ENSP00000451172	P29622	KAIN_HUMAN
ENSP00000456026	H3BR10	SMLR1_HUMAN
ENSP00000447731	Q8NCL8	TM116_HUMAN
ENSP00000263549	Q9H0J9	PAR12_HUMAN
ENSP00000417580	Q2TAA2	IAH1_HUMAN
ENSP00000476672	Q2QD12	RPEL1_HUMAN
ENSP00000423674	P46926	GNPI1_HUMAN
ENSP00000255681	Q9BQ69	MACD1_HUMAN
ENSP00000370519	P54793	ARSF_HUMAN
ENSP00000379108	Q9H903	MTD2L_HUMAN
ENSP00000455561	H3BQ15	H3BQ15_HUMAN
ENSP00000489687	Q14409	GLPK3_HUMAN
ENSP00000303077	Q8NHS2	AATC2_HUMAN
ENSP00000329374	P05543	THBG_HUMAN
ENSP00000264717	A0A0C4DFN2	A0A0C4DFN2_HUMAN
ENSP00000217961	A0A590UJL0	A0A590UJL0_HUMAN
ENSP00000368207	Q9BXU8	FHL17_HUMAN
ENSP00000441269	A0A0A6YYJ9	A0A0A6YYJ9_HUMAN
ENSP00000369814	P17516	AK1C4_HUMAN
ENSP00000226355	P43652	AFAM_HUMAN
ENSP00000316605	Q9NQW8	CNGB3_HUMAN
ENSP00000263512	P09131	P3_HUMAN
ENSP00000326603	A6NHR9	SMHD1_HUMAN
ENSP00000476091	U3KQP1	U3KQP1_HUMAN
ENSP00000217246	A1Z1Q3	MACD2_HUMAN
ENSP00000445929	Q8TDB8	GTR14_HUMAN
ENSP00000356385	P36980	FHR2_HUMAN
ENSP00000216468	Q6PL24	TMED8_HUMAN
ENSP00000371517	Q9UHK6	AMACR_HUMAN
ENSP00000354458	P07357	CO8A_HUMAN
ENSP00000369274	P46019	KPB2_HUMAN
ENSP00000378965	Q13884	SNTB1_HUMAN
ENSP00000275766	Q96H79	ZCCHL_HUMAN
ENSP00000364938	A0PJX8	TMM82_HUMAN
ENSP00000383698	Q6PXP3	GTR7_HUMAN
ENSP00000313691	Q8N4E7	FTMT_HUMAN
ENSP00000321498	Q8NCC5	SPX3_HUMAN
ENSP00000396527	H7C0S8	H7C0S8_HUMAN
ENSP00000273905	Q3KNW5	SOAT_HUMAN
ENSP00000400325	H7C1H1	H7C1H1_HUMAN
ENSP00000387185	Q32M88	PGGHG_HUMAN
ENSP00000484175	Q9H3U5	MFSD1_HUMAN
ENSP00000417914	Q8WXH4	ASB11_HUMAN
ENSP00000490744	A0A1B0GW23	A0A1B0GW23_HUMAN
ENSP00000488958	A0A0U1RQE8	GLYLB_HUMAN
ENSP00000218008	Q9UN42	AT1B4_HUMAN
ENSP00000333490	A6NGE7	URAD_HUMAN
ENSP00000039989	Q96AE7	TTC17_HUMAN
ENSP00000439427	P52736	ZN133_HUMAN
ENSP00000439427	A0A0A0MTH2	A0A0A0MTH2_HUMAN
ENSP00000347719	Q9BTW9	TBCD_HUMAN
ENSP00000311679	Q8TF39	ZN483_HUMAN
ENSP00000485276	Q96GP6	SREC2_HUMAN
ENSP00000360240	Q5SZD4	GLYL3_HUMAN
ENSP00000384160	Q96EV2	RBM33_HUMAN
ENSP00000380353	Q5VUG0	SMBT2_HUMAN
ENSP00000482515	Q9NUQ6	SPS2L_HUMAN
ENSP00000345809	O14709	ZN197_HUMAN
ENSP00000362435	Q8NCS4	TM35B_HUMAN
ENSP00000417654	Q9BS91	S35A5_HUMAN
ENSP00000334854	Q401N2	ZACN_HUMAN
ENSP00000415774	B4DXR9	ZN732_HUMAN
ENSP00000289388	Q7Z7H3	CATIP_HUMAN
ENSP00000265437	Q9NRC1	ST7_HUMAN
ENSP00000385357	Q569K6	CC157_HUMAN
ENSP00000360530	Q6X4W1	NSMF_HUMAN
ENSP00000376902	Q8N9N5	BANP_HUMAN
ENSP00000359575	P61968	LMO4_HUMAN
ENSP00000265872	Q8IX12	CCAR1_HUMAN
ENSP00000352172	Q8N0Z9	VSI10_HUMAN
ENSP00000427329	Q6PJQ5	FOXR2_HUMAN
ENSP00000493393	O60431	OR1I1_HUMAN
ENSP00000398083	Q9BU79	TM243_HUMAN
ENSP00000457044	Q6P2D0	ZFP1_HUMAN
ENSP00000498190	Q9UBX0	HESX1_HUMAN
ENSP00000297857	Q9UKY1	ZHX1_HUMAN
ENSP00000334866	Q3LI76	KR151_HUMAN
ENSP00000453704	Q8IUE1	TF2LX_HUMAN
ENSP00000269197	Q9C0F0	ASXL3_HUMAN
ENSP00000263726	Q969G2	LHX4_HUMAN
ENSP00000270649	Q8N883	ZN614_HUMAN
ENSP00000382097	A8MYV0	DCD2C_HUMAN
ENSP00000262376	Q9NPG3	UBN1_HUMAN
ENSP00000363520	Q6P499	NPAL3_HUMAN
ENSP00000350552	Q33E94	RFX4_HUMAN
ENSP00000370022	E9PEI2	E9PEI2_HUMAN
ENSP00000364639	J3KPD3	J3KPD3_HUMAN
ENSP00000395259	Q6R2W3	SCND3_HUMAN
ENSP00000316114	Q96ES7	SGF29_HUMAN
ENSP00000358703	Q5TAB7	RIPP2_HUMAN
ENSP00000357556	O95231	VENTX_HUMAN
ENSP00000378235	Q9UHJ3	SMBT1_HUMAN
ENSP00000217999	Q8NHV9	RHXF1_HUMAN
ENSP00000350049	Q8IX15	HOMEZ_HUMAN
ENSP00000421799	D6RAR5	D6RAR5_HUMAN
ENSP00000386870	A2VCK2	DCD2B_HUMAN
ENSP00000455426	Q2M1K9	ZN423_HUMAN
ENSP00000360552	Q9NRE2	TSH2_HUMAN
ENSP00000291900	Q7Z7L7	ZER1_HUMAN
ENSP00000358909	Q96NB2	SFXN2_HUMAN
ENSP00000273320	Q9P0L1	ZKSC7_HUMAN
ENSP00000480556	Q3SXZ3	ZN718_HUMAN
ENSP00000471277	Q96NG5	ZN558_HUMAN
ENSP00000252530	Q17RN3	FA98C_HUMAN
ENSP00000433361	Q9NQ34	TMM9B_HUMAN
ENSP00000367841	P51808	DYLT3_HUMAN
ENSP00000357914	Q8TAK5	GABP2_HUMAN
ENSP00000086933	O15499	GSC2_HUMAN
ENSP00000376823	Q9BWK5	CYREN_HUMAN
ENSP00000499199	A0A0A0MQU4	A0A0A0MQU4_HUMAN
ENSP00000397394	Q9UFG5	CS025_HUMAN
ENSP00000258436	Q8NBP5	S67A2_HUMAN
ENSP00000347583	Q6NUT3	MFS12_HUMAN
ENSP00000436848	Q9BQE6	LBHD1_HUMAN
ENSP00000386895	Q9H5Z6	F124B_HUMAN
ENSP00000323096	Q86WK7	AMGO3_HUMAN
ENSP00000254323	Q9H7M6	ZSWM4_HUMAN
ENSP00000293973	O00634	NET3_HUMAN
ENSP00000415836	Q8N554	ZN276_HUMAN
ENSP00000284382	Q8IU89	CERS3_HUMAN
ENSP00000499375	Q5VZ66	JKIP3_HUMAN
ENSP00000352233	Q6ZN79	Z705A_HUMAN
ENSP00000360642	Q5T0F9	C2D1B_HUMAN
ENSP00000353132	Q8NFW5	DMBX1_HUMAN
ENSP00000259154	Q9Y597	KCTD3_HUMAN
ENSP00000296142	Q9BQQ7	RTP3_HUMAN
ENSP00000380184	Q86UL3	GPAT4_HUMAN
ENSP00000366452	Q9NRS6	SNX15_HUMAN
ENSP00000334379	Q4AC94	C2CD3_HUMAN
ENSP00000362127	Q14872	MTF1_HUMAN
ENSP00000429275	Q96AQ2	TM125_HUMAN
ENSP00000382976	Q8NA19	LMBL4_HUMAN
ENSP00000342501	A6NFX1	MFS2B_HUMAN
ENSP00000267594	Q8N9Y4	F181A_HUMAN
ENSP00000431971	E9PIW9	E9PIW9_HUMAN
ENSP00000437738	Q12872	SFSWA_HUMAN
ENSP00000343348	Q2NL98	VMAC_HUMAN
ENSP00000357603	Q9C0I9	LRC27_HUMAN
ENSP00000234827	Q96MN5	TEAN2_HUMAN
ENSP00000217173	O94941	RNF37_HUMAN
ENSP00000429065	Q9NV88	INT9_HUMAN
ENSP00000380037	Q8N6M3	FITM2_HUMAN
ENSP00000350278	Q8NEW0	ZNT7_HUMAN
ENSP00000334037	Q5UCC4	EMC10_HUMAN
ENSP00000449137	A6NJJ6	CS067_HUMAN
ENSP00000245543	Q9H6L4	ARMC7_HUMAN
ENSP00000357055	Q15121	PEA15_HUMAN
ENSP00000302814	Q5XKR4	OTP_HUMAN
ENSP00000323424	Q9H9L3	I20L2_HUMAN
ENSP00000270066	Q9H0W8	SMG9_HUMAN
ENSP00000300952	Q504T8	MIDN_HUMAN
ENSP00000335628	Q5MJ70	SPDYA_HUMAN
ENSP00000359958	O95218	ZRAB2_HUMAN
ENSP00000404991	A0PK00	T120B_HUMAN
ENSP00000465432	Q9UNZ5	L10K_HUMAN
ENSP00000469958	Q68DY1	ZN626_HUMAN
ENSP00000493267	Q8NHB7	OR5K1_HUMAN
ENSP00000343158	Q9Y2J2	E41L3_HUMAN
ENSP00000418653	Q9NYP8	EPCIP_HUMAN
ENSP00000243045	Q53FV1	ORML2_HUMAN
ENSP00000279791	Q8NGP3	OR5M9_HUMAN
ENSP00000305875	Q8IYI0	SHLD1_HUMAN
ENSP00000245838	Q8NI27	THOC2_HUMAN
ENSP00000325402	Q86VE0	MYPOP_HUMAN
ENSP00000316109	Q8N302	AGGF1_HUMAN
ENSP00000452398	A6NLW8	DUXA_HUMAN
ENSP00000378328	Q86YJ7	AN13B_HUMAN
ENSP00000361272	A0A0A0MRQ7	A0A0A0MRQ7_HUMAN
ENSP00000307741	Q8IZV2	CKLF8_HUMAN
ENSP00000351767	Q9P218	COKA1_HUMAN
ENSP00000432886	Q96LT9	RNPC3_HUMAN
ENSP00000316681	Q9C0D2	CE295_HUMAN
ENSP00000285116	Q96BD8	SKA1_HUMAN
ENSP00000353295	Q5JTY5	ZNG1C_HUMAN
ENSP00000344241	Q9UDW3	ZMAT5_HUMAN
ENSP00000311477	Q8NH19	O10AG_HUMAN
ENSP00000418563	O15042	SR140_HUMAN
ENSP00000258888	Q96L96	ALPK3_HUMAN
ENSP00000342434	Q9UIG0	BAZ1B_HUMAN
ENSP00000488929	A0A0U1RQD2	A0A0U1RQD2_HUMAN
ENSP00000301671	Q8N2G8	GHDC_HUMAN
ENSP00000378312	A4FU69	EFCB5_HUMAN
ENSP00000334040	Q6PCB5	RSBNL_HUMAN
ENSP00000434830	Q7Z2Y5	NRK_HUMAN
ENSP00000298786	Q86V20	SHLD2_HUMAN
ENSP00000366608	Q4V339	ZNG1F_HUMAN
ENSP00000331704	Q5GH77	XKR3_HUMAN
ENSP00000303015	Q15696	U2AFM_HUMAN
ENSP00000318270	Q8N271	PROM2_HUMAN
ENSP00000267485	Q86TY3	ARMD4_HUMAN
ENSP00000423505	G5E9Z5	G5E9Z5_HUMAN
ENSP00000415430	Q9NYZ3	GTSE1_HUMAN
ENSP00000320096	Q8NCA9	ZN784_HUMAN
ENSP00000340271	Q5VWG9	TAF3_HUMAN
ENSP00000313983	Q9BZ95	NSD3_HUMAN
ENSP00000305839	Q7Z2K8	GRIN1_HUMAN
ENSP00000356733	Q5TGP6	MROH9_HUMAN
ENSP00000254579	Q96M86	DNHD1_HUMAN
ENSP00000359942	Q9H511	KLH31_HUMAN
ENSP00000358742	Q86XK3	SFR1_HUMAN
ENSP00000419485	Q8N6F7	GCSAM_HUMAN
ENSP00000371842	Q5RIA9	ZNG1E_HUMAN
ENSP00000340839	Q5HYM0	ZC12B_HUMAN
ENSP00000331944	Q8WTP8	AEN_HUMAN
ENSP00000374387	Q8IYL2	TRM44_HUMAN
ENSP00000261435	Q86UW6	N4BP2_HUMAN
ENSP00000406933	Q9H857	NT5D2_HUMAN
ENSP00000448228	Q86XZ4	SPAS2_HUMAN
ENSP00000466829	K7EN84	K7EN84_HUMAN
ENSP00000370624	Q7Z3K6	MIER3_HUMAN
ENSP00000263257	Q9UNW9	NOVA2_HUMAN
ENSP00000366314	Q9HCF6	TRPM3_HUMAN
ENSP00000358320	Q9BT43	RPC7L_HUMAN
ENSP00000354742	Q96P70	IPO9_HUMAN
ENSP00000368397	A8MSI8	LYRM9_HUMAN
ENSP00000487094	A0A0D9SG24	A0A0D9SG24_HUMAN
ENSP00000284995	Q8NCE0	SEN2_HUMAN
ENSP00000358644	Q7Z5A8	TAFA3_HUMAN
ENSP00000401306	Q5CZC0	FSIP2_HUMAN
ENSP00000361642	Q9HAB8	PPCS_HUMAN
ENSP00000385163	Q12901	ZN155_HUMAN
ENSP00000426964	A6XGL0	YJEN3_HUMAN
ENSP00000233025	Q9Y6A9	SPCS1_HUMAN
ENSP00000340841	Q6ZSS3	ZN621_HUMAN
ENSP00000287202	Q96J87	CELF6_HUMAN
ENSP00000493107	Q8NGA1	OR1M1_HUMAN
ENSP00000432104	Q6P2I7	EBLN2_HUMAN
ENSP00000263092	Q86W50	MET16_HUMAN
ENSP00000354597	O75064	DEN4B_HUMAN
ENSP00000370882	Q9NX40	OCAD1_HUMAN
ENSP00000219315	Q8TBK2	SETD6_HUMAN
ENSP00000296581	P62312	LSM6_HUMAN
ENSP00000452549	E7ENQ6	E7ENQ6_HUMAN
ENSP00000350295	Q0VGE8	ZN816_HUMAN
ENSP00000355241	Q8NA69	SAXO5_HUMAN
ENSP00000258169	Q99547	MPH6_HUMAN
ENSP00000462879	J3KTA2	J3KTA2_HUMAN
ENSP00000385727	O15021	MAST4_HUMAN
ENSP00000400513	Q53R41	FAKD1_HUMAN
ENSP00000473493	Q9BZ81	MAGB5_HUMAN
ENSP00000314901	Q6UXK5	LRRN1_HUMAN
ENSP00000355166	Q5BKY1	LRC10_HUMAN
ENSP00000330631	Q86UN2	R4RL1_HUMAN
ENSP00000365963	O60927	PP1RB_HUMAN
ENSP00000319222	Q7Z2F6	KRBD5_HUMAN
ENSP00000383301	Q16587	ZNF74_HUMAN
ENSP00000370936	O75461	E2F6_HUMAN
ENSP00000331681	Q14129	DGCR6_HUMAN
ENSP00000246529	Q9BTN0	LRFN3_HUMAN
ENSP00000334148	Q64LD2	WDR25_HUMAN
ENSP00000498616	Q01538	MYT1_HUMAN
ENSP00000499205	A0A494BZU2	A0A494BZU2_HUMAN
ENSP00000303252	Q7Z570	Z804A_HUMAN
ENSP00000298288	Q96L50	LLR1_HUMAN
ENSP00000339090	Q9Y388	RBMX2_HUMAN
ENSP00000327545	O95502	NPTXR_HUMAN
ENSP00000327545	A0A1X7SBT7	A0A1X7SBT7_HUMAN
ENSP00000493353	Q96R47	O2A14_HUMAN
ENSP00000312535	Q6PJG9	LRFN4_HUMAN
ENSP00000380692	Q6ZMT4	KDM7A_HUMAN
ENSP00000462269	Q96MN9	ZN488_HUMAN
ENSP00000490829	W5XKT8	SACA6_HUMAN
ENSP00000288228	Q8TBF8	FA81A_HUMAN
ENSP00000416193	O15547	P2RX6_HUMAN
ENSP00000492986	Q8NGF3	O51D1_HUMAN
ENSP00000304923	Q86X40	LRC28_HUMAN
ENSP00000273541	Q9ULR0	ISY1_HUMAN
ENSP00000382474	Q6P5X5	CV039_HUMAN
ENSP00000363275	Q8N456	LRC18_HUMAN
ENSP00000357682	Q8TC84	FANK1_HUMAN
ENSP00000379241	Q9BYS8	LRRC2_HUMAN
ENSP00000339764	Q9NQV8	PRDM8_HUMAN
ENSP00000327611	Q9HB15	KCNKC_HUMAN
ENSP00000236273	O95926	SYF2_HUMAN
ENSP00000369728	Q8NH60	O52J3_HUMAN
ENSP00000319341	Q969L4	LSM10_HUMAN
ENSP00000295628	Q96CX6	LRC58_HUMAN
ENSP00000367315	A6NIK2	LR10B_HUMAN
ENSP00000341680	Q96EV8	DTBP1_HUMAN
ENSP00000399751	Q96II8	LRCH3_HUMAN
ENSP00000326817	Q8N9N7	LRC57_HUMAN
ENSP00000371693	Q9NS68	TNR19_HUMAN
ENSP00000477648	P0DP58	LYNX1_HUMAN
ENSP00000469337	Q05C16	LRC63_HUMAN
ENSP00000376572	Q9H0X6	RN208_HUMAN
ENSP00000364847	Q9Y5V3	MAGD1_HUMAN
ENSP00000367991	Q92599	SEPT8_HUMAN
ENSP00000384716	Q9ULC8	ZDHC8_HUMAN
ENSP00000491663	A0A1W2PQC6	S72L4_HUMAN
ENSP00000366901	Q8WUB2	F216A_HUMAN
ENSP00000495128	O76094	SRP72_HUMAN
ENSP00000360116	Q5VVX9	UBE2U_HUMAN
ENSP00000311218	Q5SVJ3	SMIP3_HUMAN
ENSP00000431162	Q9Y6B2	EID1_HUMAN
ENSP00000484492	Q8N0T1	RBIS_HUMAN
ENSP00000496019	C9JDG7	C9JDG7_HUMAN
ENSP00000419834	H7C5G6	H7C5G6_HUMAN
ENSP00000260247	Q9BTE7	DCNL5_HUMAN
ENSP00000342974	Q3KP31	ZN791_HUMAN
ENSP00000354377	P17032	ZN37A_HUMAN
ENSP00000492512	A0A1W2PR75	S72L6_HUMAN
ENSP00000424870	P09132	SRP19_HUMAN
ENSP00000463013	O95190	OAZ2_HUMAN
ENSP00000312066	Q9UHB9	SRP68_HUMAN
ENSP00000389014	A0A7I2XYG4	A0A7I2XYG4_HUMAN
ENSP00000392678	Q9H9L7	AKIR1_HUMAN
ENSP00000419628	Q9UKK9	NUDT5_HUMAN
ENSP00000405674	Q9UMY1	UTP16_HUMAN
ENSP00000296955	Q8N8Z6	DCBD1_HUMAN
ENSP00000296051	Q969F9	HPS3_HUMAN
ENSP00000410198	Q7Z7L9	ZSCA2_HUMAN
ENSP00000258416	O60573	IF4E2_HUMAN
ENSP00000296358	Q7RTM1	OTOP1_HUMAN
ENSP00000295702	P43308	SSRB_HUMAN
ENSP00000315602	P32297	ACHA3_HUMAN
ENSP00000261721	Q9H0C5	BTBD1_HUMAN
ENSP00000476480	X6RM59	X6RM59_HUMAN
ENSP00000369292	Q5K651	SAMD9_HUMAN
ENSP00000310472	Q9P2J8	ZN624_HUMAN
ENSP00000359321	Q9Y483	MTF2_HUMAN
ENSP00000357679	Q9Y3Y2	CHTOP_HUMAN
ENSP00000325398	Q9Y3C4	TPRKB_HUMAN
ENSP00000392353	Q5JS54	PSMG4_HUMAN
ENSP00000490086	A0A1B0GUF5	A0A1B0GUF5_HUMAN
ENSP00000342331	Q96B45	BORC7_HUMAN
ENSP00000491768	A0A1W2PQJ5	S72L3_HUMAN
ENSP00000351740	Q8IWE2	NXP20_HUMAN
ENSP00000295682	Q8N6L1	KTAP2_HUMAN
ENSP00000263401	Q9P000	COMD9_HUMAN
ENSP00000491894	A0A1W2PQ27	S72L1_HUMAN
ENSP00000295006	P17655	CAN2_HUMAN
ENSP00000344166	I3L0A0	I3L0A0_HUMAN
ENSP00000385684	Q15034	HERC3_HUMAN
ENSP00000491669	A0A1W2PQD8	S72L2_HUMAN
ENSP00000490097	A0A1B0GVZ2	F240B_HUMAN
ENSP00000363339	Q5T124	UBX11_HUMAN
ENSP00000389111	F2Z333	FND10_HUMAN
ENSP00000391249	Q9UHD8	SEPT9_HUMAN
ENSP00000302160	P62310	LSM3_HUMAN
ENSP00000222402	Q9Y2X8	UB2D4_HUMAN
ENSP00000412673	P24046	GBRR1_HUMAN
ENSP00000337632	P82979	SARNP_HUMAN
ENSP00000216252	Q7RTV0	PHF5A_HUMAN
ENSP00000491949	A0A1W2PQ64	S72L5_HUMAN
ENSP00000363322	Q8NHZ8	CDC26_HUMAN
ENSP00000426167	Q9NRP0	OSTC_HUMAN
ENSP00000379401	A1E959	ODAM_HUMAN
ENSP00000380174	Q8IWY8	ZSC29_HUMAN
ENSP00000491507	Q86VV8	RTTN_HUMAN
ENSP00000281950	Q8WXD5	GEMI6_HUMAN
ENSP00000262460	Q14691	PSF1_HUMAN
ENSP00000283357	Q96LP2	FA81B_HUMAN
ENSP00000304229	P49773	HINT1_HUMAN
ENSP00000438204	Q8N4H5	TOM5_HUMAN
ENSP00000216294	Q16533	SNPC1_HUMAN
ENSP00000392767	Q99584	S10AD_HUMAN
ENSP00000300035	Q15004	PAF15_HUMAN
ENSP00000378399	Q96FK6	WDR89_HUMAN
ENSP00000282058	Q96CS2	HAUS1_HUMAN
ENSP00000370288	Q9BVL4	SELO_HUMAN
ENSP00000422375	Q96DE0	NUD16_HUMAN
ENSP00000307461	Q9UPX6	MNAR1_HUMAN
ENSP00000493222	Q9NZP2	OR6C2_HUMAN
ENSP00000279024	Q5JYT7	K1755_HUMAN
ENSP00000496731	Q96JX3	SRAC1_HUMAN
ENSP00000463752	Q8N144	CXD3_HUMAN
ENSP00000300209	Q96AZ1	EFMT3_HUMAN
ENSP00000340329	Q14444	CAPR1_HUMAN
ENSP00000460825	Q658N2	WSCD1_HUMAN
ENSP00000310110	Q5JRV8	T255A_HUMAN
ENSP00000352513	O95297	MPZL1_HUMAN
ENSP00000410943	Q9UJ04	TSYL4_HUMAN
ENSP00000269127	Q86WR6	CHCT1_HUMAN
ENSP00000387298	A1L162	ERIC2_HUMAN
ENSP00000300619	Q05481	ZNF91_HUMAN
ENSP00000295910	Q7L0X2	ERIP6_HUMAN
ENSP00000435790	E9PIL2	E9PIL2_HUMAN
ENSP00000393128	Q86UP9	LHPL3_HUMAN
ENSP00000412215	Q96LM5	SMIP2_HUMAN
ENSP00000352268	Q5VUY0	ADCL3_HUMAN
ENSP00000320924	Q8TF74	WIPF2_HUMAN
ENSP00000358016	Q8N228	SCML4_HUMAN
ENSP00000264400	Q0VAM2	RGF1B_HUMAN
ENSP00000464167	J3QRE1	J3QRE1_HUMAN
ENSP00000448536	Q8TAD7	OCC1_HUMAN
ENSP00000352444	Q06732	ZN33B_HUMAN
ENSP00000261336	P20742	PZP_HUMAN
ENSP00000377747	O14647	CHD2_HUMAN
ENSP00000359119	Q9UPE1	SRPK3_HUMAN
ENSP00000451406	O14756	H17B6_HUMAN
ENSP00000311273	Q8WXX0	DYH7_HUMAN
ENSP00000359198	Q9H3Y8	PPDPF_HUMAN
ENSP00000175238	Q9H2U9	ADAM7_HUMAN
ENSP00000456850	P0DJG4	SMA2L_HUMAN
ENSP00000323355	Q17R55	F187B_HUMAN
ENSP00000420256	Q14093	CYLC2_HUMAN
ENSP00000481316	A0A087WXU7	A0A087WXU7_HUMAN
ENSP00000375248	Q7RTU4	BHA09_HUMAN
ENSP00000283025	Q96M29	TEKT5_HUMAN
ENSP00000478290	P0DJJ0	SRG2C_HUMAN
ENSP00000288065	Q5T9G4	ARM12_HUMAN
ENSP00000360560	Q5JU00	DRC5_HUMAN
ENSP00000427177	Q6UYE1	LEU7_HUMAN
ENSP00000305596	Q8TC56	GAR3_HUMAN
ENSP00000419160	Q537H7	SPT45_HUMAN
ENSP00000374490	Q9UFH2	DYH17_HUMAN
ENSP00000366645	Q9UJQ7	SCP2D_HUMAN
ENSP00000355719	A1L453	PRS38_HUMAN
ENSP00000356536	Q5T9Z0	TEDM1_HUMAN
ENSP00000304762	Q96QH8	LYZL5_HUMAN
ENSP00000409937	Q53TS8	CTSRT_HUMAN
ENSP00000268231	Q8IYM1	SEP12_HUMAN
ENSP00000361855	Q02383	SEMG2_HUMAN
ENSP00000471604	Q9BXU3	TX13A_HUMAN
ENSP00000357238	Q96A04	TSACC_HUMAN
ENSP00000499467	A0A590UJK7	A0A590UJK7_HUMAN
ENSP00000498797	A0A494C103	SPADH_HUMAN
ENSP00000358407	Q9UKF2	ADA30_HUMAN
ENSP00000386133	Q8N7R1	P1L12_HUMAN
ENSP00000340660	Q96BH3	ESPB1_HUMAN
ENSP00000341762	Q075Z2	BSPH1_HUMAN
ENSP00000334996	Q13939	CALI_HUMAN
ENSP00000365200	Q5JUR7	TEX30_HUMAN
ENSP00000373575	Q5TEZ5	CF163_HUMAN
ENSP00000369371	Q9NQ60	EQTN_HUMAN
ENSP00000253079	Q6P9F0	CCD62_HUMAN
ENSP00000253144	Q9NQX6	ZN331_HUMAN
ENSP00000478910	A0AAG2SV82	A0AAG2SV82_HUMAN
ENSP00000312554	Q6ZR08	DYH12_HUMAN
ENSP00000305847	Q96QH8	LYZL5_HUMAN
ENSP00000357922	Q9BUN1	MENT_HUMAN
ENSP00000384670	Q9ULL0	K1210_HUMAN
ENSP00000319141	Q53TN4	CYBR1_HUMAN
ENSP00000498512	A0A494C0E3	A0A494C0E3_HUMAN
ENSP00000367157	A6NJW4	LRR3C_HUMAN
ENSP00000472710	M0R2P5	M0R2P5_HUMAN
ENSP00000277526	A0AAA9WZE8	A0AAA9WZE8_HUMAN
ENSP00000361867	P04279	SEMG1_HUMAN
ENSP00000305906	Q5T230	UTF1_HUMAN
ENSP00000426271	Q9BZX4	ROP1B_HUMAN
ENSP00000158009	Q8TC99	FNDC8_HUMAN
ENSP00000340212	A6NGA9	TM202_HUMAN
ENSP00000430711	P34981	TRFR_HUMAN
ENSP00000340887	Q569G3	CE047_HUMAN
ENSP00000280236	Q8NA03	FSIP1_HUMAN
ENSP00000347486	Q6PF18	MORN3_HUMAN
ENSP00000403453	Q5BJF6	ODFP2_HUMAN
ENSP00000359600	Q9ULJ1	ODF2L_HUMAN
ENSP00000336914	Q5JSP0	FGD3_HUMAN
ENSP00000265404	Q9ULZ2	STAP1_HUMAN
ENSP00000284288	Q96QZ0	PANX3_HUMAN
ENSP00000468720	O75346	ZN253_HUMAN
ENSP00000368245	Q9HAI6	TASL_HUMAN
ENSP00000400482	Q96MX0	CKLF3_HUMAN
ENSP00000264057	Q16760	DGKD_HUMAN
ENSP00000472959	Q6ZMV8	ZN730_HUMAN
ENSP00000443654	Q8IV04	TB10C_HUMAN
ENSP00000437409	Q8TC17	GRAPL_HUMAN
ENSP00000364277	P98174	FGD1_HUMAN
ENSP00000300870	Q14586	ZN267_HUMAN
ENSP00000478345	A0A087WU35	A0A087WU35_HUMAN
ENSP00000483720	A0A0B4J2G0	A0A0B4J2G0_HUMAN
ENSP00000442224	F5H7W8	F5H7W8_HUMAN
ENSP00000378295	Q9NQS7	INCE_HUMAN
ENSP00000456401	A6NMD2	GOG8J_HUMAN
ENSP00000308578	Q8TF32	ZN431_HUMAN
ENSP00000366936	Q15464	SHB_HUMAN
ENSP00000370889	Q8IV53	DEN1C_HUMAN
ENSP00000393719	Q6ZS10	CL17A_HUMAN
ENSP00000406201	Q9HCG1	ZN160_HUMAN
ENSP00000490139	A0A1B0GUJ8	PNM8C_HUMAN
ENSP00000309330	Q8NEM1	ZN680_HUMAN
ENSP00000405218	Q96SE7	ZN347_HUMAN
ENSP00000482801	Q7Z6M3	MILR1_HUMAN
ENSP00000326706	Q8TD55	PKHO2_HUMAN
ENSP00000165524	P81277	PRRP_HUMAN
ENSP00000258042	P28336	NMBR_HUMAN
ENSP00000376410	Q27J81	INF2_HUMAN
ENSP00000379997	Q8N292	GAPT_HUMAN
ENSP00000320430	Q8WXG8	S100Z_HUMAN
ENSP00000357588	Q8N5C1	CAHM5_HUMAN
ENSP00000383431	Q2WGN9	GAB4_HUMAN
ENSP00000350132	P26678	PPLA_HUMAN
ENSP00000455791	H3BQI1	H3BQI1_HUMAN
ENSP00000332613	Q86UD1	OAF_HUMAN
ENSP00000367198	O75829	CNMD_HUMAN
ENSP00000420076	Q9Y6X1	SERP1_HUMAN
ENSP00000270645	Q96D15	RCN3_HUMAN
ENSP00000480991	Q7L1S5	CHST9_HUMAN
ENSP00000356143	O75325	LRRN2_HUMAN
ENSP00000260229	Q9H306	MMP27_HUMAN
ENSP00000417492	Q9BXM9	FSD1L_HUMAN
ENSP00000318234	Q96A83	COQA1_HUMAN
ENSP00000241305	Q8N436	CPXM2_HUMAN
ENSP00000362682	Q68BL7	OLM2A_HUMAN
ENSP00000452347	H0YJW9	H0YJW9_HUMAN
ENSP00000308937	Q01453	PMP22_HUMAN
ENSP00000253699	Q9H1K0	RBNS5_HUMAN
ENSP00000382341	Q92696	PGTA_HUMAN
ENSP00000350630	Q9Y6L7	TLL2_HUMAN
ENSP00000303550	Q9NRR1	CYTL1_HUMAN
ENSP00000166139	O95633	FSTL3_HUMAN
ENSP00000354794	Q96K83	ZN521_HUMAN
ENSP00000389252	Q6UXI9	NPNT_HUMAN
ENSP00000318650	Q9H772	GREM2_HUMAN
ENSP00000374274	A1L4H1	SRCRL_HUMAN
ENSP00000221856	Q9BTV5	FSD1_HUMAN
ENSP00000275358	Q8N2E2	VWDE_HUMAN
ENSP00000496268	A0A2R8YGQ3	A0A2R8YGQ3_HUMAN
ENSP00000419539	Q8IX94	CTGE4_HUMAN
ENSP00000368477	Q8N6R1	SERP2_HUMAN
ENSP00000382083	Q9BXS0	COPA1_HUMAN
ENSP00000379365	Q9HAV5	TNR27_HUMAN
ENSP00000367356	Q5VUB5	F1711_HUMAN
ENSP00000369604	Q8IX29	FBX16_HUMAN
ENSP00000382805	O14867	BACH1_HUMAN
ENSP00000335040	Q86XR2	NIBA3_HUMAN
ENSP00000363680	Q92838	EDA_HUMAN
ENSP00000325655	Q9BSY4	CHCH5_HUMAN
ENSP00000358316	Q5SXH7	PKHS1_HUMAN
ENSP00000370192	Q7Z3Q1	S46A3_HUMAN
ENSP00000282308	Q9Y2P7	ZN256_HUMAN
ENSP00000261560	Q9H8G1	ZN430_HUMAN
ENSP00000413660	Q9P255	ZN492_HUMAN
ENSP00000337852	Q9H609	ZN576_HUMAN
ENSP00000468049	Q8IZC7	ZN101_HUMAN
ENSP00000342818	Q96BR6	ZN669_HUMAN
ENSP00000433773	Q52M93	Z585B_HUMAN
ENSP00000345479	Q96SQ5	ZN587_HUMAN
ENSP00000262259	Q9Y473	ZN175_HUMAN
ENSP00000405289	A0A0A0MSW5	A0A0A0MSW5_HUMAN
ENSP00000390722	O43808	PM34_HUMAN
ENSP00000444412	Q14587	ZN268_HUMAN
ENSP00000417696	Q8N782	ZN525_HUMAN
ENSP00000471754	Q8WV37	ZN480_HUMAN
ENSP00000340004	Q8TBZ8	ZN564_HUMAN
ENSP00000359660	Q5T686	AVPI1_HUMAN
ENSP00000467286	F5H0A9	F5H0A9_HUMAN
ENSP00000354683	Q2M218	ZN630_HUMAN
ENSP00000393260	P17097	ZNF7_HUMAN
ENSP00000378881	Q5JVG2	ZN484_HUMAN
ENSP00000261377	Q96IC2	REXO5_HUMAN
ENSP00000263620	Q99856	ARI3A_HUMAN
ENSP00000475700	Q9BX74	TM2D1_HUMAN
ENSP00000345797	Q5JUW0	KRBD4_HUMAN
ENSP00000251472	Q9Y2H9	MAST1_HUMAN
ENSP00000355459	Q9BS34	ZN670_HUMAN
ENSP00000466500	Q96N95	ZN396_HUMAN
ENSP00000337587	Q9BX51	GGTL1_HUMAN
ENSP00000335042	Q96H40	ZN486_HUMAN
ENSP00000293471	Q6PF04	ZN613_HUMAN
ENSP00000277165	Q9NZB2	F120A_HUMAN
ENSP00000437616	Q8N823	ZN611_HUMAN
ENSP00000253115	Q9BUY5	ZN426_HUMAN
ENSP00000302455	P17021	ZNF17_HUMAN
ENSP00000494306	P0DPD5	ZN723_HUMAN
ENSP00000477392	Q8IYB9	ZN595_HUMAN
ENSP00000359802	P51815	ZN75D_HUMAN
ENSP00000381220	Q7Z4H3	HDDC2_HUMAN
ENSP00000473091	A2RRD8	ZN320_HUMAN
ENSP00000471077	M0R082	M0R082_HUMAN
ENSP00000363558	Q8NCK3	ZN485_HUMAN
ENSP00000333223	Q6ECI4	ZN470_HUMAN
ENSP00000492202	A0A1W2PQL4	ZN722_HUMAN
ENSP00000299871	Q13398	ZN211_HUMAN
ENSP00000298299	P17026	ZNF22_HUMAN
ENSP00000395733	O75373	ZN737_HUMAN
ENSP00000470323	Q86UD4	ZN329_HUMAN
ENSP00000384000	Q96N22	ZN681_HUMAN
ENSP00000343581	Q9Y2G7	ZFP30_HUMAN
ENSP00000344828	Q5SXM1	ZN678_HUMAN
ENSP00000471000	Q08AN1	ZN616_HUMAN
ENSP00000441410	P52742	ZN135_HUMAN
ENSP00000482030	A0A087WYR5	A0A087WYR5_HUMAN
ENSP00000319713	Q6RW13	ATRAP_HUMAN
ENSP00000396857	Q5TEC3	ZN697_HUMAN
ENSP00000467218	K7EP39	K7EP39_HUMAN
ENSP00000419397	Q6ZMW2	ZN782_HUMAN
ENSP00000287461	Q96CS4	ZN689_HUMAN
ENSP00000461425	Q6ZN08	ZNF66_HUMAN
ENSP00000431202	Q14585	ZN345_HUMAN
ENSP00000332595	Q03936	ZNF92_HUMAN
ENSP00000387078	Q8N9V3	WSDU1_HUMAN
ENSP00000465212	K7EJK4	K7EJK4_HUMAN
ENSP00000254928	O75616	ERAL1_HUMAN
ENSP00000347648	Q96ME7	ZN512_HUMAN
ENSP00000487183	Q6ZN11	ZN793_HUMAN
ENSP00000484852	Q8N7M2	ZN283_HUMAN
ENSP00000457274	Q9BV97	ZN747_HUMAN
ENSP00000370394	Q7L099	RUFY3_HUMAN
ENSP00000366509	Q969J2	ZKSC4_HUMAN
ENSP00000382987	P0CI00	Z705B_HUMAN
ENSP00000304268	A0A0A0MR11	A0A0A0MR11_HUMAN
ENSP00000362068	Q7Z7C8	TAF8_HUMAN
ENSP00000482540	Q5TYW1	ZN658_HUMAN
ENSP00000470381	Q5VIY5	ZN468_HUMAN
ENSP00000380351	O95780	ZN682_HUMAN
ENSP00000324956	Q9UBS8	RNF14_HUMAN
ENSP00000413411	A8MTY0	ZN724_HUMAN
ENSP00000347338	Q96SK3	ZN607_HUMAN
ENSP00000211936	Q99676	ZN184_HUMAN
ENSP00000440464	Q86YE8	ZN573_HUMAN
ENSP00000382957	P0CH99	Z705D_HUMAN
ENSP00000328245	Q9NQZ8	ZNF71_HUMAN
ENSP00000379464	P52741	ZN134_HUMAN
ENSP00000327538	Q76KX8	ZN534_HUMAN
ENSP00000439689	Q05GC8	Q05GC8_HUMAN
ENSP00000351042	Q8IYN0	ZN100_HUMAN
ENSP00000460547	Q8TF47	ZFP90_HUMAN
ENSP00000305696	Q8N0V3	RBFA_HUMAN
ENSP00000469391	Q86XU0	ZN677_HUMAN
ENSP00000410734	Q6V9R5	ZN562_HUMAN
ENSP00000366273	P51786	ZN157_HUMAN
ENSP00000380315	O43345	ZN208_HUMAN
ENSP00000339767	Q8N7K0	ZN433_HUMAN
ENSP00000469591	Q5EBL2	ZN628_HUMAN
ENSP00000395723	P98182	ZN200_HUMAN
ENSP00000352836	Q8TD23	ZN675_HUMAN
ENSP00000379689	Q7L2R6	ZN765_HUMAN
ENSP00000331465	P51523	ZNF84_HUMAN
ENSP00000380061	Q9NX65	ZSC32_HUMAN
ENSP00000340132	Q8NA42	ZN383_HUMAN
ENSP00000397693	P17035	ZNF28_HUMAN
ENSP00000301399	Q9BSK1	ZN577_HUMAN
ENSP00000289788	Q3MJ62	ZSC23_HUMAN
ENSP00000361001	O75071	EFC14_HUMAN
ENSP00000379684	Q6ZN06	ZN813_HUMAN
ENSP00000386485	A0A6Q8JUI0	A0A6Q8JUI0_HUMAN
ENSP00000347043	Q9BS31	ZN649_HUMAN
ENSP00000447931	C9JN71	ZN878_HUMAN
ENSP00000221327	Q9UJW8	ZN180_HUMAN
ENSP00000470746	Q6ZN19	ZN841_HUMAN
ENSP00000346348	Q6NX45	ZN774_HUMAN
ENSP00000392024	Q08AG5	ZN844_HUMAN
ENSP00000394248	A6NP11	ZN716_HUMAN
ENSP00000498410	A0A494C069	A0A494C069_HUMAN
ENSP00000334685	Q3ZCX4	ZN568_HUMAN
ENSP00000455585	P0CG23	ZN853_HUMAN
ENSP00000383020	A8MUZ8	Z705G_HUMAN
ENSP00000243644	Q9GZX5	ZN350_HUMAN
ENSP00000464976	A8MQ14	ZN850_HUMAN
ENSP00000421258	Q13106	ZN154_HUMAN
ENSP00000467723	Q32M78	ZN699_HUMAN
ENSP00000491567	P0CJ79	ZN888_HUMAN
ENSP00000428679	Q3KNS6	ZN829_HUMAN
ENSP00000339585	Q6P9G9	ZN449_HUMAN
ENSP00000350085	A0A087WSW2	A0A087WSW2_HUMAN
ENSP00000379368	P13682	ZNF35_HUMAN
ENSP00000428966	A0A0G2JH32	A0A0G2JH32_HUMAN
ENSP00000230122	O43167	ZBT24_HUMAN
ENSP00000313443	Q8N8L2	ZN491_HUMAN
ENSP00000416809	Q8IYX0	ZN679_HUMAN
ENSP00000492887	B7ZLF3	B7ZLF3_HUMAN
ENSP00000324605	Q6AZW8	ZN660_HUMAN
ENSP00000479884	Q9UJW7	ZN229_HUMAN
ENSP00000430025	Q9NU23	LYRM2_HUMAN
ENSP00000407039	J3KQR4	J3KQR4_HUMAN
ENSP00000269829	Q6NX49	ZN544_HUMAN
ENSP00000341165	Q68DY9	ZN772_HUMAN
ENSP00000338964	Q9UJ14	GGT7_HUMAN
ENSP00000444747	Q9Y2P0	ZN835_HUMAN
ENSP00000293725	Q8TA94	ZN563_HUMAN
ENSP00000303533	J3QSS9	J3QSS9_HUMAN
ENSP00000389841	Q6ZMS4	ZN852_HUMAN
ENSP00000495612	A0A2R8Y6W5	A0A2R8Y6W5_HUMAN
ENSP00000347755	P52738	ZN140_HUMAN
ENSP00000471041	Q8N8J6	ZN615_HUMAN
ENSP00000379169	Q9HBT7	ZN287_HUMAN
ENSP00000344791	Q6ZNG1	ZN600_HUMAN
ENSP00000411084	Q96GE5	ZN799_HUMAN
ENSP00000196489	Q9BWM5	ZN416_HUMAN
ENSP00000303696	Q68EA5	ZNF57_HUMAN
ENSP00000303915	Q8N587	ZN561_HUMAN
ENSP00000282296	Q7Z340	ZN551_HUMAN
ENSP00000335437	P17024	ZNF20_HUMAN
ENSP00000485547	P0CB33	ZN735_HUMAN
ENSP00000439435	Q09FC8	ZN415_HUMAN
ENSP00000308149	Q400G9	AMZ1_HUMAN
ENSP00000349401	P17019	ZN708_HUMAN
ENSP00000387124	A6NCI8	CB078_HUMAN
ENSP00000468643	P58317	ZN121_HUMAN
ENSP00000400852	B4DX44	ZN736_HUMAN
ENSP00000375656	A0A0X1KG74	A0A0X1KG74_HUMAN
ENSP00000362109	O43559	FRS3_HUMAN
ENSP00000390179	Q8NB42	ZN527_HUMAN
ENSP00000484810	Q96GC6	ZN274_HUMAN
ENSP00000461032	Q96JF6	ZN594_HUMAN
ENSP00000386385	Q9Y6I8	PXMP4_HUMAN
ENSP00000311319	Q8TAU3	ZN417_HUMAN
ENSP00000344129	Q5T619	ZN648_HUMAN
ENSP00000321963	Q8NAM6	ZSCA4_HUMAN
ENSP00000393876	Q8N720	ZN655_HUMAN
ENSP00000477856	B5MD39	GGTL3_HUMAN
ENSP00000452552	Q9Y6Q3	ZFP37_HUMAN
ENSP00000301744	Q96LX8	ZN597_HUMAN
ENSP00000170168	Q8N1G1	REXO1_HUMAN
ENSP00000388311	Q96IR2	ZN845_HUMAN
ENSP00000468153	A0A0A0MTT2	A0A0A0MTT2_HUMAN
ENSP00000296741	Q6UWR7	ENPP6_HUMAN
ENSP00000420065	Q96IU4	ABHEB_HUMAN
ENSP00000250076	Q9UNY5	ZN232_HUMAN
ENSP00000221315	O94892	ZN432_HUMAN
ENSP00000352846	Q8N4W9	ZN808_HUMAN
ENSP00000362841	Q4KMZ8	NKAI1_HUMAN
ENSP00000483521	A0A087X0N2	A0A087X0N2_HUMAN
ENSP00000470209	Q9Y2Q1	ZN257_HUMAN
ENSP00000410545	B7Z6K7	ZN814_HUMAN
ENSP00000345333	Q9UC07	ZNF69_HUMAN
ENSP00000457715	P0CJ78	ZN865_HUMAN
ENSP00000301310	Q96NG8	ZN582_HUMAN
ENSP00000471516	A6NNF4	ZN726_HUMAN
ENSP00000351280	Q86V71	ZN429_HUMAN
ENSP00000349494	O75437	ZN254_HUMAN
ENSP00000366265	P51814	ZNF41_HUMAN
ENSP00000478939	A0A087WUU8	A0A087WUU8_HUMAN
ENSP00000470239	Q6ZNA1	ZN836_HUMAN
ENSP00000291182	Q14590	ZN235_HUMAN
ENSP00000287275	Q8WU03	GLYL2_HUMAN
ENSP00000467931	Q8TAF7	ZN461_HUMAN
ENSP00000470969	M0R036	M0R036_HUMAN
ENSP00000328515	Q9H7X3	ZN696_HUMAN
ENSP00000326249	Q8N9F8	ZN454_HUMAN
ENSP00000479449	A0A087WVH9	A0A087WVH9_HUMAN
ENSP00000323945	Q7L3S4	ZN771_HUMAN
ENSP00000405699	Q96EG3	ZN837_HUMAN
ENSP00000483001	Q9Y3C1	NOP16_HUMAN
ENSP00000445979	O75123	ZN623_HUMAN
ENSP00000358183	Q9H8W3	F204A_HUMAN
ENSP00000292841	Q6P3V2	Z585A_HUMAN
ENSP00000376013	Q8N9K5	ZN565_HUMAN
ENSP00000457704	A0A088AWK7	A0A088AWK7_HUMAN
ENSP00000465121	Q9NYT6	ZN226_HUMAN
ENSP00000380310	Q8N7Q3	ZN676_HUMAN
ENSP00000259881	Q9UIG5	PS1C1_HUMAN
ENSP00000276816	P17020	ZNF16_HUMAN
ENSP00000376110	Q6ZR52	ZN493_HUMAN
ENSP00000403441	P17039	ZNF30_HUMAN
ENSP00000366897	Q9Y4X4	KLF12_HUMAN
ENSP00000292562	Q9BRH9	ZN251_HUMAN
ENSP00000414887	B4DU55	ZN879_HUMAN
ENSP00000350576	Q8N8Z8	ZN441_HUMAN
ENSP00000411132	Q8N2I2	ZN619_HUMAN
ENSP00000353491	Q14592	ZN460_HUMAN
ENSP00000242804	Q9H7R0	ZN442_HUMAN
ENSP00000436212	Q96C28	ZN707_HUMAN
ENSP00000348054	Q7Z4G1	COMD6_HUMAN
ENSP00000270112	P57058	HUNK_HUMAN
ENSP00000362222	Q8N2I9	STK40_HUMAN
ENSP00000397259	Q14CW9	AT7L3_HUMAN
ENSP00000334910	O00408	PDE2A_HUMAN
ENSP00000295966	Q6ZVT6	CF20D_HUMAN
ENSP00000465231	H8Y6P7	H8Y6P7_HUMAN
ENSP00000403465	Q9P2K1	C2D2A_HUMAN
ENSP00000441726	Q15846	CLUL1_HUMAN
ENSP00000441726	F5GWQ8	F5GWQ8_HUMAN
ENSP00000277942	Q9GZQ6	NPFF1_HUMAN
ENSP00000346484	P20794	MAK_HUMAN
ENSP00000159060	Q9HBY0	NOX3_HUMAN
ENSP00000399441	Q7Z2Q7	LRR70_HUMAN
ENSP00000381129	P32298	GRK4_HUMAN
ENSP00000312706	Q8IXS2	DRC2_HUMAN
ENSP00000383145	A8K8P3	SFI1_HUMAN
ENSP00000369268	Q8IV77	CNGA4_HUMAN
ENSP00000461433	I3L4Q0	I3L4Q0_HUMAN
ENSP00000249389	P03999	OPSB_HUMAN
ENSP00000307822	Q9Y5X5	NPFF2_HUMAN
ENSP00000282074	Q9HBM1	SPC25_HUMAN
ENSP00000361413	Q8N539	FBCD1_HUMAN
ENSP00000357087	Q9BVJ7	DUS23_HUMAN
ENSP00000410768	Q9P2D6	F135A_HUMAN
ENSP00000373518	Q96PH1	NOX5_HUMAN
ENSP00000299721	Q7Z7G2	CPLX4_HUMAN
ENSP00000356064	Q9NRJ4	TULP4_HUMAN
ENSP00000321691	Q8NB37	GALD1_HUMAN
ENSP00000297290	O95415	BRI3_HUMAN
ENSP00000233535	Q99726	ZNT3_HUMAN
ENSP00000414516	Q15532	SSXT_HUMAN
ENSP00000415823	Q6UW32	IGFL1_HUMAN
ENSP00000375475	P59990	KR121_HUMAN
ENSP00000365944	Q9NRD1	FBX6_HUMAN
ENSP00000371497	Q9BXJ4	C1QT3_HUMAN
ENSP00000356386	Q92496	FHR4_HUMAN
ENSP00000235332	Q5JXC2	MIIP_HUMAN
ENSP00000351052	Q86WB0	ZC3C1_HUMAN
ENSP00000307540	P09228	CYTT_HUMAN
ENSP00000360191	Q8NCL9	APCDL_HUMAN
ENSP00000362743	A6NCS6	CB072_HUMAN
ENSP00000253109	Q8NI99	ANGL6_HUMAN
ENSP00000305731	P01037	CYTN_HUMAN
ENSP00000454804	P42127	ASIP_HUMAN
ENSP00000346404	Q5VT40	FA78B_HUMAN
ENSP00000364814	Q96AQ9	F131C_HUMAN
ENSP00000251588	Q9H6Q4	CIAO3_HUMAN
ENSP00000333012	O75177	CREST_HUMAN
ENSP00000337452	Q7RTP0	NIPA1_HUMAN
ENSP00000281154	Q9H0C2	ADT4_HUMAN
ENSP00000344430	A6NMD0	IFM10_HUMAN
ENSP00000312774	Q8TDM5	SACA4_HUMAN
ENSP00000386607	A8MXK1	VSTM5_HUMAN
ENSP00000431443	P26371	KRA59_HUMAN
ENSP00000270792	Q9H299	SH3L3_HUMAN
ENSP00000256925	Q8TDN4	CABL1_HUMAN
ENSP00000496699	Q96JM3	CHAP1_HUMAN
ENSP00000364220	Q5TIE3	VW5B1_HUMAN
ENSP00000262244	Q86TA1	MOB3B_HUMAN
ENSP00000192788	Q6BDS2	BLT3A_HUMAN
ENSP00000292894	Q8NA92	THAP8_HUMAN
ENSP00000249861	Q9P2Z0	THA10_HUMAN
ENSP00000303987	A0PJW6	TM223_HUMAN
ENSP00000305533	Q9H5L6	THAP9_HUMAN
ENSP00000369895	Q9NWZ8	GEMI8_HUMAN
ENSP00000316881	Q8IVL5	P3H2_HUMAN
ENSP00000272139	Q9BU76	MMTA2_HUMAN
ENSP00000431983	A0A0A0MT67	A0A0A0MT67_HUMAN
ENSP00000413017	Q9BUN5	CC28B_HUMAN
ENSP00000413592	Q8TAC1	RFESD_HUMAN
ENSP00000304689	Q96EK4	THA11_HUMAN
ENSP00000310796	Q9H0W7	THAP2_HUMAN
ENSP00000366886	Q9UJP4	KLH21_HUMAN
ENSP00000496876	Q5SVZ6	ZMYM1_HUMAN
ENSP00000419270	Q9H875	PKRI1_HUMAN
ENSP00000367330	Q69YU5	UQCC6_HUMAN
ENSP00000473185	P63302	SELW_HUMAN
ENSP00000469836	Q567V2	M17L2_HUMAN
ENSP00000260045	O43422	P52K_HUMAN
ENSP00000359634	Q2TAP0	GOG7B_HUMAN
ENSP00000349576	P32321	DCTD_HUMAN
ENSP00000360829	Q7Z4J2	GL6D1_HUMAN
ENSP00000262482	Q9H6Y7	RN167_HUMAN
ENSP00000336693	Q7Z5M8	AB12B_HUMAN
ENSP00000441685	Q8IXQ8	PDZD9_HUMAN
ENSP00000300249	Q15555	MARE2_HUMAN
ENSP00000496339	Q05940	VMAT2_HUMAN
ENSP00000369545	Q9BQ15	SOSB1_HUMAN
ENSP00000461785	Q12829	RB40B_HUMAN
ENSP00000265967	Q9UPZ3	HPS5_HUMAN
ENSP00000411898	Q6UW88	EPGN_HUMAN
ENSP00000421294	A4FU49	SH321_HUMAN
ENSP00000283946	Q8NEA4	FBX36_HUMAN
ENSP00000384615	Q9Y6Q2	STON1_HUMAN
ENSP00000449500	Q6P5S7	RNK_HUMAN
ENSP00000268184	Q6UUV7	CRTC3_HUMAN
ENSP00000470086	M0QYU9	M0QYU9_HUMAN
ENSP00000368152	Q3KRA9	ALKB6_HUMAN
ENSP00000469194	P54852	EMP3_HUMAN
ENSP00000386557	Q9BVV8	F174C_HUMAN
ENSP00000472836	Q9BQD3	KXDL1_HUMAN
ENSP00000333833	Q8IZR5	CKLF4_HUMAN
ENSP00000318066	Q9Y6X5	ENPP4_HUMAN
ENSP00000230461	Q9NV96	CC50A_HUMAN
ENSP00000358251	Q5W0V3	FHI2A_HUMAN
ENSP00000264231	Q9HBU9	POPD2_HUMAN
ENSP00000253083	O75146	HIP1R_HUMAN
ENSP00000262765	Q9H0J4	QRIC2_HUMAN
ENSP00000482732	P43378	PTN9_HUMAN
ENSP00000222033	Q8WWF5	ZNRF4_HUMAN
ENSP00000445768	A4D1U4	DEN11_HUMAN
ENSP00000486146	B7WNH4	B7WNH4_HUMAN
ENSP00000355299	A0A2U3TZM3	A0A2U3TZM3_HUMAN
ENSP00000376910	Q96JM4	LRIQ1_HUMAN
ENSP00000377059	Q9Y5W9	SNX11_HUMAN
ENSP00000493780	A0A2R8YDH4	A0A2R8YDH4_HUMAN
ENSP00000258613	Q9NS62	THSD1_HUMAN
ENSP00000310803	Q587I9	SFT2C_HUMAN
ENSP00000369702	Q6ZUX7	LHPL2_HUMAN
ENSP00000361731	Q9NVG8	TBC13_HUMAN
ENSP00000490953	A0A1B0GWJ7	A0A1B0GWJ7_HUMAN
ENSP00000378642	A8K8V0	ZN785_HUMAN
ENSP00000359378	Q9BZD7	TMG3_HUMAN
ENSP00000281806	Q969V1	MCHR2_HUMAN
ENSP00000397415	Q8WXF3	REL3_HUMAN
ENSP00000406541	E9PAM5	E9PAM5_HUMAN
ENSP00000356940	Q6UVY6	MOXD1_HUMAN
ENSP00000309233	Q6PJE2	POZP3_HUMAN
ENSP00000249016	Q99705	MCHR1_HUMAN
ENSP00000361668	P20800	EDN2_HUMAN
ENSP00000323516	Q9UKP6	UR2R_HUMAN
ENSP00000456974	Q8N729	NPW_HUMAN
ENSP00000456974	H3BT17	H3BT17_HUMAN
ENSP00000294413	P18577	RHCE_HUMAN
ENSP00000331857	Q7RTR0	NLRP9_HUMAN
ENSP00000334042	Q86UU9	TKN4_HUMAN
ENSP00000256969	Q9BT56	SPXN_HUMAN
ENSP00000291691	P58505	CU058_HUMAN
ENSP00000426070	Q9HCX4	TRPC7_HUMAN
ENSP00000248098	Q9H910	JUPI2_HUMAN
ENSP00000495214	P02549	SPTA1_HUMAN
ENSP00000420686	Q0VAA5	PLCX2_HUMAN
ENSP00000280057	Q86V42	F124A_HUMAN
ENSP00000433490	P10092	CALCB_HUMAN
ENSP00000278601	Q96A22	CK052_HUMAN
ENSP00000266483	Q5BKT4	AG10A_HUMAN
ENSP00000296641	O00254	PAR3_HUMAN
ENSP00000369960	P35348	ADA1A_HUMAN
ENSP00000367139	Q5DT21	ISK9_HUMAN
ENSP00000271331	P58294	PROK1_HUMAN
ENSP00000259456	Q9BXL5	HEMGN_HUMAN
ENSP00000380999	Q147U1	ZN846_HUMAN
ENSP00000260372	Q9NVX0	HAUS2_HUMAN
ENSP00000390625	Q8WVV9	HNRLL_HUMAN
ENSP00000421169	Q6ZU67	BEND4_HUMAN
ENSP00000267103	Q9HB07	MYG1_HUMAN
ENSP00000354543	O75157	T22D2_HUMAN
ENSP00000246794	O14669	TMG2_HUMAN
ENSP00000278200	Q96LU5	IMP1L_HUMAN
ENSP00000344489	Q8WVZ7	RN133_HUMAN
ENSP00000483364	A0A804G9W2	A0A804G9W2_HUMAN
ENSP00000398106	Q49AG3	ZBED5_HUMAN
ENSP00000415556	Q8TEB1	DCA11_HUMAN
ENSP00000386651	Q8NI22	MCFD2_HUMAN
ENSP00000174618	Q99583	MNT_HUMAN
ENSP00000377914	Q6FI81	CPIN1_HUMAN
ENSP00000322524	Q9H773	DCTP1_HUMAN
ENSP00000377007	Q96H22	CENPN_HUMAN
ENSP00000365107	Q96GX5	GWL_HUMAN
ENSP00000433666	Q96M96	FGD4_HUMAN
ENSP00000433666	E9PJX4	E9PJX4_HUMAN
ENSP00000290130	Q9NYP9	MS18A_HUMAN
ENSP00000301790	Q96KN8	PLAT5_HUMAN
ENSP00000442307	Q008S8	ECT2L_HUMAN
ENSP00000348527	Q8N0S6	CENPL_HUMAN
ENSP00000386845	A0A2U3TZT0	A0A2U3TZT0_HUMAN
ENSP00000344087	Q8WXX7	AUTS2_HUMAN
ENSP00000302222	P17030	ZNF25_HUMAN
ENSP00000451369	G3V3Q6	G3V3Q6_HUMAN
ENSP00000237163	Q5TA12	Q5TA12_HUMAN
ENSP00000482438	Q15528	MED22_HUMAN
ENSP00000362987	Q96FC7	PHIPL_HUMAN
ENSP00000418268	Q7L590	MCM10_HUMAN
ENSP00000496817	A0A3B3IRK5	A0A3B3IRK5_HUMAN
ENSP00000276533	Q9BRT9	SLD5_HUMAN
ENSP00000215980	Q9NSP4	CENPM_HUMAN
ENSP00000364661	Q5MJ07	SPXN5_HUMAN
ENSP00000294811	Q96LT6	CA074_HUMAN
ENSP00000240423	Q15003	CND2_HUMAN
ENSP00000283006	Q9H3R5	CENPH_HUMAN
ENSP00000380762	Q86WV5	TEN1L_HUMAN
ENSP00000365643	Q9BZ29	DOCK9_HUMAN
ENSP00000290663	Q96G25	MED8_HUMAN
ENSP00000286031	Q9NSG2	FIRRM_HUMAN
ENSP00000362760	Q9HCK0	ZBT26_HUMAN
ENSP00000219097	Q9Y5N6	ORC6_HUMAN
ENSP00000311368	Q9HCU8	DPOD4_HUMAN
ENSP00000337226	Q9BXL8	CDCA4_HUMAN
ENSP00000379911	Q9BS16	CENPK_HUMAN
ENSP00000304353	O75817	POP7_HUMAN
ENSP00000434511	Q8IZQ5	SELH_HUMAN
ENSP00000293777	Q9P086	MED11_HUMAN
ENSP00000290894	Q7M4L6	SHF_HUMAN
ENSP00000348162	Q8TCN5	ZN507_HUMAN
ENSP00000316775	Q6UE05	TM270_HUMAN
ENSP00000309899	Q9UHQ1	NARF_HUMAN
ENSP00000055335	Q6ZSY5	PPR3F_HUMAN
ENSP00000492795	Q5JUX0	SPIN3_HUMAN
ENSP00000481109	Q86YV5	PRAG1_HUMAN
ENSP00000323304	Q8N8F7	LSME1_HUMAN
ENSP00000489583	A0A0U1RRE5	NBDY_HUMAN
ENSP00000408288	Q9H7J1	PPR3E_HUMAN
ENSP00000355880	Q969Z3	MARC2_HUMAN
ENSP00000256257	Q9H9V4	RN122_HUMAN
ENSP00000334374	Q9H156	SLIK2_HUMAN
ENSP00000334374	B3KTY4	B3KTY4_HUMAN
ENSP00000480270	Q6NYC8	PPR18_HUMAN
ENSP00000368511	Q96LI9	CX058_HUMAN
ENSP00000378635	Q13474	DRP2_HUMAN
ENSP00000312671	Q8N3D4	EH1L1_HUMAN
ENSP00000375904	A8MUM7	LEG16_HUMAN
ENSP00000355028	Q86Y13	DZIP3_HUMAN
ENSP00000441381	H0YG18	H0YG18_HUMAN
ENSP00000469248	Q8NDB6	FA156_HUMAN
ENSP00000403304	Q01534	TSPY1_HUMAN
ENSP00000331600	Q9NS66	GP173_HUMAN
ENSP00000465157	Q96FF7	MISP3_HUMAN
ENSP00000360497	O15541	R113A_HUMAN
ENSP00000308318	Q86XI6	PPR3B_HUMAN
ENSP00000366153	P51508	ZNF81_HUMAN
ENSP00000489807	A0A1B0GTR4	SPRR5_HUMAN
ENSP00000393832	B7ZBB8	PP13G_HUMAN
ENSP00000378040	Q92934	BAD_HUMAN
ENSP00000362894	Q8IZC4	RTKN2_HUMAN
ENSP00000365919	Q9H1Z4	WDR13_HUMAN
ENSP00000482523	Q8N9R6	CDRT4_HUMAN
ENSP00000405095	P59534	T2R39_HUMAN
ENSP00000317431	Q8IYW4	ENTD1_HUMAN
ENSP00000493364	Q8NG75	OR5T1_HUMAN
ENSP00000372160	Q6PKX4	DOK6_HUMAN
ENSP00000263707	Q9NZI6	TF2L1_HUMAN
ENSP00000323645	Q8N584	TT39C_HUMAN
ENSP00000360017	Q8ND82	Z280C_HUMAN
ENSP00000346603	Q96K62	ZBT45_HUMAN
ENSP00000429148	Q2M3X9	ZN674_HUMAN
ENSP00000328059	Q9NVW2	RNF12_HUMAN
ENSP00000345029	Q5JRC9	FA47A_HUMAN
ENSP00000374049	A6NCI4	VWA3A_HUMAN
ENSP00000354912	Q9HCI5	MAGE1_HUMAN
ENSP00000388658	O75746	S2512_HUMAN
ENSP00000362613	O14627	CDX4_HUMAN
ENSP00000389383	Q8N1F8	S11IP_HUMAN
ENSP00000493384	Q8NGL7	OR4P4_HUMAN
ENSP00000363972	Q9NQZ6	ZC4H2_HUMAN
ENSP00000493389	Q8NH73	OR4S2_HUMAN
ENSP00000312415	O60225	SSX5_HUMAN
ENSP00000386210	P59535	T2R40_HUMAN
ENSP00000363985	Q96EF0	MTMR8_HUMAN
ENSP00000457168	Q5T011	SZT2_HUMAN
ENSP00000398035	F8W6W0	F8W6W0_HUMAN
ENSP00000362942	Q8IZ21	PHAR4_HUMAN
ENSP00000360988	Q9P127	LUZP4_HUMAN
ENSP00000366380	Q9Y3N9	OR2W1_HUMAN
ENSP00000305654	Q9NYZ1	TV23B_HUMAN
ENSP00000221730	Q9H6B9	EPHX3_HUMAN
ENSP00000362601	Q5VXU3	CHIC1_HUMAN
ENSP00000483424	A0A087X0I6	A0A087X0I6_HUMAN
ENSP00000477259	Q8NGP2	OR8J1_HUMAN
ENSP00000387593	Q9HCD6	TANC2_HUMAN
ENSP00000468927	Q9UGK3	STAP2_HUMAN
ENSP00000387020	A8MVX0	ARG33_HUMAN
ENSP00000499131	Q53GI3	ZN394_HUMAN
ENSP00000373964	Q2TAL5	SMTL2_HUMAN
ENSP00000492995	Q8NGX2	O2T35_HUMAN
ENSP00000383682	Q6L9T8	FA72D_HUMAN
ENSP00000355026	O94989	ARHGF_HUMAN
ENSP00000304188	Q8NH10	OR8U1_HUMAN
ENSP00000403077	Q8N0U8	VKORL_HUMAN
ENSP00000341013	Q6UX39	AMTN_HUMAN
ENSP00000343064	A8MQT2	GOG8B_HUMAN
ENSP00000463032	H0Y354	FA72C_HUMAN
ENSP00000373600	Q38SD2	LRRK1_HUMAN
ENSP00000356096	Q5TYM5	FA72A_HUMAN
ENSP00000372857	Q8NG66	NEK11_HUMAN
ENSP00000298694	Q8TER5	ARH40_HUMAN
ENSP00000340988	Q5SZI1	LRAD2_HUMAN
ENSP00000360398	O95847	UCP4_HUMAN
ENSP00000331127	Q9H3K6	BOLA2_HUMAN
ENSP00000493121	A0A286YEY3	A0A286YEY3_HUMAN
ENSP00000490174	P0DQD5	NPY42_HUMAN
ENSP00000350032	Q9P2Q2	FRM4A_HUMAN
ENSP00000477502	Q5JPE7	NOMO2_HUMAN
ENSP00000369755	A6NLJ0	C2C4B_HUMAN
ENSP00000307734	Q8NGQ2	OR6Q1_HUMAN
ENSP00000363431	P50391	NPY4R_HUMAN
ENSP00000440374	O15068	MCF2L_HUMAN
ENSP00000420182	B3KU38	IQIP1_HUMAN
ENSP00000493320	Q96R45	OR2A7_HUMAN
ENSP00000488668	Q5HYW2	NHSL2_HUMAN
ENSP00000455566	H3BQ19	H3BQ19_HUMAN
ENSP00000428137	E7EV90	E7EV90_HUMAN
ENSP00000369822	P16083	NQO2_HUMAN
ENSP00000320520	Q2VPJ9	LR75B_HUMAN
ENSP00000480445	Q96H12	MSD3_HUMAN
ENSP00000363459	Q4JDL3	PTN20_HUMAN
ENSP00000416050	Q9BX73	TM2D2_HUMAN
ENSP00000463334	A9UHW6	MI4GD_HUMAN
ENSP00000452796	Q9H792	PEAK1_HUMAN
ENSP00000404860	P0DPB3	SCHI1_HUMAN
ENSP00000270747	Q8IW93	ARHGJ_HUMAN
ENSP00000482512	Q6JVE9	LCN8_HUMAN
ENSP00000341368	Q5T0Z8	CF132_HUMAN
ENSP00000490573	A0A1B0GVM2	A0A1B0GVM2_HUMAN
ENSP00000392760	Q3KRB8	RHGBB_HUMAN
ENSP00000334187	Q5T754	LCE1F_HUMAN
ENSP00000362206	Q9C0H6	KLHL4_HUMAN
ENSP00000478609	Q5TAG4	NBPFC_HUMAN
ENSP00000315614	Q6P6B1	ERIC5_HUMAN
ENSP00000367075	Q9NR64	KLHL1_HUMAN
ENSP00000432504	O95125	ZN202_HUMAN
ENSP00000432163	Q8NAB2	KBTB3_HUMAN
ENSP00000401878	Q8NFY9	KBTB8_HUMAN
ENSP00000362047	Q6PP77	XKR2_HUMAN
ENSP00000453089	H0YL77	H0YL77_HUMAN
ENSP00000370527	E9PDJ2	E9PDJ2_HUMAN
ENSP00000377043	Q8N841	TTLL6_HUMAN
ENSP00000491066	A6NNM8	TTL13_HUMAN
ENSP00000302657	Q6UXT9	ABH15_HUMAN
ENSP00000361868	Q5H9K5	ZMAT1_HUMAN
ENSP00000427866	Q08495	DEMA_HUMAN
ENSP00000324064	Q86Y25	Z354C_HUMAN
ENSP00000418232	Q9Y2I1	NISCH_HUMAN
ENSP00000415528	Q6ZN84	CCD81_HUMAN
ENSP00000273963	Q9P2G9	KLHL8_HUMAN
ENSP00000421544	Q9H0N5	PHS2_HUMAN
ENSP00000383256	Q8IW03	SIAH3_HUMAN
ENSP00000280987	Q8N128	F177A_HUMAN
ENSP00000374014	Q9BZW4	TM6S2_HUMAN
ENSP00000362814	Q96SA4	SERC2_HUMAN
ENSP00000489061	P0DN25	C1C1L_HUMAN
ENSP00000290438	Q9NYA3	GOG6A_HUMAN
ENSP00000296776	Q8WUU8	TM174_HUMAN
ENSP00000480474	Q14993	COJA1_HUMAN
ENSP00000490699	A0A1B0GVY4	SIM31_HUMAN
ENSP00000383223	P60370	KR105_HUMAN
ENSP00000360244	Q8N0U7	CA087_HUMAN
ENSP00000398089	O75541	ZN821_HUMAN
ENSP00000412461	Q7Z5H3	RHG22_HUMAN
ENSP00000333802	Q96NL3	ZN599_HUMAN
ENSP00000408581	Q14C87	T132D_HUMAN
ENSP00000359698	Q9HAC8	UBTD1_HUMAN
ENSP00000230301	Q5T5N4	CF118_HUMAN
ENSP00000228936	Q93070	NAR4_HUMAN
ENSP00000306772	O43679	LDB2_HUMAN
ENSP00000257575	Q96EX2	RNFT2_HUMAN
ENSP00000369014	Q8TB73	NDNF_HUMAN
ENSP00000319623	Q8TDY8	IGDC4_HUMAN
ENSP00000443647	Q9H7T9	AUNIP_HUMAN
ENSP00000356925	Q6BAA4	FCRLB_HUMAN
ENSP00000383212	Q2NKQ1	SGSM1_HUMAN
ENSP00000360054	Q96KR7	PHAR3_HUMAN
ENSP00000482442	A0A087WZ82	A0A087WZ82_HUMAN
ENSP00000407497	P0C7L1	ISK8_HUMAN
ENSP00000391088	Q8N2C7	UNC80_HUMAN
ENSP00000364502	Q8WV15	T255B_HUMAN
ENSP00000274093	O75311	GLRA3_HUMAN
ENSP00000480053	Q8IV16	HDBP1_HUMAN
ENSP00000373572	Q6ZQN5	FOXI2_HUMAN
ENSP00000444149	Q9NYB5	SO1C1_HUMAN
ENSP00000349954	P0DN86	CGB3_HUMAN
ENSP00000256737	Q9BYT9	ANO3_HUMAN
ENSP00000380598	Q8TDH9	BL1S5_HUMAN
ENSP00000324534	Q8NHC7	O14CZ_HUMAN
ENSP00000371377	Q9Y585	OR1A2_HUMAN
ENSP00000455442	A6NF83	NUPR2_HUMAN
ENSP00000332773	Q8IVU1	IGDC3_HUMAN
ENSP00000378803	Q9NXK6	PAQR5_HUMAN
ENSP00000284486	Q96KS9	F167A_HUMAN
ENSP00000373937	Q2VWP7	PRTG_HUMAN
ENSP00000437468	P0CW27	CC166_HUMAN
ENSP00000498972	Q96P66	GP101_HUMAN
ENSP00000298966	Q9NRQ5	SMCO4_HUMAN
ENSP00000350377	Q6DN12	MCTP2_HUMAN
ENSP00000371503	P0C862	C1T9A_HUMAN
ENSP00000303580	Q9NYR9	KBRS2_HUMAN
ENSP00000320849	Q52MB2	CC184_HUMAN
ENSP00000278836	Q9Y2G1	MYRF_HUMAN
ENSP00000217159	Q96BD0	SO4A1_HUMAN
ENSP00000318113	Q8N7P3	CLD22_HUMAN
ENSP00000362707	Q9NQG1	MANBL_HUMAN
ENSP00000379143	P17041	ZNF32_HUMAN
ENSP00000295317	Q8NC42	RN149_HUMAN
ENSP00000341803	Q5JR98	DYLT4_HUMAN
ENSP00000393154	Q8NCQ5	FBX15_HUMAN
ENSP00000355675	Q5T442	CXG2_HUMAN
ENSP00000356133	P56880	CLD20_HUMAN
ENSP00000393952	Q5SRH9	TT39A_HUMAN
ENSP00000261226	Q9ULS5	TMCC3_HUMAN
ENSP00000438400	A6NM45	CLD24_HUMAN
ENSP00000403980	H7C241	CLD34_HUMAN
ENSP00000441949	Q9NYV8	T2R14_HUMAN
ENSP00000325775	Q8NFK1	CXG3_HUMAN
ENSP00000335076	Q8WWZ3	EDAD_HUMAN
ENSP00000353732	Q96DZ5	CLIP3_HUMAN
ENSP00000327506	Q6UWD8	CP054_HUMAN
ENSP00000336887	Q9NUM3	S39A9_HUMAN
ENSP00000064778	Q92567	F168A_HUMAN
ENSP00000413064	Q8N9F0	NAT8L_HUMAN
ENSP00000308219	J3KNF6	J3KNF6_HUMAN
ENSP00000344424	Q92537	SUSD6_HUMAN
ENSP00000412482	Q96EZ4	MYEOV_HUMAN
ENSP00000262811	O60307	MAST3_HUMAN
ENSP00000360821	Q9BSL1	UBAC1_HUMAN
ENSP00000367163	P86481	PR20B_HUMAN
ENSP00000363040	Q9H1U4	MEGF9_HUMAN
ENSP00000249700	Q9NZR1	TMOD2_HUMAN
ENSP00000364482	P49842	WHR1_HUMAN
ENSP00000341957	Q13625	ASPP2_HUMAN
ENSP00000384398	Q86XN8	MEX3D_HUMAN
ENSP00000228515	Q9H175	CSRN2_HUMAN
ENSP00000476499	Q8NAP8	ZBT8B_HUMAN
ENSP00000438757	P86479	PR20C_HUMAN
ENSP00000374183	Q5T5Y3	CAMP1_HUMAN
ENSP00000363694	Q9H329	E41LB_HUMAN
ENSP00000277225	Q96JM2	ZN462_HUMAN
ENSP00000352185	O75151	PHF2_HUMAN
ENSP00000443292	Q5U5X8	F222A_HUMAN
ENSP00000317836	Q8IV56	PRR15_HUMAN
ENSP00000374359	Q2QGD7	ZXDC_HUMAN
ENSP00000314724	Q86W92	LIPB1_HUMAN
ENSP00000417510	Q8NEM7	SP20H_HUMAN
ENSP00000251900	Q9UQR0	SCML2_HUMAN
ENSP00000363714	Q9H330	TM245_HUMAN
ENSP00000406925	Q17RF5	ODAPH_HUMAN
ENSP00000501180	P04201	MAS_HUMAN
ENSP00000457180	H3BTH8	H3BTH8_HUMAN
ENSP00000252338	O75949	NALF2_HUMAN
ENSP00000414597	Q9HA90	EFCC1_HUMAN
ENSP00000464215	J3QRH5	J3QRH5_HUMAN
ENSP00000358365	A0A0A0MRM2	A0A0A0MRM2_HUMAN
ENSP00000321447	Q8NGB4	OR4S1_HUMAN
ENSP00000310120	Q5I7T1	AG10B_HUMAN
ENSP00000428316	A8MV23	SERP3_HUMAN
ENSP00000251089	Q9UNK9	ANGE1_HUMAN
ENSP00000365160	Q96G61	NUD11_HUMAN
ENSP00000459566	Q96N20	ZN75A_HUMAN
ENSP00000495413	A0A8Z5E822	A0A8Z5E822_HUMAN
ENSP00000490375	Q6UXS0	CL19A_HUMAN
ENSP00000382086	A8MZ36	EVPLL_HUMAN
ENSP00000296125	P49221	TGM4_HUMAN
ENSP00000298705	Q96LQ0	PPR36_HUMAN
ENSP00000267853	P0CAP1	MYZAP_HUMAN
ENSP00000271417	Q71H61	ILDR2_HUMAN
ENSP00000430024	Q9Y5G6	PCDG7_HUMAN
ENSP00000455785	Q8WZ19	BACD1_HUMAN
ENSP00000378198	Q8TEA7	TBCK_HUMAN
ENSP00000492907	O95007	OR6B1_HUMAN
ENSP00000277632	Q9H8M7	MINY3_HUMAN
ENSP00000361173	Q9UJ90	KCNE5_HUMAN
ENSP00000278505	O94919	ENDD1_HUMAN
ENSP00000357345	P49760	CLK2_HUMAN
ENSP00000299088	Q9H972	CN093_HUMAN
ENSP00000294904	P29558	RBMS1_HUMAN
ENSP00000418086	Q9HBI5	CEP15_HUMAN
ENSP00000363522	Q8NGR1	O13A1_HUMAN
ENSP00000268130	Q6P2C0	WDR93_HUMAN
ENSP00000349945	Q8NGF7	OR5BH_HUMAN
ENSP00000418193	Q96RM1	SPR2F_HUMAN
ENSP00000489648	C9J7I0	UMAD1_HUMAN
ENSP00000386146	Q5I0X4	PEX39_HUMAN
ENSP00000278422	Q9Y320	TMX2_HUMAN
ENSP00000434995	Q92989	CLP1_HUMAN
ENSP00000379458	Q9NXT0	ZN586_HUMAN
ENSP00000400932	Q2M3R5	S35G1_HUMAN
ENSP00000360483	Q9BTX1	NDC1_HUMAN
ENSP00000386277	Q9BV87	CNPD1_HUMAN
ENSP00000323068	Q9H0V1	TM168_HUMAN
ENSP00000294244	Q9BUA3	SPNDC_HUMAN
ENSP00000275732	O75420	GGYF1_HUMAN
ENSP00000343435	Q5BJH7	YIF1B_HUMAN
ENSP00000328004	Q8IY57	YAF2_HUMAN
ENSP00000406773	P81605	DCD_HUMAN
ENSP00000433071	Q9BQ04	RBM4B_HUMAN
ENSP00000468785	Q9UIS9	MBD1_HUMAN
ENSP00000338532	Q14153	FA53B_HUMAN
ENSP00000440222	A0A0A6YYJ8	A0A0A6YYJ8_HUMAN
ENSP00000366528	Q8N6L7	TM252_HUMAN
ENSP00000358884	Q8N8Q1	C56D1_HUMAN
ENSP00000370849	Q3MIP1	IPIL2_HUMAN
ENSP00000306324	Q6NUJ5	PWP2B_HUMAN
ENSP00000246515	P55000	SLUR1_HUMAN
ENSP00000355304	Q9UQ07	MOK_HUMAN
ENSP00000362442	Q5TG30	RHG40_HUMAN
ENSP00000490530	A0A1B0GVI7	A0A1B0GVI7_HUMAN
ENSP00000216268	O75132	ZBED4_HUMAN
ENSP00000357425	Q92484	ASM3A_HUMAN
ENSP00000278071	Q8IWB1	IPRI_HUMAN
ENSP00000368189	A6NKF2	ARI3C_HUMAN
ENSP00000328524	Q6IQ26	DEN5A_HUMAN
ENSP00000404658	Q92800	EZH1_HUMAN
ENSP00000363753	Q9NX38	ABITM_HUMAN
ENSP00000255078	P38935	SMBP2_HUMAN
ENSP00000354414	Q7L945	ZN627_HUMAN
ENSP00000464258	Q6RSH7	VHLL_HUMAN
ENSP00000085068	Q96AB3	ISOC2_HUMAN
ENSP00000488802	A0A0J9YYD9	A0A0J9YYD9_HUMAN
ENSP00000361158	Q96S53	TESK2_HUMAN
ENSP00000306528	Q9BSY9	DESI2_HUMAN
ENSP00000344041	O95473	SNG4_HUMAN
ENSP00000242057	P35869	AHR_HUMAN
ENSP00000315505	P10072	ZN875_HUMAN
ENSP00000261167	Q9Y2W2	WBP11_HUMAN
ENSP00000359271	A6NFS0	A6NFS0_HUMAN
ENSP00000312587	Q96MF6	CQ10A_HUMAN
ENSP00000362888	Q96SZ5	AEDO_HUMAN
ENSP00000359411	Q4VXA5	KHDC1_HUMAN
ENSP00000264658	Q96IG2	FXL20_HUMAN
ENSP00000285419	Q8N4L2	PP4P2_HUMAN
ENSP00000380880	Q8N2U9	S66A2_HUMAN
ENSP00000485228	Q16670	ZSC26_HUMAN
ENSP00000221797	Q9UHV8	PP13_HUMAN
ENSP00000346466	A4D1P6	WDR91_HUMAN
ENSP00000422793	E7EQN9	E7EQN9_HUMAN
ENSP00000356155	O00750	P3C2B_HUMAN
ENSP00000362115	P32019	I5P2_HUMAN
ENSP00000500633	Q9HBU6	EKI1_HUMAN
ENSP00000464006	Q9UKF7	PITC1_HUMAN
ENSP00000445381	O75747	P3C2G_HUMAN
ENSP00000340979	Q8N4F7	RN175_HUMAN
ENSP00000256190	Q86WG5	MTMRD_HUMAN
ENSP00000481142	A0A087WXM4	A0A087WXM4_HUMAN
ENSP00000359423	Q13496	MTM1_HUMAN
ENSP00000338165	Q9GZU3	TM39B_HUMAN
ENSP00000413937	Q9BT40	INP5K_HUMAN
ENSP00000437832	Q96N77	ZN641_HUMAN
ENSP00000350934	Q9H5N1	RABE2_HUMAN
ENSP00000450567	Q9Y6S9	RPKL1_HUMAN
ENSP00000249007	O75679	RFPL3_HUMAN
ENSP00000485324	Q8NH85	OR5R1_HUMAN
ENSP00000411439	P0C8F1	PATE4_HUMAN
ENSP00000348911	Q6P093	ADCL2_HUMAN
ENSP00000312834	Q9HAP2	MLXIP_HUMAN
ENSP00000301305	Q6P5W5	S39A4_HUMAN
ENSP00000364023	P98169	ZXDB_HUMAN
ENSP00000307443	Q6T423	S22AP_HUMAN
ENSP00000383456	Q5JTZ5	CI152_HUMAN
ENSP00000327569	Q63ZE4	S22AA_HUMAN
ENSP00000364493	Q5SR56	S71A2_HUMAN
ENSP00000261038	Q96SL1	DIRC2_HUMAN
ENSP00000354547	Q9UJL9	ZF69B_HUMAN
ENSP00000354312	Q8WW34	TM239_HUMAN
ENSP00000328061	Q0P670	SPEM2_HUMAN
ENSP00000483921	A0A087X159	A0A087X159_HUMAN
ENSP00000379739	Q9Y573	IPP_HUMAN
ENSP00000298248	Q9Y2S2	CRYL1_HUMAN
ENSP00000493066	Q6IEZ7	OR2T5_HUMAN
ENSP00000339356	A4D1S0	KLRG2_HUMAN
ENSP00000492981	Q8NG83	OR2M3_HUMAN
ENSP00000380594	Q8NFQ6	BPIFC_HUMAN
ENSP00000380081	Q7RTT9	S29A4_HUMAN
ENSP00000361025	Q8NE28	STKL1_HUMAN
ENSP00000412292	Q5TB30	DEP1A_HUMAN
ENSP00000483467	P0C264	SBK3_HUMAN
ENSP00000498374	Q96QP1	ALPK1_HUMAN
ENSP00000365630	Q8IZ41	RASEF_HUMAN
ENSP00000341581	Q8NGF0	O52B6_HUMAN
ENSP00000368486	P17010	ZFX_HUMAN
ENSP00000258829	O15522	NKX28_HUMAN
ENSP00000330338	Q8NGH7	O52L1_HUMAN
ENSP00000254029	Q5JSH3	WDR44_HUMAN
ENSP00000359668	Q99990	VGLL1_HUMAN
ENSP00000247992	J3KMZ3	J3KMZ3_HUMAN
ENSP00000238936	Q14CX5	S68A1_HUMAN
ENSP00000411584	Q6ZTZ1	MSD1_HUMAN
ENSP00000475915	Q6P9H4	CNKR3_HUMAN
ENSP00000493011	Q8NGK4	O52K1_HUMAN
ENSP00000318956	Q8NGK3	O52K2_HUMAN
ENSP00000393333	P21731	TA2R_HUMAN
ENSP00000321627	Q8N957	ANKF1_HUMAN
ENSP00000353343	Q8NGK5	O52M1_HUMAN
ENSP00000493410	Q8NH16	OR2L2_HUMAN
ENSP00000493308	Q8NGJ2	O52H1_HUMAN
ENSP00000389072	Q8NGN5	O10G8_HUMAN
ENSP00000493342	Q8NGZ6	OR6F1_HUMAN
ENSP00000492963	Q8NGJ6	O51A4_HUMAN
ENSP00000375095	Q9NYV9	T2R13_HUMAN
ENSP00000449381	Q8IW41	MAPK5_HUMAN
ENSP00000310788	Q8NH18	OR5J2_HUMAN
ENSP00000493162	Q8NH64	O51A7_HUMAN
ENSP00000312368	Q8N9S9	SNX31_HUMAN
ENSP00000364243	Q9BZM2	PA2GF_HUMAN
ENSP00000284061	P52429	DGKE_HUMAN
ENSP00000371000	Q9Y252	RNF6_HUMAN
ENSP00000493269	Q9UGF6	OR5V1_HUMAN
ENSP00000364193	Q9UNF1	MAGD2_HUMAN
ENSP00000371805	Q96ME1	FXL18_HUMAN
ENSP00000299459	Q9H210	OR2D2_HUMAN
ENSP00000430237	Q86XS8	GOLI_HUMAN
ENSP00000493131	Q9H208	O10A2_HUMAN
ENSP00000444054	Q6IFG1	O52E8_HUMAN
ENSP00000263062	Q9H2F5	EPC1_HUMAN
ENSP00000501146	Q14541	HNF4G_HUMAN
ENSP00000261318	Q9H741	SPRNG_HUMAN
ENSP00000337014	Q6ZVN8	RGMC_HUMAN
ENSP00000301896	Q3KP22	MAJIN_HUMAN
ENSP00000326227	Q8TET4	GANC_HUMAN
ENSP00000311479	A6NJI1	CK086_HUMAN
ENSP00000368439	Q9Y5K3	PCY1B_HUMAN
ENSP00000368767	Q12797	ASPH_HUMAN
ENSP00000265827	Q2TB10	ZN800_HUMAN
ENSP00000371347	Q9Y264	ANGP4_HUMAN
ENSP00000468236	P55056	APOC4_HUMAN
ENSP00000333896	O75676	KS6A4_HUMAN
ENSP00000279028	Q9BR26	OCSTP_HUMAN
ENSP00000472277	M0R233	M0R233_HUMAN
ENSP00000259021	O95251	KAT7_HUMAN
ENSP00000282292	Q6PK81	ZN773_HUMAN
ENSP00000481078	A6NEM1	GG6L9_HUMAN
ENSP00000359707	Q5VXD3	SAM13_HUMAN
ENSP00000351589	P0C0S8	H2A1_HUMAN
ENSP00000296504	O75446	SAP30_HUMAN
ENSP00000284116	Q8N9F7	GDPD1_HUMAN
ENSP00000331435	A6NJ08	MB3L5_HUMAN
ENSP00000378888	Q99944	EGFL8_HUMAN
ENSP00000311778	Q8NF64	ZMIZ2_HUMAN
ENSP00000330074	P16401	H15_HUMAN
ENSP00000477043	V9GYS6	V9GYS6_HUMAN
ENSP00000482564	P0C5Z0	H2AB2_HUMAN
ENSP00000457241	B4DXD0	B4DXD0_HUMAN
ENSP00000297109	Q9HAJ7	SP30L_HUMAN
ENSP00000384363	Q7L5L3	GDPD3_HUMAN
ENSP00000300079	Q969I3	GLYL1_HUMAN
ENSP00000301459	Q8IZ40	RCOR2_HUMAN
ENSP00000263208	P54198	HIRA_HUMAN
ENSP00000294353	Q9C0D3	ZY11B_HUMAN
ENSP00000384725	Q9NQX0	PRDM6_HUMAN
ENSP00000472894	M0R2Z0	M0R2Z0_HUMAN
ENSP00000331167	Q8IXW0	LMTD2_HUMAN
ENSP00000276173	Q0D2K3	RIPP1_HUMAN
ENSP00000370801	A6NDZ8	MB3L4_HUMAN
ENSP00000466174	K7ELQ4	K7ELQ4_HUMAN
ENSP00000397655	Q8WXK1	ASB15_HUMAN
ENSP00000370800	Q8NHZ7	MB3L2_HUMAN
ENSP00000498087	A0A3B3IU63	H2AL3_HUMAN
ENSP00000498060	A0A3B3IU46	RMACL_HUMAN
ENSP00000472160	M0R1X1	M0R1X1_HUMAN
ENSP00000333183	A6NE82	MB3L3_HUMAN
ENSP00000471575	Q8WWY6	MB3L1_HUMAN
ENSP00000327832	Q5SQI0	ATAT_HUMAN
ENSP00000468271	K7ERI5	K7ERI5_HUMAN
ENSP00000437775	Q5H9F3	BCORL_HUMAN
ENSP00000356848	Q96BN2	TADA1_HUMAN
ENSP00000346509	P0C5Z0	H2AB2_HUMAN
ENSP00000489619	A0A1B0GVZ6	MB3LB_HUMAN
ENSP00000265068	Q9ULG3	CFA92_HUMAN
ENSP00000310335	Q6BDI9	REP15_HUMAN
ENSP00000262990	Q9Y3S2	ZN330_HUMAN
ENSP00000426387	Q8NAP3	ZBT38_HUMAN
ENSP00000383168	P57721	PCBP3_HUMAN
ENSP00000265978	Q8N612	FHI1B_HUMAN
ENSP00000450873	G3V2U7	G3V2U7_HUMAN
ENSP00000436773	Q14667	BLTP2_HUMAN
ENSP00000458075	H3BVE0	H3BVE0_HUMAN
ENSP00000289119	Q8WU67	ABHD3_HUMAN
ENSP00000497527	Q9Y2H2	SAC2_HUMAN
ENSP00000355800	O94886	TM63A_HUMAN
ENSP00000337473	Q6AW86	Z324B_HUMAN
ENSP00000370077	Q6TFL3	CC171_HUMAN
ENSP00000450461	Q96GE4	CEP95_HUMAN
ENSP00000383226	P60331	KR101_HUMAN
ENSP00000396379	E7EVR1	E7EVR1_HUMAN
ENSP00000248211	P21506	ZNF10_HUMAN
ENSP00000304147	Q8WXC6	CSN9_HUMAN
ENSP00000335246	O75356	ENTP5_HUMAN
ENSP00000379353	Q92185	SIA8A_HUMAN
ENSP00000350260	Q5XKK7	F219B_HUMAN
ENSP00000352614	Q9P217	ZSWM5_HUMAN
ENSP00000381429	Q9UFW8	CGBP1_HUMAN
ENSP00000265981	Q8WVD5	RN141_HUMAN
ENSP00000304670	Q5M7Z0	RNFT1_HUMAN
ENSP00000326846	Q4W4Y0	DRIP1_HUMAN
ENSP00000265097	Q96J01	THOC3_HUMAN
ENSP00000460823	O75674	TM1L1_HUMAN
ENSP00000354633	Q15544	TAF11_HUMAN
ENSP00000341351	Q96JK2	DCAF5_HUMAN
ENSP00000361603	Q9BV19	CA050_HUMAN
ENSP00000295414	Q8N7R7	CCYL1_HUMAN
ENSP00000333956	P59797	SELV_HUMAN
ENSP00000435619	Q8N140	EID3_HUMAN
ENSP00000260585	Q9C0D9	EPT1_HUMAN
ENSP00000184956	Q6AI08	HEAT6_HUMAN
ENSP00000369075	P07199	CENPB_HUMAN
ENSP00000379369	Q99853	FOXB1_HUMAN
ENSP00000329499	A6NFU0	F187A_HUMAN
ENSP00000270235	Q8WTR8	NET5_HUMAN
ENSP00000303777	Q9BXU2	TX13B_HUMAN
ENSP00000442515	Q3SXZ7	TTLL9_HUMAN
ENSP00000363257	Q9NUE0	ZDH18_HUMAN
ENSP00000270357	Q9HAU8	RNPL1_HUMAN
ENSP00000368528	Q9BUR5	MIC26_HUMAN
ENSP00000495112	A0A2R8YFG2	A0A2R8YFG2_HUMAN
ENSP00000383900	Q5VXJ0	LIPK_HUMAN
ENSP00000293405	Q6UXV1	IZUM2_HUMAN
ENSP00000351422	Q96EN9	REX1B_HUMAN
ENSP00000383901	Q5VYY2	LIPM_HUMAN
ENSP00000230792	Q9BQG2	NUD12_HUMAN
ENSP00000448598	Q8IXM2	BAP18_HUMAN
ENSP00000254878	P52758	RIDA_HUMAN
ENSP00000320188	Q8NAF0	ZN579_HUMAN
ENSP00000490220	A0A1B0GUS0	CS085_HUMAN
ENSP00000389289	C9JRZ8	AK1BF_HUMAN
ENSP00000258214	Q96A19	C102A_HUMAN
ENSP00000361007	Q5W064	LIPJ_HUMAN
ENSP00000405482	Q8N434	SVOPL_HUMAN
ENSP00000486291	Q9HAC7	SUCHY_HUMAN
ENSP00000496804	Q5T2L2	AKCL1_HUMAN
ENSP00000305138	Q9BUT9	MCRI2_HUMAN
ENSP00000371362	Q4G0N4	NADK2_HUMAN
ENSP00000341944	Q68CR7	LRC66_HUMAN
ENSP00000342118	Q6UWX4	HIPL2_HUMAN
ENSP00000321021	Q8N5U0	CK042_HUMAN
ENSP00000337133	Q86WD7	SPA9_HUMAN
ENSP00000302938	Q8IUB5	WFD13_HUMAN
ENSP00000473212	O15529	GPR42_HUMAN
ENSP00000401867	Q9BW11	MAD3_HUMAN
ENSP00000329292	Q86XP6	GKN2_HUMAN
ENSP00000491301	A0A1W2PPF3	DUXB_HUMAN
ENSP00000365838	A6NFQ7	DPRX_HUMAN
ENSP00000334068	Q8NGS7	O13C8_HUMAN
ENSP00000485614	Q6AHZ1	Z518A_HUMAN
ENSP00000390630	A6NJZ7	RIM3C_HUMAN
ENSP00000451945	Q9UD57	NKX12_HUMAN
ENSP00000407978	Q15270	NKX11_HUMAN
ENSP00000349161	Q6PG37	ZN790_HUMAN
ENSP00000409950	E9PGG2	ANHX_HUMAN
ENSP00000453750	Q8IUE0	TF2LY_HUMAN
ENSP00000155093	P08048	ZFY_HUMAN
ENSP00000483537	Q8NCR3	MFI_HUMAN
ENSP00000250823	O14598	VCY1_HUMAN
ENSP00000355419	Q9BZA8	PC11Y_HUMAN
ENSP00000469441	P78358	CTG1B_HUMAN
ENSP00000378503	Q96C00	ZBTB9_HUMAN
ENSP00000322640	Q6ZUB1	S31E1_HUMAN
ENSP00000372462	A6NGL4	A6NGL4_HUMAN
ENSP00000331556	P35663	CYLC1_HUMAN
ENSP00000350848	P82970	HMGN5_HUMAN
ENSP00000283233	Q8NFR7	CC148_HUMAN
ENSP00000302189	Q02575	HEN1_HUMAN
ENSP00000372471	A6NEC3	A6NEC3_HUMAN
ENSP00000499192	A0A494C1R9	TSPY9_HUMAN
ENSP00000371073	Q9NUJ7	PLCX1_HUMAN
ENSP00000457654	H3BUI4	H3BUI4_HUMAN
ENSP00000384770	Q00888	PSG4_HUMAN
ENSP00000440982	F5GXT2	F5GXT2_HUMAN
ENSP00000358519	Q02577	HEN2_HUMAN
ENSP00000390232	A8MT70	ZBBX_HUMAN
ENSP00000284856	O14604	TYB4Y_HUMAN
ENSP00000372505	Q99218	AMELY_HUMAN
ENSP00000471932	Q8NFB2	T185A_HUMAN
ENSP00000250825	O14598	VCY1_HUMAN
ENSP00000397172	P62952	BLCAP_HUMAN
ENSP00000364037	Q9NXF1	TEX10_HUMAN
ENSP00000455716	P0C6T2	OST4_HUMAN
ENSP00000360817	Q9P2E3	ZNFX1_HUMAN
ENSP00000278314	Q9UL59	ZN214_HUMAN
ENSP00000375844	Q9HC96	CAN10_HUMAN
ENSP00000496184	Q9HAB3	S52A2_HUMAN
ENSP00000364464	Q8N6M6	AMPO_HUMAN
ENSP00000399979	Q9NWF4	S52A1_HUMAN
ENSP00000255198	Q96IU2	ZBED3_HUMAN
ENSP00000402107	Q9Y468	LMBL1_HUMAN
ENSP00000324598	Q8NDQ6	ZN540_HUMAN
ENSP00000336931	Q12796	PNRC1_HUMAN
ENSP00000369627	Q9Y247	FA50B_HUMAN
ENSP00000337146	Q16206	ENOX2_HUMAN
ENSP00000278319	Q9UL58	ZN215_HUMAN
ENSP00000383096	O75678	RFPL2_HUMAN
ENSP00000319370	Q9NPA1	KCMB3_HUMAN
ENSP00000387641	O75155	CAND2_HUMAN
ENSP00000361952	Q9H427	KCNKF_HUMAN
ENSP00000371595	Q6L8G9	KRA56_HUMAN
ENSP00000334650	Q7Z418	KCNKI_HUMAN
ENSP00000327724	P59551	T2R60_HUMAN
ENSP00000378145	Q9NWR8	MCUB_HUMAN
ENSP00000424126	Q6DN14	MCTP1_HUMAN
ENSP00000434508	E9PQ18	E9PQ18_HUMAN
ENSP00000485609	Q8NGY0	O10X1_HUMAN
ENSP00000375091	P59542	T2R19_HUMAN
ENSP00000386201	P59536	T2R41_HUMAN
ENSP00000487603	O00110	OVOL3_HUMAN
ENSP00000240615	Q9NYW2	TA2R8_HUMAN
ENSP00000247883	Q9NYW4	TA2R5_HUMAN
ENSP00000431719	P59537	T2R43_HUMAN
ENSP00000351244	Q8NFZ6	VN1R2_HUMAN
ENSP00000377369	Q0VAA2	LR74A_HUMAN
ENSP00000498488	A0A494C0E1	A0A494C0E1_HUMAN
ENSP00000215812	Q9UDX4	S14L3_HUMAN
ENSP00000248384	P47887	OR1E2_HUMAN
ENSP00000320757	A6NC51	T150B_HUMAN
ENSP00000376703	Q32M45	ANO4_HUMAN
ENSP00000436450	P59540	T2R46_HUMAN
ENSP00000375093	P59538	T2R31_HUMAN
ENSP00000314196	Q96T53	MBOA4_HUMAN
ENSP00000216071	O95567	CV031_HUMAN
ENSP00000358932	Q9H3Z7	ABHGB_HUMAN
ENSP00000396747	Q9BZ19	ANR60_HUMAN
ENSP00000452277	Q8NGP0	OR4CD_HUMAN
ENSP00000493437	Q8NG76	O2T33_HUMAN
ENSP00000311712	P59025	RTP1_HUMAN
ENSP00000369907	Q8IYX7	SAXO1_HUMAN
ENSP00000240687	Q9NYW3	TA2R7_HUMAN
ENSP00000371932	Q9NYW7	TA2R1_HUMAN
ENSP00000240619	Q9NYW0	T2R10_HUMAN
ENSP00000380155	Q8TCB6	O51E1_HUMAN
ENSP00000249284	Q9NYV7	T2R16_HUMAN
ENSP00000424040	P59544	T2R50_HUMAN
ENSP00000333900	Q8WWZ8	OIT3_HUMAN
ENSP00000441624	P59543	T2R20_HUMAN
ENSP00000444736	P59541	T2R30_HUMAN
ENSP00000334050	Q7RTR8	T2R42_HUMAN
ENSP00000247879	Q9NYW6	TA2R3_HUMAN
ENSP00000310856	Q7Z5H5	VN1R4_HUMAN
ENSP00000247881	Q9NYW5	TA2R4_HUMAN
ENSP00000330612	Q86SM5	MRGRG_HUMAN
ENSP00000373752	Q86T96	RN180_HUMAN
ENSP00000326858	Q5TFE4	NT5D1_HUMAN
ENSP00000268699	O95995	DRC4_HUMAN
ENSP00000380646	Q96HE8	TMM80_HUMAN
ENSP00000379367	O43325	LYRM1_HUMAN
ENSP00000362869	Q5VZ52	MORN5_HUMAN
ENSP00000336661	Q8N4P6	LRC71_HUMAN
ENSP00000323348	Q8N7E2	CBLL2_HUMAN
ENSP00000426120	Q96HH9	GRM2B_HUMAN
ENSP00000319305	Q7Z3I7	ZN572_HUMAN
ENSP00000336655	Q7RTN6	STRAA_HUMAN
ENSP00000361580	Q5VV52	ZN691_HUMAN
ENSP00000258439	O75204	TM127_HUMAN
ENSP00000250896	Q9HBH9	MKNK2_HUMAN
ENSP00000329548	Q8IXB3	TARG1_HUMAN
ENSP00000348489	J3KNZ9	J3KNZ9_HUMAN
ENSP00000310773	A0A0B4J1S0	A0A0B4J1S0_HUMAN
ENSP00000324056	Q96MX3	ZNF48_HUMAN
ENSP00000274811	Q7L0R7	RNF44_HUMAN
ENSP00000357881	Q9H5V7	IKZF5_HUMAN
ENSP00000396160	Q9HCM7	FBSL_HUMAN
ENSP00000379691	Q6P996	PDXD1_HUMAN
ENSP00000308022	Q86TJ2	TAD2B_HUMAN
ENSP00000227451	Q9Y2E6	DTX4_HUMAN
ENSP00000264645	O15234	CASC3_HUMAN
ENSP00000359434	Q96DE9	EOLA2_HUMAN
ENSP00000263346	Q9BQ70	TCF25_HUMAN
ENSP00000480140	Q9BRL6	SRSF8_HUMAN
ENSP00000365536	A6NM71	A6NM71_HUMAN
ENSP00000403937	Q86VG3	IFTAP_HUMAN
ENSP00000415078	Q8WUQ7	CATIN_HUMAN
ENSP00000413029	Q9BPX7	CG025_HUMAN
ENSP00000301159	Q96GY3	LIN37_HUMAN
ENSP00000369500	Q96A49	SYAP1_HUMAN
ENSP00000413100	Q4G0I0	UQCC4_HUMAN
ENSP00000215917	Q9UH36	SRR1L_HUMAN
ENSP00000328307	Q8NA70	FA47B_HUMAN
ENSP00000351211	A6NF89	OR6C6_HUMAN
ENSP00000367922	Q6ZTR5	CFA47_HUMAN
ENSP00000355902	Q9NW75	GPTC2_HUMAN
ENSP00000349923	Q14657	LAGE3_HUMAN
ENSP00000226798	Q14331	FRG1_HUMAN
ENSP00000368801	O75554	WBP4_HUMAN
ENSP00000362446	Q15937	ZNF79_HUMAN
ENSP00000491427	A0A1W2PPI5	A0A1W2PPI5_HUMAN
ENSP00000481750	Q9NUS5	AP5S1_HUMAN
ENSP00000393667	Q8IXS8	HYCC2_HUMAN
ENSP00000292450	Q9Y5A6	ZSC21_HUMAN
ENSP00000372361	Q9UJ78	ZMYM5_HUMAN
ENSP00000356634	Q9BXP8	PAPP2_HUMAN
ENSP00000264434	Q9NWW7	CB042_HUMAN
ENSP00000352956	Q86U06	RBM23_HUMAN
ENSP00000362574	Q96BU1	S1PBP_HUMAN
ENSP00000296543	Q9BXJ9	NAA15_HUMAN
ENSP00000384801	Q63HM2	PCX4_HUMAN
ENSP00000335808	Q9GZU8	PIP30_HUMAN
ENSP00000260383	Q9UGJ1	GCP4_HUMAN
ENSP00000354518	Q96NB3	ZN830_HUMAN
ENSP00000473665	A3KN83	SBNO1_HUMAN
ENSP00000303758	Q86V48	LUZP1_HUMAN
ENSP00000260327	Q05D32	CTSL2_HUMAN
ENSP00000356599	Q9H497	TOR3A_HUMAN
ENSP00000386419	B8ZZ87	B8ZZ87_HUMAN
ENSP00000173898	Q12816	TROP_HUMAN
ENSP00000354733	Q9Y2G9	SBNO2_HUMAN
ENSP00000356470	Q5T5J6	SWT1_HUMAN
ENSP00000307726	O95371	OR2C1_HUMAN
ENSP00000362235	Q969X2	SIA7F_HUMAN
ENSP00000337466	Q8IUB3	WF10B_HUMAN
ENSP00000344260	Q8N3T1	GLT15_HUMAN
ENSP00000265000	Q86SF2	GALT7_HUMAN
ENSP00000359172	Q9Y2D2	S35A3_HUMAN
ENSP00000353142	Q96RP7	G3ST4_HUMAN
ENSP00000357707	P33763	S10A5_HUMAN
ENSP00000411506	Q9UHL3	F153A_HUMAN
ENSP00000386302	Q3KRA6	CB076_HUMAN
ENSP00000334657	Q7Z4K8	TRI46_HUMAN
ENSP00000457386	B2RUZ4	SMIM1_HUMAN
ENSP00000428876	Q86UY5	FA83A_HUMAN
ENSP00000300181	Q9Y3Q8	T22D4_HUMAN
ENSP00000393511	Q6H8Q1	ABLM2_HUMAN
ENSP00000425040	Q9C0I3	CCSE1_HUMAN
ENSP00000483328	Q9H1A7	RPB1C_HUMAN
ENSP00000483328	A0A0B4J2F8	A0A0B4J2F8_HUMAN
ENSP00000419712	A6NI61	MYMK_HUMAN
ENSP00000374268	A0PJZ3	GXLT2_HUMAN
ENSP00000454561	P0DMB2	CH088_HUMAN
ENSP00000356275	P21291	CSRP1_HUMAN
ENSP00000488748	P0DMT0	MLN_HUMAN
ENSP00000328016	Q5GJ75	TP8L3_HUMAN
ENSP00000364567	Q8NDY3	ARHL1_HUMAN
ENSP00000475473	Q8WUH1	CHUR_HUMAN
ENSP00000330898	Q9GZM3	RPB1B_HUMAN
ENSP00000334153	Q14699	RFTN1_HUMAN
ENSP00000332148	Q8IYY4	DZI1L_HUMAN
ENSP00000439378	Q9Y2M2	SSUH2_HUMAN
ENSP00000329918	Q6ZN04	MEX3B_HUMAN
ENSP00000304192	Q96RV3	PCX1_HUMAN
ENSP00000257312	Q86YF9	DZIP1_HUMAN
ENSP00000306344	Q86UB9	TM135_HUMAN
ENSP00000429608	Q96PS1	FACOS_HUMAN
ENSP00000365145	O43638	FOXS1_HUMAN
ENSP00000454386	H3BMH7	H3BMH7_HUMAN
ENSP00000326309	Q8NES8	DB124_HUMAN
ENSP00000271375	O95562	SFT2B_HUMAN
ENSP00000445508	O95628	CNOT4_HUMAN
ENSP00000348316	Q9UK76	JUPI1_HUMAN
ENSP00000308753	Q9NYL9	TMOD3_HUMAN
ENSP00000387471	Q9Y3D0	CIA2B_HUMAN
ENSP00000427401	Q8N9Q2	SR1IP_HUMAN
ENSP00000371825	Q9H1M4	DB127_HUMAN
ENSP00000447679	C9JVW0	INAM1_HUMAN
ENSP00000380671	Q147U7	SMCO1_HUMAN
ENSP00000410818	Q15013	MD2BP_HUMAN
ENSP00000421185	A6NG13	MGT4D_HUMAN
ENSP00000422496	A0A8V8PNE1	A0A8V8PNE1_HUMAN
ENSP00000329137	Q5T7M4	ADIPL_HUMAN
ENSP00000293604	Q5SQH8	CF136_HUMAN
ENSP00000251507	Q5R372	RBG1L_HUMAN
ENSP00000361967	Q15814	TBCC_HUMAN
ENSP00000369099	Q3LIE5	ADPRM_HUMAN
ENSP00000420716	Q6PIY5	ARMD1_HUMAN
ENSP00000363369	A6NEN9	CX065_HUMAN
ENSP00000354732	B1AHC3	B1AHC3_HUMAN
ENSP00000237455	O00237	RN103_HUMAN
ENSP00000484875	Q3SYB3	FX4L6_HUMAN
ENSP00000341051	Q6UXF7	CL18B_HUMAN
ENSP00000342840	Q5XG99	LYSM4_HUMAN
ENSP00000403210	Q9Y3B6	EMC9_HUMAN
ENSP00000418910	P62341	SELT_HUMAN
ENSP00000361811	Q9Y2B4	T53G5_HUMAN
ENSP00000337732	Q96NL0	RUN3B_HUMAN
ENSP00000346931	Q7Z4R8	CF120_HUMAN
ENSP00000345147	Q9H2Z4	NKX24_HUMAN
ENSP00000355141	Q9NZV5	SELN_HUMAN
ENSP00000302756	Q9NU39	FX4L1_HUMAN
ENSP00000381064	Q9NVR2	INT10_HUMAN
ENSP00000317300	Q643R3	LPCT4_HUMAN
ENSP00000335565	P60410	KR108_HUMAN
ENSP00000415436	Q9H9L4	KANL2_HUMAN
ENSP00000261588	O60303	KATIP_HUMAN
ENSP00000330808	A6NHN0	OTOL1_HUMAN
ENSP00000239316	Q14641	INSL4_HUMAN
ENSP00000343244	Q9H596	DUS21_HUMAN
ENSP00000261867	O14863	ZNT4_HUMAN
ENSP00000478941	A0A087WUV0	ZN892_HUMAN
ENSP00000239367	Q86VZ4	LRP11_HUMAN
ENSP00000388909	Q9BQA9	CYBC1_HUMAN
ENSP00000235347	O60809	PRA10_HUMAN
ENSP00000485407	Q9Y5P1	O51B2_HUMAN
ENSP00000379183	Q96RD6	PANX2_HUMAN
ENSP00000322339	Q9GZP7	VN1R1_HUMAN
ENSP00000364515	A6NE02	BTBDH_HUMAN
ENSP00000318878	O95013	O4F21_HUMAN
ENSP00000386141	Q5GH70	XKR9_HUMAN
ENSP00000335358	Q5TA77	LCE3B_HUMAN
ENSP00000316737	Q5T752	LCE1D_HUMAN
ENSP00000493035	Q8NGW1	OR6B3_HUMAN
ENSP00000350881	Q8IYS0	ASTRC_HUMAN
ENSP00000340776	Q6ZU64	CFA65_HUMAN
ENSP00000279147	Q8WV07	LTO1_HUMAN
ENSP00000493000	Q8NG77	O2T12_HUMAN
ENSP00000450842	Q3MIR4	CC50B_HUMAN
ENSP00000363001	Q92485	ASM3B_HUMAN
ENSP00000290881	Q68EN5	MACA1_HUMAN
ENSP00000345001	Q6UUV9	CRTC1_HUMAN
ENSP00000405202	Q9NS25	SPNXB_HUMAN
ENSP00000489588	A0A0U1RRL7	MMPOS_HUMAN
ENSP00000345295	Q5SQS7	SH24B_HUMAN
ENSP00000472409	P0DKL9	A14EL_HUMAN
ENSP00000492894	Q8NGX8	OR6Y1_HUMAN
ENSP00000380690	Q6ZP65	BICL1_HUMAN
ENSP00000319388	Q6UXC1	AEGP_HUMAN
ENSP00000403802	Q9UK96	FBX10_HUMAN
ENSP00000325326	Q9H4Z2	ZN335_HUMAN
ENSP00000472808	Q8WTR7	ZN473_HUMAN
ENSP00000328251	Q8IUF8	RIOX2_HUMAN
ENSP00000379754	Q86Z20	CC125_HUMAN
ENSP00000357118	Q96JM7	LMBL3_HUMAN
ENSP00000485319	Q8NGL2	OR5L1_HUMAN
ENSP00000420854	Q6NXP0	EFC12_HUMAN
ENSP00000343290	Q6ZQR2	CFA77_HUMAN
ENSP00000430897	Q8N9Z2	CC71L_HUMAN
ENSP00000247956	Q96PQ6	ZN317_HUMAN
ENSP00000287474	Q6ZNA5	FRRS1_HUMAN
ENSP00000337618	Q8N8Q9	NIPA2_HUMAN
ENSP00000329522	A6NLX3	SPDE4_HUMAN
ENSP00000243189	Q9BUV0	RSRP1_HUMAN
ENSP00000375582	Q9H707	ZN552_HUMAN
ENSP00000369599	Q5VW36	FOCAD_HUMAN
ENSP00000477507	Q9H6W3	RIOX1_HUMAN
ENSP00000340975	A6NJG2	SWAHD_HUMAN
ENSP00000349575	Q96BX8	MOB3A_HUMAN
ENSP00000462298	P0DPK4	NT2NC_HUMAN
ENSP00000342114	Q14773	ICAM4_HUMAN
ENSP00000357798	Q8N119	MMP21_HUMAN
ENSP00000485259	A0A096LNW5	NT2NR_HUMAN
ENSP00000384667	Q9BZE7	EVG1_HUMAN
ENSP00000318352	Q9Y605	MOFA1_HUMAN
ENSP00000349669	Q6ZNM6	SMI10_HUMAN
ENSP00000318154	Q96HT8	MR1L1_HUMAN
ENSP00000420919	B9EJG8	T150C_HUMAN
ENSP00000348086	A0A0A0MRD0	A0A0A0MRD0_HUMAN
ENSP00000350673	P58499	FAM3B_HUMAN
ENSP00000413445	A8MWY0	ELAP2_HUMAN
ENSP00000297375	P19622	HME2_HUMAN
ENSP00000294360	Q9NWV4	CZIB_HUMAN
ENSP00000355510	B1ANS9	WDR64_HUMAN
ENSP00000320038	O14559	RHG33_HUMAN
ENSP00000251170	O43304	S14L5_HUMAN
ENSP00000304108	Q6P995	F171B_HUMAN
ENSP00000318222	Q8N966	ZDH22_HUMAN
ENSP00000370420	Q9H321	VCX3B_HUMAN
ENSP00000304437	Q76NI1	KNDC1_HUMAN
ENSP00000469474	Q9NQR7	CC177_HUMAN
ENSP00000370447	Q9H320	VCX1_HUMAN
ENSP00000410041	Q1XH10	SKDA1_HUMAN
ENSP00000347716	Q92782	DPF1_HUMAN
ENSP00000347716	A0A804CCM0	A0A804CCM0_HUMAN
ENSP00000402020	A0A8J8ZI57	A0A8J8ZI57_HUMAN
ENSP00000456543	A0A096LP49	CC187_HUMAN
ENSP00000374424	P85298	RHG08_HUMAN
ENSP00000480946	P0DME0	SETLP_HUMAN
ENSP00000498533	A0A494C0H1	A0A494C0H1_HUMAN
ENSP00000467041	K7ENP7	K7ENP7_HUMAN
ENSP00000337500	Q86SE9	PCGF5_HUMAN
ENSP00000364840	Q9Y334	VWA7_HUMAN
ENSP00000386209	Q6IF42	OR2A2_HUMAN
ENSP00000269439	Q6ZSG1	ARK2C_HUMAN
ENSP00000484263	B3SHH9	TM114_HUMAN
ENSP00000411145	A0PJY2	FEZF1_HUMAN
ENSP00000479248	Q96AA8	JKIP2_HUMAN
ENSP00000369344	Q8NGU9	GP150_HUMAN
ENSP00000353796	Q8N9V6	ANR53_HUMAN
ENSP00000391457	Q6PI98	IN80C_HUMAN
ENSP00000308533	O14893	GEMI2_HUMAN
ENSP00000370673	A6NHS7	MANS4_HUMAN
ENSP00000314879	Q9BYJ1	LOXE3_HUMAN
ENSP00000298832	Q6EMB2	TTLL5_HUMAN
ENSP00000380071	Q6NT04	TIGD7_HUMAN
ENSP00000266254	O95922	TTLL1_HUMAN
ENSP00000483549	Q8NG50	RDM1_HUMAN
ENSP00000253362	Q96DR5	BPIA2_HUMAN
ENSP00000353600	P0DMN0	ST1A4_HUMAN
ENSP00000352265	Q6ZTW0	TPGS1_HUMAN
ENSP00000258229	A6NKB5	PCX2_HUMAN
ENSP00000446882	A0A0B4J2F6	A0A0B4J2F6_HUMAN
ENSP00000430853	E5RHQ5	NPB11_HUMAN
ENSP00000259711	Q9H1H9	KI13A_HUMAN
ENSP00000433597	E9PKD4	NPIA5_HUMAN
ENSP00000298738	Q5W0A0	ERI6B_HUMAN
ENSP00000436453	Q8NGK6	O52I1_HUMAN
ENSP00000309790	Q6P0N0	M18BP_HUMAN
ENSP00000377934	Q2M1P5	KIF7_HUMAN
ENSP00000479266	A0A087WV86	A0A087WV86_HUMAN
ENSP00000215906	Q6ICH7	ASPH2_HUMAN
ENSP00000497734	A0A3B3IT45	O51C1_HUMAN
ENSP00000453273	Q8IUZ0	LRC49_HUMAN
ENSP00000481465	Q9H4H8	FA83D_HUMAN
ENSP00000337122	O60765	Z354A_HUMAN
ENSP00000386207	A8MTL9	HMSD_HUMAN
ENSP00000342411	Q496H8	NRN1L_HUMAN
ENSP00000306888	Q8WW52	F151A_HUMAN
ENSP00000379242	O95170	CDRT1_HUMAN
ENSP00000372649	A6NEV1	PR23A_HUMAN
ENSP00000366715	Q5W0B7	TM236_HUMAN
ENSP00000252998	Q8NC74	RB8NL_HUMAN
ENSP00000335595	Q9NUJ3	T11L1_HUMAN
ENSP00000443598	Q32MH5	ATOSA_HUMAN
ENSP00000391318	Q5JQC4	CT47A_HUMAN
ENSP00000249066	Q9BQE5	APOL2_HUMAN
ENSP00000359524	Q5VSR9	SPXN1_HUMAN
ENSP00000410400	Q5JQC4	CT47A_HUMAN
ENSP00000389513	Q5JQC4	CT47A_HUMAN
ENSP00000296326	Q8WVZ1	ZDH19_HUMAN
ENSP00000261811	Q9H1C7	CYTM1_HUMAN
ENSP00000379208	Q8NDW4	ZN248_HUMAN
ENSP00000364379	Q9Y2H8	ZN510_HUMAN
ENSP00000264555	Q9P1Y6	PHRF1_HUMAN
ENSP00000283303	Q8IZF3	AGRF4_HUMAN
ENSP00000276241	Q8WUE5	CT55_HUMAN
ENSP00000376007	Q8NA58	PNDC1_HUMAN
ENSP00000366030	Q8N4J0	CARME_HUMAN
ENSP00000299213	Q9BRS8	LARP6_HUMAN
ENSP00000386398	A7E2S9	A30BL_HUMAN
ENSP00000403302	Q5JPF3	AN36C_HUMAN
ENSP00000253110	Q9NUL5	SHFL_HUMAN
ENSP00000329638	A4D1E1	Z804B_HUMAN
ENSP00000379836	Q8TAD4	ZNT5_HUMAN
ENSP00000362763	Q15916	ZBTB6_HUMAN
ENSP00000378505	P49761	CLK3_HUMAN
ENSP00000316948	Q9HAZ1	CLK4_HUMAN
ENSP00000403925	Q5QJ74	TBCEL_HUMAN
ENSP00000442129	Q5TGJ6	HDGL1_HUMAN
ENSP00000334289	Q96MD7	CI085_HUMAN
ENSP00000325508	Q6IPW1	CK071_HUMAN
ENSP00000377655	Q9BQF6	SENP7_HUMAN
ENSP00000378427	Q7Z6I8	CE024_HUMAN
ENSP00000295208	Q96K75	ZN514_HUMAN
ENSP00000467740	A6NC57	ANR62_HUMAN
ENSP00000456953	H3BUK9	POTB2_HUMAN
ENSP00000381047	O43822	CF410_HUMAN
ENSP00000419199	A6NK59	ASB14_HUMAN
ENSP00000426174	A6NNP5	CC169_HUMAN
ENSP00000334844	Q9P0N5	TM216_HUMAN
ENSP00000493110	Q8NGZ3	O13G1_HUMAN
ENSP00000221459	Q9HAP6	LIN7B_HUMAN
ENSP00000266534	Q9H0C3	TM117_HUMAN
ENSP00000361214	P56975	NRG3_HUMAN
ENSP00000297668	Q9BZ76	CNTP3_HUMAN
ENSP00000292778	A8MPS7	YDJC_HUMAN
ENSP00000389381	O15391	TYY2_HUMAN
ENSP00000363241	Q5T7W0	ZN618_HUMAN
ENSP00000356363	Q5VUE5	CA053_HUMAN
ENSP00000429553	A6NJ46	NKX63_HUMAN
ENSP00000380087	O14771	ZN213_HUMAN
ENSP00000398798	A0A7P0N7C4	A0A7P0N7C4_HUMAN
ENSP00000390932	Q53EV4	LRC23_HUMAN
ENSP00000426504	P52739	ZN131_HUMAN
ENSP00000363583	Q8N9B8	RGF1A_HUMAN
ENSP00000409107	B2RXF5	ZBT42_HUMAN
ENSP00000322582	Q53FE4	CD017_HUMAN
ENSP00000419944	Q8NFP0	PXT1_HUMAN
ENSP00000339802	A5PLL1	AN34B_HUMAN
ENSP00000363023	Q9Y2H0	DLGP4_HUMAN
ENSP00000320089	A6NCS4	NKX26_HUMAN
ENSP00000254691	Q9BX69	CARD6_HUMAN
ENSP00000500339	A0A5F9ZHI8	A0A5F9ZHI8_HUMAN
ENSP00000464162	Q9C091	GRB1L_HUMAN
ENSP00000378992	P50226	ST1A2_HUMAN
ENSP00000216115	Q13323	BIK_HUMAN
ENSP00000326110	Q96GV9	MACIR_HUMAN
ENSP00000419502	Q8NAA5	LR75A_HUMAN
ENSP00000326063	Q9NV64	TM39A_HUMAN
ENSP00000429216	Q6NT89	TRNP1_HUMAN
ENSP00000215941	Q6NXT1	ANR54_HUMAN
ENSP00000238823	Q8NCA5	FA98A_HUMAN
ENSP00000342148	Q9NRX6	KISHB_HUMAN
ENSP00000354461	Q8N4B1	SESQ1_HUMAN
ENSP00000373627	Q6ZU15	SEP14_HUMAN
ENSP00000474385	Q9UKJ8	ADA21_HUMAN
ENSP00000431186	Q9BSF8	BTBDA_HUMAN
ENSP00000312753	Q6ICB4	SESQ2_HUMAN
ENSP00000367219	Q8NGT2	O13J1_HUMAN
ENSP00000339830	Q6QAJ8	TM220_HUMAN
ENSP00000421965	Q96M27	PRRC1_HUMAN
ENSP00000381486	A8MTQ0	NOTO_HUMAN
ENSP00000382646	A8MTA8	CMI2B_HUMAN
ENSP00000376071	Q6P1L5	F117B_HUMAN
ENSP00000480376	A8MZA4	GG6L6_HUMAN
ENSP00000478258	Q9Y5G0	PCDGH_HUMAN
ENSP00000303149	Q9NS67	GPR27_HUMAN
ENSP00000305005	Q9UQ74	PSG8_HUMAN
ENSP00000436552	Q9UPX0	TUTLB_HUMAN
ENSP00000358739	Q9UIY3	RWD2A_HUMAN
ENSP00000421871	Q8TF63	DCNP1_HUMAN
ENSP00000308733	Q8TDV0	GP151_HUMAN
ENSP00000312672	Q6ZRR5	TLCD5_HUMAN
ENSP00000385899	Q7Z5N4	SDK1_HUMAN
ENSP00000492384	A0A1W2PR95	IGB1C_HUMAN
ENSP00000310593	Q49MG5	MAP9_HUMAN
ENSP00000354916	Q9UNH5	CC14A_HUMAN
ENSP00000495909	P11277	SPTB1_HUMAN
ENSP00000315263	Q9NZD2	GLTP_HUMAN
ENSP00000367879	P51811	XK_HUMAN
ENSP00000235307	Q9H246	CA021_HUMAN
ENSP00000360824	Q5T7R7	CA185_HUMAN
ENSP00000373298	Q9Y215	COLQ_HUMAN
ENSP00000315064	Q9HAY2	MAGF1_HUMAN
ENSP00000321679	Q86SG2	ANR23_HUMAN
ENSP00000485292	Q8NGF1	O52R1_HUMAN
ENSP00000297130	Q8TDC0	MYOZ3_HUMAN
ENSP00000414670	Q0VAK6	LMOD3_HUMAN
ENSP00000355162	Q8IY51	TIGD4_HUMAN
ENSP00000343521	Q8NGS1	OR1J4_HUMAN
ENSP00000368119	P07902	GALT_HUMAN
ENSP00000368199	A6NFU8	PGPIL_HUMAN
ENSP00000365019	Q9Y657	SPIN1_HUMAN
ENSP00000353942	Q8IY82	DRC7_HUMAN
ENSP00000335191	O75333	TBX10_HUMAN
ENSP00000497256	A0A3B3ISF6	A0A3B3ISF6_HUMAN
ENSP00000468354	Q8N6D5	ANR29_HUMAN
ENSP00000445688	E5RJM6	ANR65_HUMAN
ENSP00000386532	Q6ZVZ8	ASB18_HUMAN
ENSP00000356549	Q5VY09	IER5_HUMAN
ENSP00000386502	A6NGH8	ANR61_HUMAN
ENSP00000477695	Q5TYW2	A20A1_HUMAN
ENSP00000479693	Q5TI25	NBPFE_HUMAN
ENSP00000451792	G3V4G9	G3V4G9_HUMAN
ENSP00000368332	Q96QS3	ARX_HUMAN
ENSP00000484893	A0A0B4J2F0	PIOS1_HUMAN
ENSP00000319979	Q67FW5	QTGAL_HUMAN
ENSP00000359224	Q96F25	ALG14_HUMAN
ENSP00000462106	Q3B7S5	SMI21_HUMAN
ENSP00000455079	H3BNZ7	H3BNZ7_HUMAN
ENSP00000294818	Q8N7C0	LRC52_HUMAN
ENSP00000264605	Q9BV36	MELPH_HUMAN
ENSP00000489630	A0A8V8SAS4	A0A8V8SAS4_HUMAN
ENSP00000459551	A6NM11	L37A2_HUMAN
ENSP00000326324	A6NMS7	L37A1_HUMAN
ENSP00000373194	A6NET4	OR5K3_HUMAN
ENSP00000379571	Q96LB0	MRGX3_HUMAN
ENSP00000464535	O60309	L37A3_HUMAN
ENSP00000458791	Q6DWJ6	GP139_HUMAN
ENSP00000249041	O60755	GALR3_HUMAN
ENSP00000493340	Q8NGV6	OR5H6_HUMAN
ENSP00000376776	P09172	DOPO_HUMAN
ENSP00000343636	Q6UXV0	GFRAL_HUMAN
ENSP00000356584	Q8NFQ8	TOIP2_HUMAN
ENSP00000301408	P0DN86	CGB3_HUMAN
ENSP00000403649	P0DN86	CGB3_HUMAN
ENSP00000353893	Q8TCE9	PPL13_HUMAN
ENSP00000484710	A6NHQ4	EPOP_HUMAN
ENSP00000300006	Q96MC5	MERB1_HUMAN
ENSP00000326888	Q7Z4I7	LIMS2_HUMAN
ENSP00000493234	Q15615	OR4D1_HUMAN
ENSP00000341139	Q6ZUJ4	CC062_HUMAN
ENSP00000335651	A1L4K1	FSD2_HUMAN
ENSP00000388942	Q12765	SCRN1_HUMAN
ENSP00000328677	Q8TF44	C2C4C_HUMAN
ENSP00000258704	Q8NFV5	SPDE1_HUMAN
ENSP00000321132	Q86TJ5	ZN554_HUMAN
ENSP00000343635	Q6P9B6	MEAK7_HUMAN
ENSP00000452414	Q16825	PTN21_HUMAN
ENSP00000467107	Q6ZS11	RINL_HUMAN
ENSP00000307604	O15062	ZBTB5_HUMAN
ENSP00000327440	Q7Z5Y6	BMP8A_HUMAN
ENSP00000426741	B4DXG7	B4DXG7_HUMAN
ENSP00000362968	A2RUU4	COLL1_HUMAN
ENSP00000262134	Q7L5N7	PCAT2_HUMAN
ENSP00000493226	A6NHG9	O5H14_HUMAN
ENSP00000264554	P98077	SHC2_HUMAN
ENSP00000315370	Q6UWT4	CE046_HUMAN
ENSP00000427975	Q9H2T7	RBP17_HUMAN
ENSP00000332690	Q3LI64	KRA61_HUMAN
ENSP00000297324	Q96LL4	CH048_HUMAN
ENSP00000414884	Q96M11	HYLS1_HUMAN
ENSP00000319482	Q8IWE4	DCNL3_HUMAN
ENSP00000281146	Q8N1A6	CD033_HUMAN
ENSP00000319140	Q9UQ72	PSG11_HUMAN
ENSP00000465204	Q8N815	CNTD1_HUMAN
ENSP00000473370	A8MW99	MEI4_HUMAN
ENSP00000381005	P60328	KR123_HUMAN
ENSP00000264935	Q9P209	CEP72_HUMAN
ENSP00000458021	A0A087WT04	A0A087WT04_HUMAN
ENSP00000403683	Q96AH0	SOSB2_HUMAN
ENSP00000357889	A6NFZ4	FA24A_HUMAN
ENSP00000357256	Q6P1K2	PMF1_HUMAN
ENSP00000493157	Q8NGT7	O2A12_HUMAN
ENSP00000493242	Q8NGA6	O10H5_HUMAN
ENSP00000331209	Q9H0W9	BKGD_HUMAN
ENSP00000276127	Q8N123	CPXCR_HUMAN
ENSP00000369963	Q9NUB4	CT141_HUMAN
ENSP00000426067	Q0VDI3	TM267_HUMAN
ENSP00000252840	Q8N988	ZN557_HUMAN
ENSP00000400224	A0A0A0MSR7	A0A0A0MSR7_HUMAN
ENSP00000392252	A0A1C7CYW9	A0A1C7CYW9_HUMAN
ENSP00000431759	Q96N23	CFA54_HUMAN
ENSP00000335255	Q86XS5	ANGL5_HUMAN
ENSP00000274569	Q8NBM8	PCYXL_HUMAN
ENSP00000409315	Q96H35	RBM18_HUMAN
ENSP00000361599	Q8N300	SVBP_HUMAN
ENSP00000364978	O95867	LY66C_HUMAN
ENSP00000379566	Q8TD31	CCHCR_HUMAN
ENSP00000482954	P16471	PRLR_HUMAN
ENSP00000341412	Q6UQ28	PLET1_HUMAN
ENSP00000378072	Q8N8W4	PLPL1_HUMAN
ENSP00000366950	Q9BYQ4	KRA92_HUMAN
ENSP00000301263	Q14210	LY6D_HUMAN
ENSP00000382485	Q99935	PROL1_HUMAN
ENSP00000315383	Q53RT3	APRV1_HUMAN
ENSP00000493166	Q8NGG0	OR8J3_HUMAN
ENSP00000417182	E9PEI6	E9PEI6_HUMAN
ENSP00000362085	Q9BUW7	BBLN_HUMAN
ENSP00000355577	Q8IY50	S35F3_HUMAN
ENSP00000244930	O75556	SG2A1_HUMAN
ENSP00000257860	P41219	PERI_HUMAN
ENSP00000257776	Q96G30	MRAP2_HUMAN
ENSP00000359310	Q6PB30	CSAG1_HUMAN
ENSP00000490537	A8MYJ7	TTC34_HUMAN
ENSP00000360166	B1ATL7	PRR32_HUMAN
ENSP00000259939	Q7Z419	R144B_HUMAN
ENSP00000491070	A8MU93	CQ100_HUMAN
ENSP00000310688	Q9UBJ2	ABCD2_HUMAN
ENSP00000361770	Q8IYN2	TCAL8_HUMAN
ENSP00000412894	O95059	RPP14_HUMAN
ENSP00000481694	P0CK96	S352B_HUMAN
ENSP00000369618	Q7L8L6	FAKD5_HUMAN
ENSP00000485698	A0A0D9SEI0	A0A0D9SEI0_HUMAN
ENSP00000362268	Q6UXV4	MIC27_HUMAN
ENSP00000478886	Q8N4C9	CQ078_HUMAN
ENSP00000412763	Q5VYJ5	MALR1_HUMAN
ENSP00000335578	A6NJG6	ARGFX_HUMAN
ENSP00000228811	Q16378	PROL4_HUMAN
ENSP00000489624	A0A7I2V4K3	A0A7I2V4K3_HUMAN
ENSP00000428324	Q86V25	VASH2_HUMAN
ENSP00000356468	Q9Y6Y0	NS1BP_HUMAN
ENSP00000489890	A0A1B0GTY4	TEX50_HUMAN
ENSP00000381631	Q8N5S3	CMIP6_HUMAN
ENSP00000334974	A6NLC5	CC070_HUMAN
ENSP00000419194	Q1L6U9	MSMP_HUMAN
ENSP00000329565	A6NKU9	SPDE3_HUMAN
ENSP00000495424	Q8NBC4	CT203_HUMAN
ENSP00000491256	A8MXE2	B3GT9_HUMAN
ENSP00000360028	Q7RTV2	GSTA5_HUMAN
ENSP00000249064	Q8IWD4	CC117_HUMAN
ENSP00000342512	Q6P1S2	CC033_HUMAN
ENSP00000498584	A0A494C0J7	A0A494C0J7_HUMAN
ENSP00000350704	Q9NX04	AIRIM_HUMAN
ENSP00000491599	A0A1W2PPM1	CPHXL_HUMAN
ENSP00000296824	Q96BQ5	CC127_HUMAN
ENSP00000219837	Q1ED39	KNOP1_HUMAN
ENSP00000381859	Q96B49	TOM6_HUMAN
ENSP00000256544	Q9H079	KTBL1_HUMAN
ENSP00000328118	Q86YR7	MF2L2_HUMAN
ENSP00000383594	Q9NWH2	TM242_HUMAN
ENSP00000491197	A0A1W2PPK0	CPHL2_HUMAN
ENSP00000424501	P15515	HIS1_HUMAN
ENSP00000430325	Q86YL5	TDRP_HUMAN
ENSP00000344331	Q0P6D2	DIK1C_HUMAN
ENSP00000353377	Q68D86	C102B_HUMAN
ENSP00000357804	Q5T1C6	THEM4_HUMAN
ENSP00000417434	B4DFI2	B4DFI2_HUMAN
ENSP00000342254	A6NNL5	CO061_HUMAN
ENSP00000286307	P83369	LSM11_HUMAN
ENSP00000398596	Q96BW9	TAM41_HUMAN
ENSP00000476821	P60409	KR107_HUMAN
ENSP00000417517	H0Y858	H0Y858_HUMAN
ENSP00000334681	Q8IZN7	D107A_HUMAN
ENSP00000383398	Q30KQ5	DB115_HUMAN
ENSP00000351884	Q9NY87	SPNXC_HUMAN
ENSP00000311399	O14972	VP26C_HUMAN
ENSP00000334072	A6NML5	TM212_HUMAN
ENSP00000340427	Q7Z2K6	ERMP1_HUMAN
ENSP00000226460	Q99954	SMR3A_HUMAN
ENSP00000299481	Q86W24	NAL14_HUMAN
ENSP00000328069	Q6P5S2	LEG1H_HUMAN
ENSP00000257867	Q9GZZ8	LACRT_HUMAN
ENSP00000347810	Q8IZN7	D107A_HUMAN
ENSP00000335382	Q7Z7B8	DB128_HUMAN
ENSP00000363142	Q6UWJ8	C16L2_HUMAN
ENSP00000381703	Q30KQ7	DB113_HUMAN
ENSP00000283474	Q8TB05	UBAD1_HUMAN
ENSP00000312299	A6NGY1	FRG2C_HUMAN
ENSP00000465260	Q8N350	CBARP_HUMAN
ENSP00000455698	H3BQB6	STMD1_HUMAN
ENSP00000446688	Q96HM7	PED1B_HUMAN
ENSP00000375237	P0C7H8	KRA23_HUMAN
ENSP00000255608	Q9BX70	BTBD2_HUMAN
ENSP00000290291	Q9NZT2	OGFR_HUMAN
ENSP00000364498	O77932	DXO_HUMAN
ENSP00000319006	Q8IV32	CCD71_HUMAN
ENSP00000401310	Q96QU4	FRG2B_HUMAN
ENSP00000472152	M0R1W7	M0R1W7_HUMAN
ENSP00000482749	Q86WZ6	ZN227_HUMAN
ENSP00000370557	Q9H081	MIS12_HUMAN
ENSP00000384832	Q969W3	VCF1_HUMAN
ENSP00000371800	Q9Y6U7	RN215_HUMAN
ENSP00000318423	Q8NG48	LINES_HUMAN
ENSP00000358894	Q9H8M5	CNNM2_HUMAN
ENSP00000244221	Q9ULR5	PAI2B_HUMAN
ENSP00000421021	H0Y8G9	H0Y8G9_HUMAN
ENSP00000385610	Q5U5Q3	MEX3C_HUMAN
ENSP00000349147	Q9NRU3	CNNM1_HUMAN
ENSP00000464635	Q86W34	AMZ2_HUMAN
ENSP00000300811	Q96B54	ZN428_HUMAN
ENSP00000322469	Q5JPI3	CC038_HUMAN
ENSP00000305449	Q8NE01	CNNM3_HUMAN
ENSP00000278590	Q9C0D7	ZC12C_HUMAN
ENSP00000345420	Q6XD76	ASCL4_HUMAN
ENSP00000343377	Q5T9S5	CCD18_HUMAN
ENSP00000348472	Q7Z7A4	PXK_HUMAN
ENSP00000221671	Q9H6X5	CS044_HUMAN
ENSP00000351147	Q8WV16	DCAF4_HUMAN
ENSP00000324633	P81534	D103A_HUMAN
ENSP00000343818	Q96SN8	CK5P2_HUMAN
ENSP00000472914	M0R2Z9	M0R2Z9_HUMAN
ENSP00000464955	K7EIZ3	K7EIZ3_HUMAN
ENSP00000258173	Q9H6L2	TM231_HUMAN
ENSP00000355551	O60478	G137B_HUMAN
ENSP00000313159	Q9NWN3	FBX34_HUMAN
ENSP00000463361	P0DI80	ERLN_HUMAN
ENSP00000367185	Q6UWN5	LYPD5_HUMAN
ENSP00000489859	P0DN84	DWORF_HUMAN
ENSP00000479326	A6NNM3	RIM3B_HUMAN
ENSP00000389948	Q969T7	5NT3B_HUMAN
ENSP00000349281	Q7L311	ARMX2_HUMAN
ENSP00000326649	Q92902	HPS1_HUMAN
ENSP00000402153	Q1A5X6	IQCJ_HUMAN
ENSP00000391668	A4FU01	MTMRB_HUMAN
ENSP00000299045	Q8N4U5	T11L2_HUMAN
ENSP00000384515	Q9HBI1	PARVB_HUMAN
ENSP00000330426	P60827	C1QT8_HUMAN
ENSP00000458570	Q9Y5G9	PCDG4_HUMAN
ENSP00000376417	Q8NEN0	ARMC2_HUMAN
ENSP00000237536	O94964	MTCL2_HUMAN
ENSP00000488907	P0DMW3	SIML1_HUMAN
ENSP00000308354	Q6B0B8	TIGD3_HUMAN
ENSP00000333915	A6NFT4	CFA73_HUMAN
ENSP00000310631	Q8TDS7	MRGRD_HUMAN
ENSP00000253008	Q9H4Q4	PRD12_HUMAN
ENSP00000409318	Q9UIE0	ZN230_HUMAN
ENSP00000359219	Q96I82	KAZD1_HUMAN
ENSP00000278979	Q9H1R2	DUS15_HUMAN
ENSP00000329668	Q6S5L8	SHC4_HUMAN
ENSP00000369419	Q687X5	STEA4_HUMAN
ENSP00000419395	Q49AH0	CDNF_HUMAN
ENSP00000314116	Q6UX40	TM107_HUMAN
ENSP00000360455	P0C7M4	RHF2B_HUMAN
ENSP00000291592	Q9BY71	LRRC3_HUMAN
ENSP00000443985	Q7Z5Q1	CPEB2_HUMAN
ENSP00000352962	Q6T4P5	PLPR3_HUMAN
ENSP00000220822	Q8TB36	GDAP1_HUMAN
ENSP00000348460	Q8IXF0	NPAS3_HUMAN
ENSP00000454268	P59773	MNARL_HUMAN
ENSP00000369729	Q8NGJ7	O51A2_HUMAN
ENSP00000339067	Q8TAT2	FGFP3_HUMAN
ENSP00000322939	Q8NGI3	O56B1_HUMAN
ENSP00000310255	Q8TDT2	GP152_HUMAN
ENSP00000355198	O15480	MAGB3_HUMAN
ENSP00000362272	Q7Z353	HDX_HUMAN
ENSP00000358862	Q9BYE7	PCGF6_HUMAN
ENSP00000361716	Q8WXH6	RB40A_HUMAN
ENSP00000215912	Q96FE7	P3IP1_HUMAN
ENSP00000501026	A0A669KAY5	A0A669KAY5_HUMAN
ENSP00000426691	D6RF30	GOG8K_HUMAN
ENSP00000328347	Q1W6H9	F110C_HUMAN
ENSP00000354891	Q96GL9	F163A_HUMAN
ENSP00000248072	O60412	OR7C2_HUMAN
ENSP00000299308	Q14DG7	T132B_HUMAN
ENSP00000381036	Q8N7X0	ADGB_HUMAN
ENSP00000259199	Q8IUF1	ZNG1B_HUMAN
ENSP00000299338	Q96M60	F227B_HUMAN
ENSP00000265707	Q9Y3Q7	ADA18_HUMAN
ENSP00000493103	P34982	OR1D2_HUMAN
ENSP00000492959	O95918	OR2H2_HUMAN
ENSP00000369238	Q8TC27	ADA32_HUMAN
ENSP00000360696	Q6JVE5	LCN12_HUMAN
ENSP00000329584	Q8IXM7	CMA1C_HUMAN
ENSP00000346414	A6PVS8	LRIQ3_HUMAN
ENSP00000425996	E0CX11	STMP1_HUMAN
ENSP00000370997	Q96LR7	CMIP5_HUMAN
ENSP00000363317	Q68DX3	FRPD2_HUMAN
ENSP00000356093	Q6ZWK4	RHEX_HUMAN
ENSP00000497443	A0A3B3ISS9	A0A3B3ISS9_HUMAN
ENSP00000309524	Q14406	CSHL_HUMAN
ENSP00000371846	O75398	DEAF1_HUMAN
ENSP00000401498	C9JXX5	FREY_HUMAN
ENSP00000371927	Q96P69	GPR78_HUMAN
ENSP00000322924	P30939	5HT1F_HUMAN
ENSP00000371234	Q717R9	CYS1_HUMAN
ENSP00000298440	Q96P68	OXGR1_HUMAN
ENSP00000371040	P04090	REL2_HUMAN
ENSP00000493016	Q9H344	O51I2_HUMAN
ENSP00000316137	Q6PGQ1	DRIC1_HUMAN
ENSP00000432561	P15516	HIS3_HUMAN
ENSP00000284694	Q96M02	CJ090_HUMAN
ENSP00000460602	Q9H9K5	MER34_HUMAN
ENSP00000376608	Q4AE62	QTMAN_HUMAN
ENSP00000377381	Q8WUN7	UBTD2_HUMAN
ENSP00000447879	P86452	ZBED6_HUMAN
ENSP00000387027	A6NGY3	CE052_HUMAN
ENSP00000402092	Q8N6K7	SAMD3_HUMAN
ENSP00000311521	Q9ULM2	ZN490_HUMAN
ENSP00000269834	Q96PE6	ZIM3_HUMAN
ENSP00000412999	Q5CZA5	ZN805_HUMAN
ENSP00000359768	Q9HCI6	K1586_HUMAN
ENSP00000382101	A6NJ64	NPIB2_HUMAN
ENSP00000336587	Q86X02	CDR2L_HUMAN
ENSP00000415027	A6NNT2	CP096_HUMAN
ENSP00000391504	Q0VFZ6	CF210_HUMAN
ENSP00000263095	O43296	ZN264_HUMAN
ENSP00000327143	Q96LW1	Z354B_HUMAN
ENSP00000440038	Q8N8B7	TEANC_HUMAN
ENSP00000298892	Q6IMN6	CAPR2_HUMAN
ENSP00000479362	A6NI86	GG6LA_HUMAN
ENSP00000337081	Q9UJU3	ZN112_HUMAN
ENSP00000329264	Q6ZS27	ZN662_HUMAN
ENSP00000322545	Q08ER8	ZN543_HUMAN
ENSP00000300101	O15060	ZBT39_HUMAN
ENSP00000332215	Q16557	PSG3_HUMAN
ENSP00000366384	Q5JNZ3	ZN311_HUMAN
ENSP00000315664	P17022	ZNF18_HUMAN
ENSP00000477716	P17098	ZNF8_HUMAN
ENSP00000362563	O43298	ZBT43_HUMAN
ENSP00000447597	F8W0I5	NPB12_HUMAN
ENSP00000421917	Q12766	HMGX3_HUMAN
ENSP00000401947	Q9UK11	ZN223_HUMAN
ENSP00000370908	P0DXC3	NPIA6_HUMAN
ENSP00000411032	Q2VY69	ZN284_HUMAN
ENSP00000469926	M0QYM2	M0QYM2_HUMAN
ENSP00000244576	Q9UJN7	ZN391_HUMAN
ENSP00000321812	Q68DI1	ZN776_HUMAN
ENSP00000338807	Q6ZSB9	ZBT49_HUMAN
ENSP00000325895	Q495B1	AKD1A_HUMAN
ENSP00000388094	C9JBD0	KRBD1_HUMAN
ENSP00000389275	A0A0B4J1W7	NPIA9_HUMAN
ENSP00000409652	Q5HY98	ZN766_HUMAN
ENSP00000472867	Q3SY52	ZIK1_HUMAN
ENSP00000417192	P51504	ZNF80_HUMAN
ENSP00000471613	M0R135	M0R135_HUMAN
ENSP00000446902	A0AAK2S2Q9	A0AAK2S2Q9_HUMAN
ENSP00000337555	Q8NEK5	ZN548_HUMAN
ENSP00000498010	A0A3B3ITR4	A0A3B3ITR4_HUMAN
ENSP00000387176	P0CG39	POTEJ_HUMAN
ENSP00000340445	Q658L1	SAXO2_HUMAN
ENSP00000492446	A0A1W2PRQ8	A0A1W2PRQ8_HUMAN
ENSP00000262894	Q9UK10	ZN225_HUMAN
ENSP00000331643	Q6P3X8	PGBD2_HUMAN
ENSP00000501025	Q9H5J0	ZBTB3_HUMAN
ENSP00000490245	A0A1B0GUU1	CQ113_HUMAN
ENSP00000464218	Q9HBT8	Z286A_HUMAN
ENSP00000305077	Q8NDP4	ZN439_HUMAN
ENSP00000309161	Q9BX82	ZN471_HUMAN
ENSP00000480106	Q6ZW97	Q6ZW97_HUMAN
ENSP00000344162	P52737	ZN136_HUMAN
ENSP00000397942	C9J4A7	C9J4A7_HUMAN
ENSP00000415207	I3L0I5	I3L0I5_HUMAN
ENSP00000343617	Q8WXB4	ZN606_HUMAN
ENSP00000383922	Q8N9Z0	ZN610_HUMAN
ENSP00000223459	P0C7X2	ZN688_HUMAN
ENSP00000412150	Q6ZUS5	CC121_HUMAN
ENSP00000282282	Q8IVP9	ZN547_HUMAN
ENSP00000270001	Q9HCL3	ZFP14_HUMAN
ENSP00000257894	Q8IYM0	F186B_HUMAN
ENSP00000437590	A8MT65	ZN891_HUMAN
ENSP00000375593	Q9BUG6	ZSA5A_HUMAN
ENSP00000375822	Q9UK12	ZN222_HUMAN
ENSP00000454770	B4E2M5	ANR66_HUMAN
ENSP00000435234	A6NGD5	ZSA5C_HUMAN
ENSP00000333980	O43361	ZN749_HUMAN
ENSP00000266263	Q9UDX5	MTFP1_HUMAN
ENSP00000489024	A0A0U1RQI7	KLF18_HUMAN
ENSP00000435325	P0DM63	NPIA8_HUMAN
ENSP00000481733	B4DUA7	B4DUA7_HUMAN
ENSP00000448841	F8WFD2	NPIA3_HUMAN
ENSP00000434399	E9PQR5	NPIB8_HUMAN
ENSP00000367644	Q9NU02	ANKE1_HUMAN
ENSP00000364430	Q6BEB4	SP5_HUMAN
ENSP00000329995	A6NE01	F186A_HUMAN
ENSP00000366527	Q9H4T2	ZSC16_HUMAN
ENSP00000466072	A6NJL1	ZSA5B_HUMAN
ENSP00000476225	U3KQU4	U3KQU4_HUMAN
ENSP00000497154	Q5T5D7	ZN684_HUMAN
ENSP00000363530	Q5TH74	STPG1_HUMAN
ENSP00000332449	P50238	CRIP1_HUMAN
ENSP00000371408	Q8IY42	PGKA1_HUMAN
ENSP00000304435	Q15884	EREP1_HUMAN
ENSP00000414786	Q6YI46	TMM64_HUMAN
ENSP00000290871	Q6URK8	SMIP8_HUMAN
ENSP00000385118	Q569H4	LARGN_HUMAN
ENSP00000501139	Q8IYJ2	CJ067_HUMAN
ENSP00000357409	Q5T1A1	DCST2_HUMAN
ENSP00000401335	A8MZG2	CP090_HUMAN
ENSP00000478766	A0A087WUM3	A0A087WUM3_HUMAN
ENSP00000493385	Q8N628	OR2C3_HUMAN
ENSP00000432743	Q9HCN2	TPIP1_HUMAN
ENSP00000370430	P41247	PLPL4_HUMAN
ENSP00000376848	Q86XR5	PRIMA_HUMAN
ENSP00000251108	Q9BWV3	CDAC1_HUMAN
ENSP00000470059	M0QYT0	M0QYT0_HUMAN
ENSP00000263177	Q32ZL2	PLPR5_HUMAN
ENSP00000417061	Q9C0B2	CFA74_HUMAN
ENSP00000367664	Q8NH83	OR4A5_HUMAN
ENSP00000334418	Q96R67	OR4CC_HUMAN
ENSP00000389554	B7Z1M9	C2D4D_HUMAN
ENSP00000407763	Q5T0U0	CC122_HUMAN
ENSP00000492892	Q5JQS5	OR2BB_HUMAN
ENSP00000442793	Q3B7T3	BEAN1_HUMAN
ENSP00000475025	S4R434	S4R434_HUMAN
ENSP00000478671	Q96NU0	CNT3B_HUMAN
ENSP00000344865	Q5TBE3	CI153_HUMAN
ENSP00000488643	P0DMW4	SIL2A_HUMAN
ENSP00000356395	Q02985	FHR3_HUMAN
ENSP00000238628	Q96FT9	IFT43_HUMAN
ENSP00000330746	Q3LI61	KR202_HUMAN
ENSP00000394282	Q6IEY1	OR4F3_HUMAN
ENSP00000439937	Q9NSC5	HOME3_HUMAN
ENSP00000364118	Q6P1R3	MSD2_HUMAN
ENSP00000319796	A6NH21	SERC4_HUMAN
ENSP00000339161	Q96BJ3	AIDA_HUMAN
ENSP00000296438	Q6X9E4	FBW12_HUMAN
ENSP00000279101	Q9BTV7	CABL2_HUMAN
ENSP00000377690	Q5W5X9	TTC23_HUMAN
ENSP00000380054	Q96JC9	EAF1_HUMAN
ENSP00000498136	Q7Z3E2	CC186_HUMAN
ENSP00000365959	B7Z1P2	B7Z1P2_HUMAN
ENSP00000351157	Q96J42	TXD15_HUMAN
ENSP00000415178	H7C417	H7C417_HUMAN
ENSP00000381541	Q6L8G4	KR511_HUMAN
ENSP00000321519	Q8NEA5	CS018_HUMAN
ENSP00000480314	Q86XI8	ZSWM9_HUMAN
ENSP00000359782	Q5SZJ8	BEND6_HUMAN
ENSP00000485240	Q8NGP9	O5AR1_HUMAN
ENSP00000331012	Q5SQS8	CJ120_HUMAN
ENSP00000317000	Q9BZW5	TM6S1_HUMAN
ENSP00000288087	Q86V88	MGDP1_HUMAN
ENSP00000368737	Q5T4T1	T170B_HUMAN
ENSP00000294543	Q5TGY1	TMCO4_HUMAN
ENSP00000442756	Q9H0Q3	FXYD6_HUMAN
ENSP00000384040	Q96PX6	CC85A_HUMAN
ENSP00000454404	Q8WVE7	T170A_HUMAN
ENSP00000490280	A0A1B0GUX0	SMIP1_HUMAN
ENSP00000417711	Q6ZU69	S31F1_HUMAN
ENSP00000294829	Q8IYT1	GAR4_HUMAN
ENSP00000359534	Q5MJ09	SPXN3_HUMAN
ENSP00000470185	Q5HYN5	CT451_HUMAN
ENSP00000359550	Q9NS26	SPNXA_HUMAN
ENSP00000405210	Q5MJ08	SPXN4_HUMAN
ENSP00000469394	O60224	SSX4_HUMAN
ENSP00000470584	Q5MJ10	SPXN2_HUMAN
ENSP00000490274	A0A1B0GUW6	SPEM3_HUMAN
ENSP00000462259	J3KS16	J3KS16_HUMAN
ENSP00000373948	A5D8W1	CFA69_HUMAN
ENSP00000490013	C9J3I9	CE058_HUMAN
ENSP00000419249	A6NNX1	RIAD1_HUMAN
ENSP00000469011	O60224	SSX4_HUMAN
ENSP00000472421	Q6IPT2	GAR5A_HUMAN
ENSP00000298181	Q7RTT5	SSX7_HUMAN
ENSP00000368264	P43366	MAGB1_HUMAN
ENSP00000487971	Q9BQK8	LPIN3_HUMAN
ENSP00000261058	Q8NEL0	CCD54_HUMAN
ENSP00000382684	Q8TCY5	MRAP_HUMAN
ENSP00000279058	Q6UDR6	SPIT4_HUMAN
ENSP00000337513	Q9HD15	SRA1_HUMAN
ENSP00000332806	Q9NT22	EMIL3_HUMAN
ENSP00000417601	Q9UKC9	FBXL2_HUMAN
ENSP00000485238	A0AVI2	FR1L5_HUMAN
ENSP00000352540	P54851	EMP2_HUMAN
ENSP00000216602	Q9BQ24	ZFY21_HUMAN
ENSP00000414721	Q9NX94	WBP1L_HUMAN
ENSP00000342609	Q5QJU3	ACER2_HUMAN
ENSP00000400839	Q8TBE7	S35G2_HUMAN
ENSP00000348828	Q96DR7	ARHGQ_HUMAN
ENSP00000344749	Q494V2	CP100_HUMAN
ENSP00000378077	Q9Y5H1	PCDG2_HUMAN
ENSP00000417955	Q502W6	VWA3B_HUMAN
ENSP00000440905	Q9C0E8	LNP_HUMAN
ENSP00000396648	Q6ZRP0	PR23C_HUMAN
ENSP00000350050	Q8NBD8	T229B_HUMAN
ENSP00000395244	B2RXF0	T229A_HUMAN
ENSP00000361311	Q6P2H8	TMM53_HUMAN
ENSP00000342162	A6NGB7	TM221_HUMAN
ENSP00000472415	M0R296	M0R296_HUMAN
ENSP00000298854	Q13702	RAPSN_HUMAN
ENSP00000361338	Q8NBV4	PLPP7_HUMAN
ENSP00000315106	Q8N3F9	G137C_HUMAN
ENSP00000306822	Q9NQS1	AVEN_HUMAN
ENSP00000419417	Q8N6N3	CA052_HUMAN
ENSP00000396234	Q8N2C3	DEPD4_HUMAN
ENSP00000376615	Q86UY8	NT5D3_HUMAN
ENSP00000319597	O75971	SNPC5_HUMAN
ENSP00000484580	P41236	IPP2_HUMAN
ENSP00000406598	Q9NWY4	HPF1_HUMAN
ENSP00000276704	Q96K31	CH076_HUMAN
ENSP00000241051	Q96QD5	DEPD7_HUMAN
ENSP00000273390	Q7Z4T9	CFA91_HUMAN
ENSP00000344285	Q3C1V8	BSH_HUMAN
ENSP00000277309	Q8NGR3	OR1K1_HUMAN
ENSP00000493299	A6NND4	O2AT4_HUMAN
ENSP00000325203	Q8NGN1	OR6T1_HUMAN
ENSP00000424497	Q8TEC5	SH3R2_HUMAN
ENSP00000489944	A0A1B0GU33	TEX53_HUMAN
ENSP00000309673	Q6IF63	O52W1_HUMAN
ENSP00000344907	Q9H114	CSTL1_HUMAN
ENSP00000374273	Q68DQ2	CRBG3_HUMAN
ENSP00000493010	Q8NGE8	OR4D9_HUMAN
ENSP00000304235	A0A0C4DFP2	A0A0C4DFP2_HUMAN
ENSP00000284142	Q8WXJ9	ASB17_HUMAN
ENSP00000296252	Q8WWY8	LIPH_HUMAN
ENSP00000350734	Q8TDW4	ST7L_HUMAN
ENSP00000454340	H3BMD7	H3BMD7_HUMAN
ENSP00000482374	Q9H6K5	PRR36_HUMAN
ENSP00000385096	Q8N5Z5	KCD17_HUMAN
ENSP00000264245	Q2M1Z3	RHG31_HUMAN
ENSP00000415517	Q5SRN2	TSBP1_HUMAN
ENSP00000357966	E5RFY4	E5RFY4_HUMAN
ENSP00000484176	A5D8T8	CL18A_HUMAN
ENSP00000366945	Q9H1U9	S2551_HUMAN
ENSP00000411268	Q5T5X7	BEND3_HUMAN
ENSP00000358358	Q969M2	CXA10_HUMAN
ENSP00000280571	Q969X0	RIPL2_HUMAN
ENSP00000284268	Q9HCJ1	ANKH_HUMAN
ENSP00000499734	A0A590UK80	A0A590UK80_HUMAN
ENSP00000364526	Q9P266	JCAD_HUMAN
ENSP00000492367	Q56P42	PYDC2_HUMAN
ENSP00000491327	A0A1W2PPC1	A0A1W2PPC1_HUMAN
ENSP00000470652	Q96K37	S35E1_HUMAN
ENSP00000342336	Q6UWF9	F180A_HUMAN
ENSP00000384616	Q6UXD7	S49A3_HUMAN
ENSP00000338627	Q9GZN6	S6A16_HUMAN
ENSP00000273861	Q96EP9	NTCP4_HUMAN
ENSP00000339626	Q6ICL7	S35E4_HUMAN
ENSP00000317175	A6NEE1	PLHD1_HUMAN
ENSP00000284617	Q6IQ19	CCSAP_HUMAN
ENSP00000319511	Q8NGD3	OR4K5_HUMAN
ENSP00000493205	Q8NGD4	OR4K1_HUMAN
ENSP00000493137	P58180	OR4D2_HUMAN
ENSP00000309402	Q8N609	TR1L1_HUMAN
ENSP00000312403	Q8NGV0	OR2Y1_HUMAN
ENSP00000493007	Q8NGD2	OR4K2_HUMAN
ENSP00000364561	Q5T036	F120S_HUMAN
ENSP00000417330	Q6L8G8	KRA57_HUMAN
ENSP00000240364	Q9C073	F117A_HUMAN
ENSP00000352626	Q8NGY2	OR6K2_HUMAN
ENSP00000429018	Q9Y5G2	PCDGE_HUMAN
ENSP00000384290	Q8WVS4	DC2I1_HUMAN
ENSP00000356590	Q5T1B0	AXDN1_HUMAN
ENSP00000387209	Q96LK0	CEP19_HUMAN
ENSP00000355432	A3KFT3	OR2M5_HUMAN
ENSP00000243578	Q9BPU9	B9D2_HUMAN
ENSP00000261499	Q9UPM9	B9D1_HUMAN
ENSP00000307181	Q9BTL3	RAMAC_HUMAN
ENSP00000443410	Q8NEK8	TET5D_HUMAN
ENSP00000385098	Q96Q35	FACC1_HUMAN
ENSP00000365395	Q5VUY2	ADCL4_HUMAN
ENSP00000414909	A0AAG2QDU5	A0AAG2QDU5_HUMAN
ENSP00000487221	Q7Z309	PBIR2_HUMAN
ENSP00000315081	Q8N112	LSME2_HUMAN
ENSP00000351466	Q9NZP5	O5AC2_HUMAN
ENSP00000388723	C9JR72	KBTBD_HUMAN
ENSP00000294600	Q2M243	CCD27_HUMAN
ENSP00000215061	Q9H607	OCEL1_HUMAN
ENSP00000489784	A0A2U3TZT1	A0A2U3TZT1_HUMAN
ENSP00000216471	Q9P1V8	SAM15_HUMAN
ENSP00000379025	Q5XX13	FBW10_HUMAN
ENSP00000477017	Q71RC9	SMIM5_HUMAN
ENSP00000389015	P0C263	SBK2_HUMAN
ENSP00000374113	F5GXR3	F5GXR3_HUMAN
ENSP00000411372	Q8TCP9	F200A_HUMAN
ENSP00000366331	P35410	MAS1L_HUMAN
ENSP00000379310	F8W8F9	F8W8F9_HUMAN
ENSP00000375234	Q9BYQ8	KRA49_HUMAN
ENSP00000335675	Q8N945	PRLD2_HUMAN
ENSP00000332162	Q8NEQ6	SRARP_HUMAN
ENSP00000328270	Q9BYQ5	KRA46_HUMAN
ENSP00000331691	Q5U649	CL060_HUMAN
ENSP00000362314	Q13542	4EBP2_HUMAN
ENSP00000492971	Q6IEV9	OR4CB_HUMAN
ENSP00000381489	Q9BYQ7	KRA41_HUMAN
ENSP00000328444	Q9BYQ9	KRA48_HUMAN
ENSP00000375076	Q9BYR3	KRA44_HUMAN
ENSP00000421048	Q1W4C9	ISK13_HUMAN
ENSP00000313936	Q8NHA4	O2AE1_HUMAN
ENSP00000364501	Q6UXZ3	CLM5_HUMAN
ENSP00000442157	Q8IYJ0	PIANP_HUMAN
ENSP00000430271	Q6ZN32	ETV3L_HUMAN
ENSP00000349459	Q6IE38	ISK14_HUMAN
ENSP00000308472	O60516	4EBP3_HUMAN
ENSP00000407087	Q9H841	NPAL2_HUMAN
ENSP00000357811	Q5VZQ5	TEX36_HUMAN
ENSP00000379669	Q2QL34	MP17L_HUMAN
ENSP00000371872	Q96KT7	S35G5_HUMAN
ENSP00000490716	A0A1B0GVZ9	TM269_HUMAN
ENSP00000296721	Q8TED9	AF1L1_HUMAN
ENSP00000382584	Q701N2	KRA55_HUMAN
ENSP00000389237	Q96M43	NBPF4_HUMAN
ENSP00000481542	B4DH59	NBPFP_HUMAN
ENSP00000488251	Q6ZUB0	S31D4_HUMAN
ENSP00000490626	A0A1B0GVR7	F240C_HUMAN
ENSP00000413728	A8MTZ7	CL071_HUMAN
ENSP00000341988	Q6ZQQ2	S31D1_HUMAN
ENSP00000488117	P0C874	S31D3_HUMAN
ENSP00000478388	Q8N6N6	NATD1_HUMAN
ENSP00000498781	A0A087WUL8	NBPFJ_HUMAN
ENSP00000390407	A2RRL7	TM213_HUMAN
ENSP00000380053	A8MZ59	LEUTX_HUMAN
ENSP00000385443	P0C881	R10B1_HUMAN
ENSP00000488696	A0A0J9YY54	TX13D_HUMAN
ENSP00000343891	Q86W25	NAL13_HUMAN
ENSP00000384766	B2RC85	R10B2_HUMAN
ENSP00000488022	A0A0J9YWL9	TX13C_HUMAN
ENSP00000417277	Q5VWK0	NBPF6_HUMAN
ENSP00000355752	Q69YW2	STUM_HUMAN
ENSP00000461865	I3NI40	I3NI40_HUMAN
ENSP00000372206	Q8WVE0	EFMT1_HUMAN
ENSP00000474988	P0DKB5	TPBGL_HUMAN
ENSP00000294635	A6NM62	LRC53_HUMAN
ENSP00000338352	Q9NZJ9	NUDT4_HUMAN
ENSP00000355736	Q8IZS6	DYLT2_HUMAN
ENSP00000430918	Q8IVY1	CA210_HUMAN
ENSP00000406164	A6NCL1	GEMC1_HUMAN
ENSP00000493181	Q8NGE1	OR6C4_HUMAN
ENSP00000288710	Q96MC2	DRC1_HUMAN
ENSP00000493790	H3BUS4	H3BUS4_HUMAN
ENSP00000384971	A6NJI9	LRC72_HUMAN
ENSP00000493043	Q8NGE2	O2AP1_HUMAN
ENSP00000342499	Q5T7W7	TSTD2_HUMAN
ENSP00000353538	Q9C099	LRCC1_HUMAN
ENSP00000409373	P0C7M6	IQCF3_HUMAN
ENSP00000492425	A0A024RBG1	NUD4B_HUMAN
ENSP00000294664	Q8IWG1	DNAI3_HUMAN
ENSP00000490609	A0A1B0GVQ3	CC200_HUMAN
ENSP00000296096	Q7RTU1	TCF23_HUMAN
ENSP00000311398	Q8TDE3	RNAS8_HUMAN
ENSP00000368273	O15479	MAGB2_HUMAN
ENSP00000363226	Q8N6V4	CJ053_HUMAN
ENSP00000257836	Q9BZD6	TMG4_HUMAN
ENSP00000276185	Q5JV73	FRPD3_HUMAN
ENSP00000300303	Q8N8M0	NAT16_HUMAN
ENSP00000428603	Q9Y5F9	PCDGI_HUMAN
ENSP00000473056	M0R384	M0R384_HUMAN
ENSP00000493190	Q8NH56	O52N5_HUMAN
ENSP00000364766	Q9HD64	XAGE1_HUMAN
ENSP00000261275	O60320	EREP2_HUMAN
ENSP00000491923	A8MYZ0	MIY4B_HUMAN
ENSP00000283141	Q5T4T6	SYC2L_HUMAN
ENSP00000413218	A0A0A0MT35	A0A0A0MT35_HUMAN
ENSP00000366070	Q5EBL4	RIPL1_HUMAN
ENSP00000444134	Q8NGA0	OR7G1_HUMAN
ENSP00000492439	A0A0G2JMD5	PRA33_HUMAN
ENSP00000392936	A6NLU0	RFPLA_HUMAN
ENSP00000365269	Q5SWL8	PRA19_HUMAN
ENSP00000242819	Q6NSX1	CCD70_HUMAN
ENSP00000368304	Q96LZ2	MAGBA_HUMAN
ENSP00000485473	Q5VWM3	PRA18_HUMAN
ENSP00000340519	Q96QE4	LR37B_HUMAN
ENSP00000345151	F8VTS6	RFAL1_HUMAN
ENSP00000367359	Q9GZU0	CF062_HUMAN
ENSP00000490566	A6NJY4	T238L_HUMAN
ENSP00000325301	Q6NVV7	CDPF1_HUMAN
ENSP00000494172	A0A2R8Y4M4	A0A2R8Y4M4_HUMAN
ENSP00000381611	Q9Y5H3	PCDGA_HUMAN
ENSP00000314543	Q96M61	MAGBI_HUMAN
ENSP00000396593	A2CJ06	DYTN_HUMAN
ENSP00000297203	Q8TBZ9	TEX47_HUMAN
ENSP00000374482	Q86SM8	MRGRE_HUMAN
ENSP00000499172	A0A494BZU4	T217B_HUMAN
ENSP00000464231	Q3KQZ1	S2535_HUMAN
ENSP00000338164	Q8N7C4	TM217_HUMAN
ENSP00000391549	Q96E16	SMI19_HUMAN
ENSP00000476141	P0DM35	M1BL1_HUMAN
ENSP00000334998	P07438	MT1B_HUMAN
ENSP00000255087	Q9Y4I5	MTL5_HUMAN
ENSP00000305970	Q8NGN0	OR4D5_HUMAN
ENSP00000286049	Q96GT9	XAGE2_HUMAN
ENSP00000289166	Q96A09	TET5B_HUMAN
ENSP00000361199	Q6UWK7	GP15L_HUMAN
ENSP00000357927	Q7Z465	BNIPL_HUMAN
ENSP00000384950	A0A0C4DG03	A0A0C4DG03_HUMAN
ENSP00000314042	Q96LA9	MRGX4_HUMAN
ENSP00000352173	Q9HBJ0	PLAC1_HUMAN
ENSP00000376141	Q6ZSS7	MFSD6_HUMAN
ENSP00000416033	E7EW31	PROB1_HUMAN
ENSP00000297423	Q14159	SPIDR_HUMAN
ENSP00000360320	Q3ZCV2	CMAP2_HUMAN
ENSP00000383396	Q30KQ4	DB116_HUMAN
ENSP00000327796	Q3SXM0	DC4L1_HUMAN
ENSP00000382508	Q9H305	CDIP1_HUMAN
ENSP00000375109	Q3SY46	KR133_HUMAN
ENSP00000471017	P43362	MAGA9_HUMAN
ENSP00000381377	A0A0A6YYH1	A0A0A6YYH1_HUMAN
ENSP00000350075	Q7Z6K5	ARPIN_HUMAN
ENSP00000248306	Q8N6Q8	MET25_HUMAN
ENSP00000299320	Q8IYS4	DAAF8_HUMAN
ENSP00000496010	A0A2R8YEZ0	A0A2R8YEZ0_HUMAN
ENSP00000462154	Q9P281	BAHC1_HUMAN
ENSP00000449002	B2RN74	O11HC_HUMAN
ENSP00000485316	A0A096LP01	SIM26_HUMAN
ENSP00000448073	F8VU11	F8VU11_HUMAN
ENSP00000398401	Q5BKY9	F133B_HUMAN
ENSP00000329794	Q9BRU2	TCAL7_HUMAN
ENSP00000378733	Q53QV2	LBH_HUMAN
ENSP00000362273	Q9NX46	ADPRS_HUMAN
ENSP00000356746	Q8IZE3	PACE1_HUMAN
ENSP00000328487	Q9NVE4	CCD87_HUMAN
ENSP00000454021	A0A0A6YYL0	A0A0A6YYL0_HUMAN
ENSP00000329557	A2RUT3	TMM89_HUMAN
ENSP00000425786	Q6V702	CF299_HUMAN
ENSP00000373669	Q96GS4	BORC6_HUMAN
ENSP00000480079	A0AAG2SWV4	A0AAG2SWV4_HUMAN
ENSP00000259357	Q8NGS3	OR1J1_HUMAN
ENSP00000425582	D6RCP7	U17LJ_HUMAN
ENSP00000401076	F8WEQ3	F8WEQ3_HUMAN
ENSP00000248929	Q96HU1	SGSM3_HUMAN
ENSP00000285697	Q6PH81	CP087_HUMAN
ENSP00000438244	D3W0D1	KLRF2_HUMAN
ENSP00000435634	Q6P1W5	CA094_HUMAN
ENSP00000262283	I6L893	I6L893_HUMAN
ENSP00000357507	Q9BWL3	LTAP1_HUMAN
ENSP00000489704	A0A1B0GTH6	CS2IP_HUMAN
ENSP00000453153	Q8IZY5	BLID_HUMAN
ENSP00000397435	Q15714	T22D1_HUMAN
ENSP00000384597	Q9UNN4	TF2AY_HUMAN
ENSP00000448753	Q96LU7	MRFL_HUMAN
ENSP00000454012	F5GYI3	UBA1L_HUMAN
ENSP00000352284	Q8IV31	TM139_HUMAN
ENSP00000489939	A0A1B0GU29	SIM28_HUMAN
ENSP00000387075	Q86V40	TIKI1_HUMAN
ENSP00000323155	Q8N907	DAND5_HUMAN
ENSP00000389900	Q92564	DCNL4_HUMAN
ENSP00000373360	Q6UXB0	F131A_HUMAN
ENSP00000451145	A0A0A6YYK5	A0A0A6YYK5_HUMAN
ENSP00000284476	Q96F81	DISP1_HUMAN
ENSP00000371529	Q6IC83	CV042_HUMAN
ENSP00000313324	F5H4A9	CC080_HUMAN
ENSP00000259953	Q8IXM6	NRM_HUMAN
ENSP00000329943	Q1X8D7	LRC36_HUMAN
ENSP00000408132	A6NDN3	GOG6B_HUMAN
ENSP00000457205	Q2T9L4	INSY1_HUMAN
ENSP00000369840	Q8N6G2	TEX26_HUMAN
ENSP00000333350	Q9Y4A0	JERKL_HUMAN
ENSP00000320560	Q8NGH3	OR2D3_HUMAN
ENSP00000417706	Q6PH85	DCNL2_HUMAN
ENSP00000458130	P0DX53	GOG8G_HUMAN
ENSP00000458130	A0A0G2JP48	A0A0G2JP48_HUMAN
ENSP00000380153	Q9H255	O51E2_HUMAN
ENSP00000429763	Q6ZSG2	INSY2_HUMAN
ENSP00000496982	A0A3B3IRZ5	A0A3B3IRZ5_HUMAN
ENSP00000364382	Q7RTV5	PXL2C_HUMAN
ENSP00000373594	Q2M3C6	TM266_HUMAN
ENSP00000396918	Q8TCY9	URGCP_HUMAN
ENSP00000493323	Q8NGK0	O51G2_HUMAN
ENSP00000462172	Q15053	K0040_HUMAN
ENSP00000305424	O43749	OR1F1_HUMAN
ENSP00000249044	Q9BWW9	APOL5_HUMAN
ENSP00000365362	P59942	MCCD1_HUMAN
ENSP00000470813	P0DN87	CGB7_HUMAN
ENSP00000383225	P60372	KR104_HUMAN
ENSP00000356135	Q6P7N7	TMM81_HUMAN
ENSP00000375478	P60369	KR103_HUMAN
ENSP00000381009	P60411	KR109_HUMAN
ENSP00000302867	Q8NG95	OR7G3_HUMAN
ENSP00000388275	Q8NEM8	CBPC3_HUMAN
ENSP00000334197	P60412	KR10B_HUMAN
ENSP00000272438	Q6UWH6	TX261_HUMAN
ENSP00000326232	Q9H346	O52D1_HUMAN
ENSP00000490942	Q9P242	NYAP2_HUMAN
ENSP00000335006	Q5TA76	LCE3A_HUMAN
ENSP00000420132	Q9NRY7	PLS2_HUMAN
ENSP00000406026	Q6ZV89	SH2D5_HUMAN
ENSP00000309794	Q8TBP0	TBC16_HUMAN
ENSP00000355260	Q8TAE6	PP14C_HUMAN
ENSP00000354919	Q14D04	MELT_HUMAN
ENSP00000366926	Q6B9Z1	IGFL4_HUMAN
ENSP00000481613	A0AAG2SYH1	A0AAG2SYH1_HUMAN
ENSP00000493303	P58181	O10A3_HUMAN
ENSP00000298296	Q8TD91	MAGC3_HUMAN
ENSP00000450856	G3V2T6	G3V2T6_HUMAN
ENSP00000262547	Q9NVP4	DZAN1_HUMAN
ENSP00000369636	Q5TGL8	PXDC1_HUMAN
ENSP00000402644	H0Y626	H0Y626_HUMAN
ENSP00000291971	Q86W28	NALP8_HUMAN
ENSP00000381213	Q9NQG7	HPS4_HUMAN
ENSP00000361646	Q9H0C1	ZMY12_HUMAN
ENSP00000497979	A0A3B3ITY5	A0A3B3ITY5_HUMAN
ENSP00000447056	F8W1H4	F8W1H4_HUMAN
ENSP00000264346	Q8IVU3	HERC6_HUMAN
ENSP00000485230	P0CI01	SPDE6_HUMAN
ENSP00000453019	H0YL14	TM250_HUMAN
ENSP00000348129	Q6ZMY6	WDR88_HUMAN
ENSP00000347767	Q6P3R8	NEK5_HUMAN
ENSP00000446101	Q8IXR9	CL056_HUMAN
ENSP00000265018	Q9ULE4	F184B_HUMAN
ENSP00000416289	A2RRH5	WDR27_HUMAN
ENSP00000312224	Q96FN9	DTD2_HUMAN
ENSP00000355979	Q9NUC0	SRTD4_HUMAN
ENSP00000490292	A0A1B0GUY1	MRCOL_HUMAN
ENSP00000421489	Q53EQ6	TIGD5_HUMAN
ENSP00000364107	Q7Z2X7	PAGE2_HUMAN
ENSP00000375267	Q9BWD3	RTL8A_HUMAN
ENSP00000338013	Q5T5S1	CC183_HUMAN
ENSP00000382708	A4QMS7	CFA90_HUMAN
ENSP00000265239	Q9H095	DRC9_HUMAN
ENSP00000350549	A6NHT5	HMX3_HUMAN
ENSP00000296600	Q6S9Z5	ZN474_HUMAN
ENSP00000462996	Q96N06	SPT33_HUMAN
ENSP00000329860	P0C7W6	CC172_HUMAN
ENSP00000305096	F8W7S3	F8W7S3_HUMAN
ENSP00000243314	P43362	MAGA9_HUMAN
ENSP00000493419	Q96R09	OR5B2_HUMAN
ENSP00000358098	Q8WWF1	CA054_HUMAN
ENSP00000358851	Q03013	GSTM4_HUMAN
ENSP00000489547	A0A0U1RRI6	CENL3_HUMAN
ENSP00000489328	P0DPI3	CENL2_HUMAN
ENSP00000286349	Q8IWZ5	TRI42_HUMAN
ENSP00000489273	A0A0U1RR11	CENL1_HUMAN
ENSP00000455971	H3BQW9	F229A_HUMAN
ENSP00000327846	A6NKC9	SH2D7_HUMAN
ENSP00000384792	O43379	WDR62_HUMAN
ENSP00000490187	A0A1B0GVQ0	SPAR_HUMAN
ENSP00000314608	Q9NVR0	KLH11_HUMAN
ENSP00000373586	Q08AI8	MB214_HUMAN
ENSP00000297063	Q8NCT3	MACA2_HUMAN
ENSP00000310057	Q6NSI3	FA53A_HUMAN
ENSP00000463375	A6NKL6	T200C_HUMAN
ENSP00000355840	Q8N715	CC185_HUMAN
ENSP00000372272	Q3LI54	KR198_HUMAN
ENSP00000367650	Q8NGL0	OR5L2_HUMAN
ENSP00000261234	Q9Y2B1	RXLT1_HUMAN
ENSP00000346927	Q93015	NAA80_HUMAN
ENSP00000427264	D6RJB6	U17LK_HUMAN
ENSP00000490336	O14990	IPP2C_HUMAN
ENSP00000455547	H3BQ06	H3BQ06_HUMAN
ENSP00000497740	A0A3B3IT50	A0A3B3IT50_HUMAN
ENSP00000358488	P56278	MTCP1_HUMAN
ENSP00000350266	Q9H6A0	DEN2D_HUMAN
ENSP00000364613	Q96LW7	CAR19_HUMAN
ENSP00000490297	Q6NXS1	IPP2B_HUMAN
ENSP00000251993	Q6ICG6	K0930_HUMAN
ENSP00000392726	Q96KW2	P12L2_HUMAN
ENSP00000289989	Q8NAV2	CH058_HUMAN
ENSP00000359333	Q5T7M9	DIK1A_HUMAN
ENSP00000290294	Q96KF2	PRAC1_HUMAN
ENSP00000455906	E2RYF6	MUC22_HUMAN
ENSP00000350066	P0DPD6	ECE2_HUMAN
ENSP00000492311	A0A1W2PR48	TLE7_HUMAN
ENSP00000493106	Q8NGD5	OR4KE_HUMAN
ENSP00000353639	Q6UWE3	COLL2_HUMAN
ENSP00000482142	Q8NDB6	FA156_HUMAN
ENSP00000423309	H0Y980	H0Y980_HUMAN
ENSP00000498451	A0A494C0A1	A0A494C0A1_HUMAN
ENSP00000494359	E5RIL1	UPKL2_HUMAN
ENSP00000452245	P34096	RNAS4_HUMAN
ENSP00000428858	P0DKX4	SIM18_HUMAN
ENSP00000409423	Q6ZV65	FA47E_HUMAN
ENSP00000360376	Q5JX69	F209B_HUMAN
ENSP00000490638	A0A1B0GVS7	MDFI2_HUMAN
ENSP00000227349	Q6NUN7	JHY_HUMAN
ENSP00000359546	Q9BXN6	SPNXD_HUMAN
ENSP00000499350	A0A590UJ96	A0A590UJ96_HUMAN
ENSP00000490718	A0A1B0GTI8	TM272_HUMAN
ENSP00000357904	Q96S90	LYSM1_HUMAN
ENSP00000217428	P49223	SPIT3_HUMAN
ENSP00000482270	A8MYA2	CX049_HUMAN
ENSP00000490941	A0A1B0GWI6	CX49C_HUMAN
ENSP00000375147	A8MUX0	KR161_HUMAN
ENSP00000480355	A8MYA2	CX049_HUMAN
ENSP00000481184	P0DMV1	CT458_HUMAN
ENSP00000470087	M0QYV0	M0QYV0_HUMAN
ENSP00000500333	I3L0B8	I3L0B8_HUMAN
ENSP00000373583	Q8N7X2	STPG3_HUMAN
ENSP00000388207	Q8N7C7	RN148_HUMAN
ENSP00000340434	Q6ICC9	RTL6_HUMAN
ENSP00000319217	Q8NH43	OR4L1_HUMAN
ENSP00000328402	A6NM76	O6C76_HUMAN
ENSP00000417635	A6NFN9	ANKUB_HUMAN
ENSP00000408527	Q8N801	STPG4_HUMAN
ENSP00000394078	Q6ZQY2	LR74B_HUMAN
ENSP00000481850	Q92613	JADE3_HUMAN
ENSP00000354958	P81408	EREP3_HUMAN
ENSP00000311500	Q6P582	MZT2A_HUMAN
ENSP00000244623	P58173	OR2B6_HUMAN
ENSP00000304419	Q9GZK3	OR2B2_HUMAN
ENSP00000481358	P0C7N4	T191B_HUMAN
ENSP00000294671	Q8N8V2	GBP7_HUMAN
ENSP00000493272	Q8NH53	O52N1_HUMAN
ENSP00000492958	Q8NHB1	OR2V1_HUMAN
ENSP00000493333	Q8NGT9	OR2A1_HUMAN
ENSP00000318999	Q9NQ32	CK016_HUMAN
ENSP00000305766	Q96LB2	MRGX1_HUMAN
ENSP00000492985	Q8NGD0	OR4M1_HUMAN
ENSP00000305055	Q8NGT1	OR2K2_HUMAN
ENSP00000493430	A6NL08	O6C75_HUMAN
ENSP00000493015	Q8NGJ5	O51L1_HUMAN
ENSP00000493454	Q8NGT9	OR2A1_HUMAN
ENSP00000388684	A6NEH6	TM247_HUMAN
ENSP00000355441	Q96R54	O14A2_HUMAN
ENSP00000364992	Q5SQ64	LY66F_HUMAN
ENSP00000360315	Q8N0U2	TMM61_HUMAN
ENSP00000464330	Q68DL7	CR063_HUMAN
ENSP00000477871	A0A087WTH1	TM265_HUMAN
ENSP00000344040	Q9NQN1	OR2S1_HUMAN
ENSP00000260988	P07316	CRGB_HUMAN
ENSP00000302105	P11844	CRGA_HUMAN
ENSP00000343171	Q0P641	CB080_HUMAN
ENSP00000350415	P57773	CXA9_HUMAN
ENSP00000468980	Q5H9E4	S2553_HUMAN
ENSP00000496151	A0A2R8Y7J0	A0A2R8Y7J0_HUMAN
ENSP00000429726	Q6UWV7	SHL2A_HUMAN
ENSP00000460274	Q9Y5G4	PCDG9_HUMAN
ENSP00000386804	Q6UX34	SNORC_HUMAN
ENSP00000382330	A6NCQ9	RN222_HUMAN
ENSP00000407653	Q8IZ63	PRR22_HUMAN
ENSP00000374237	Q96DL1	NXPE2_HUMAN
ENSP00000394653	A8MTL0	IQCF5_HUMAN
ENSP00000289448	O97980	HMHB1_HUMAN
ENSP00000289448	A0A1X7SBT3	A0A1X7SBT3_HUMAN
ENSP00000397002	C9J3V5	TEX22_HUMAN
ENSP00000291560	O75031	HSF2B_HUMAN
ENSP00000497510	Q9HB66	Q9HB66_HUMAN
ENSP00000359498	Q8N0W7	FMR1N_HUMAN
ENSP00000480914	Q9BVV2	FND11_HUMAN
ENSP00000328215	A0A2C9F2M6	A0A2C9F2M6_HUMAN
ENSP00000337998	Q9HCH0	NCK5L_HUMAN
ENSP00000476820	A6NFA1	TIKI2_HUMAN
ENSP00000328698	Q8IVU9	CBCO1_HUMAN
ENSP00000488995	P0DMW2	PYDC4_HUMAN
ENSP00000485323	A6NCW0	U17L3_HUMAN
ENSP00000485243	A6NCW7	U17L4_HUMAN
ENSP00000407560	E9PGQ0	E9PGQ0_HUMAN
ENSP00000333735	Q9NZP6	NPAP1_HUMAN
ENSP00000479976	Q7Z7L8	CK096_HUMAN
ENSP00000366970	Q99678	GPR20_HUMAN
ENSP00000450085	H0YIS7	H0YIS7_HUMAN
ENSP00000217320	A0PJX2	TLDC2_HUMAN
ENSP00000442304	Q4G0M1	ERFE_HUMAN
ENSP00000378119	Q8NFT2	STEA2_HUMAN
ENSP00000492745	A0A1W2PSA9	A0A1W2PSA9_HUMAN
ENSP00000279783	Q8NGG5	OR8K1_HUMAN
ENSP00000423660	Q8TF17	S3TC2_HUMAN
ENSP00000447121	B4DL54	B4DL54_HUMAN
ENSP00000268711	Q9NWA0	MED9_HUMAN
ENSP00000492416	P0DP42	T225B_HUMAN
ENSP00000357127	A0A0C4DFU5	A0A0C4DFU5_HUMAN
ENSP00000433712	Q5BIV9	SPRN_HUMAN
ENSP00000283550	Q96KW9	SPAC7_HUMAN
ENSP00000398619	Q3LHN0	KR251_HUMAN
ENSP00000430000	Q96GX2	A7L3B_HUMAN
ENSP00000363911	Q8NGS8	O13C5_HUMAN
ENSP00000381488	A8MXZ3	KRA91_HUMAN
ENSP00000366390	Q5MJ68	SPDYC_HUMAN
ENSP00000446058	Q96IW2	SHD_HUMAN
ENSP00000481594	P0C7T3	O56A5_HUMAN
ENSP00000491117	A0A024R1R8	TMA7B_HUMAN
ENSP00000350651	A8K979	ERI2_HUMAN
ENSP00000493111	P0C645	OR4E1_HUMAN
ENSP00000497183	Q6UXH8	CCBE1_HUMAN
ENSP00000446743	F8W031	F8W031_HUMAN
ENSP00000344071	Q5JXM2	MET24_HUMAN
ENSP00000500411	Q96LT4	SAMD8_HUMAN
ENSP00000344729	Q6J272	CMI2A_HUMAN
ENSP00000361392	Q8N4L8	CCD24_HUMAN
ENSP00000422449	H0Y8X5	H0Y8X5_HUMAN
ENSP00000497775	Q8WU43	CB015_HUMAN
ENSP00000493014	Q15620	OR8B8_HUMAN
ENSP00000313110	Q8NH40	OR6S1_HUMAN
ENSP00000300127	Q8NGJ1	OR4D6_HUMAN
ENSP00000422188	Q6PF05	TT23L_HUMAN
ENSP00000492975	Q8NGI9	OR5A2_HUMAN
ENSP00000417919	Q8N831	TSYL6_HUMAN
ENSP00000493431	Q8NGC0	O5AU1_HUMAN
ENSP00000495063	Q8N4S0	CCD82_HUMAN
ENSP00000340299	Q8WTX9	ZDHC1_HUMAN
ENSP00000301532	Q13606	OR5I1_HUMAN
ENSP00000345468	Q68D42	TM215_HUMAN
ENSP00000356121	Q68G75	LEMD1_HUMAN
ENSP00000367193	Q5FWF7	FBX48_HUMAN
ENSP00000493200	Q96RA2	OR7D2_HUMAN
ENSP00000340644	Q8NHR7	TERB2_HUMAN
ENSP00000278409	O95221	OR5F1_HUMAN
ENSP00000291715	Q8NHS1	CLDN2_HUMAN
ENSP00000475641	U3KQ87	U3KQ87_HUMAN
ENSP00000358120	Q53GL0	PKHO1_HUMAN
ENSP00000375107	Q3LI70	KR196_HUMAN
ENSP00000272203	Q9Y2H5	PKHA6_HUMAN
ENSP00000362836	Q7Z5Y7	KCD20_HUMAN
ENSP00000309792	Q8WY98	TM234_HUMAN
ENSP00000373726	A6NKW6	SHL2B_HUMAN
ENSP00000247194	Q96EM0	T3HPD_HUMAN
ENSP00000419119	Q96KK4	O10C1_HUMAN
ENSP00000477530	P23610	HAP40_HUMAN
ENSP00000375479	P60368	KR102_HUMAN
ENSP00000354001	P59991	KR122_HUMAN
ENSP00000282226	Q6UXP7	F151B_HUMAN
ENSP00000364110	Q5JRK9	GGEE3_HUMAN
ENSP00000375268	Q17RB0	RTL8B_HUMAN
ENSP00000431482	E9PL57	E9PL57_HUMAN
ENSP00000223862	P04808	REL1_HUMAN
ENSP00000367353	Q96LP6	CL042_HUMAN
ENSP00000340748	Q8NG92	O13H1_HUMAN
ENSP00000493179	Q9P1Q5	OR1A1_HUMAN
ENSP00000334364	Q8N104	D106A_HUMAN
ENSP00000335307	Q8N104	D106A_HUMAN
ENSP00000285947	Q8NE22	SETD9_HUMAN
ENSP00000484807	Q8IWB4	S31A7_HUMAN
ENSP00000220940	Q99445	GML_HUMAN
ENSP00000414451	A6PVY3	F177B_HUMAN
ENSP00000384331	A8MTT3	CEBOS_HUMAN
ENSP00000302863	Q8NH93	OR1L3_HUMAN
ENSP00000399711	Q5JQC4	CT47A_HUMAN
ENSP00000479240	A6NC86	PINLY_HUMAN
ENSP00000390070	Q5JQC4	CT47A_HUMAN
ENSP00000414253	Q5JQC4	CT47A_HUMAN
ENSP00000393315	Q5JQC4	CT47A_HUMAN
ENSP00000400046	Q5JQC4	CT47A_HUMAN
ENSP00000392283	Q5JQC4	CT47A_HUMAN
ENSP00000398559	Q5JQC4	CT47A_HUMAN
ENSP00000408204	Q5JQC4	CT47A_HUMAN
ENSP00000411909	Q5JQC4	CT47A_HUMAN
ENSP00000274000	Q63HQ0	AP1AR_HUMAN
ENSP00000425166	Q8TAB5	CA216_HUMAN
ENSP00000457380	Q6PRD7	CEMP1_HUMAN
ENSP00000455385	H3BPM6	MKROS_HUMAN
ENSP00000490264	A0A1B0GUV8	A0A1B0GUV8_HUMAN
ENSP00000358542	A6NGZ8	SMIM9_HUMAN
ENSP00000333724	Q8NH79	OR6X1_HUMAN
ENSP00000334696	Q3SYF9	KR197_HUMAN
ENSP00000442291	Q4KMZ1	IQCC_HUMAN
ENSP00000367878	Q9H6J7	CSTP1_HUMAN
ENSP00000439913	F6TDL0	F6TDL0_HUMAN
ENSP00000442373	P0C7U3	ZH11B_HUMAN
ENSP00000316644	Q8N5N4	CC022_HUMAN
ENSP00000321309	Q9H322	VCX2_HUMAN
ENSP00000351325	Q6UY27	PATE2_HUMAN
ENSP00000471126	P0DL12	SIM17_HUMAN
ENSP00000450580	Q5GAN4	RNS12_HUMAN
ENSP00000274673	Q8IXS0	F217A_HUMAN
ENSP00000483619	Q5DJT8	CT452_HUMAN
ENSP00000482241	P0DMV0	CT457_HUMAN
ENSP00000479608	P0DMU7	CT456_HUMAN
ENSP00000471418	Q8NHU0	CT453_HUMAN
ENSP00000496315	A0A2R8YFB7	A0A2R8YFB7_HUMAN
ENSP00000483637	P0DMV2	CT459_HUMAN
ENSP00000369438	P60014	KR10A_HUMAN
ENSP00000396936	P0C7W0	PRR29_HUMAN
ENSP00000436691	P57730	CAR18_HUMAN
ENSP00000318974	Q8N9E0	F133A_HUMAN
ENSP00000470441	M0QZC1	RN225_HUMAN
ENSP00000370479	Q9NNX9	VCX3_HUMAN
ENSP00000493148	Q8NGY6	OR6N2_HUMAN
ENSP00000493050	Q8NH61	O51F2_HUMAN
ENSP00000493070	Q8NGP4	OR5M3_HUMAN
ENSP00000456333	A6NLX4	TM210_HUMAN
ENSP00000489898	A0A1B0GTZ2	CC196_HUMAN
ENSP00000440331	Q0VDE8	ADIG_HUMAN
ENSP00000365320	O75459	PAGE1_HUMAN
ENSP00000343172	Q6MZM9	PRR27_HUMAN
ENSP00000485513	Q9Y4E1	WAC2C_HUMAN
ENSP00000361726	Q9H1F0	WF10A_HUMAN
ENSP00000262365	P0C5J1	F86B2_HUMAN
ENSP00000321544	O94819	KBTBB_HUMAN
ENSP00000490294	P0DPH9	CX05B_HUMAN
ENSP00000457511	H3BU77	CC179_HUMAN
ENSP00000479624	P23610	HAP40_HUMAN
ENSP00000386230	Q9NVV2	CS073_HUMAN
ENSP00000494087	P55808	XG_HUMAN
ENSP00000359820	Q6P4D5	PBIR3_HUMAN
ENSP00000371553	Q7Z5D8	NANGN_HUMAN
ENSP00000481571	A0A087WY73	A0A087WY73_HUMAN
ENSP00000471224	Q5HYR2	DMRTC_HUMAN
ENSP00000364089	Q5JUK9	PAGE3_HUMAN
ENSP00000438293	P43361	MAGA8_HUMAN
ENSP00000308689	Q8NGE0	O10AD_HUMAN
ENSP00000381494	Q9BYT5	KRA22_HUMAN
ENSP00000382884	A8MXT2	MAGBH_HUMAN
ENSP00000485661	Q9GZM6	OR8D2_HUMAN
ENSP00000493457	Q15619	OR1C1_HUMAN
ENSP00000296529	Q7Z5S9	TM144_HUMAN
ENSP00000493005	Q9H341	O51M1_HUMAN
ENSP00000397188	Q5XKR9	VCF2_HUMAN
ENSP00000331823	Q8WZ92	OR5P2_HUMAN
ENSP00000361650	Q6Q6R5	CRIP3_HUMAN
ENSP00000322754	Q8NGJ8	O51S1_HUMAN
ENSP00000459028	P58170	OR1D5_HUMAN
ENSP00000485483	Q13607	OR2F1_HUMAN
ENSP00000423115	D6RA61	U17LM_HUMAN
ENSP00000455854	Q6PEX7	TEX38_HUMAN
ENSP00000391299	Q7Z3H4	SAMD7_HUMAN
ENSP00000482345	Q6IPX1	TBC3C_HUMAN
ENSP00000392204	B2CW77	KILIN_HUMAN
ENSP00000489837	A0A1B0GTU2	CTXD1_HUMAN
ENSP00000455298	H3BPF8	GOG8S_HUMAN
ENSP00000456927	H3BSY2	GOG8M_HUMAN
ENSP00000391085	P0CG33	GOG6D_HUMAN
ENSP00000300576	A6NDK9	GOG6C_HUMAN
ENSP00000483673	H0YM25	GG6LV_HUMAN
ENSP00000421586	A6NEF3	GG6L4_HUMAN
ENSP00000490318	A0A1B0GV03	GG6L7_HUMAN
ENSP00000357764	Q5T750	KPLCE_HUMAN
ENSP00000412752	Q6IF82	O4A47_HUMAN
ENSP00000366340	Q9GZK4	OR2H1_HUMAN
ENSP00000493263	Q96R08	OR5BC_HUMAN
ENSP00000470615	M0QZK8	M0QZK8_HUMAN
ENSP00000263849	Q96GY0	ZC21A_HUMAN
ENSP00000384117	Q6ZW13	CP086_HUMAN
ENSP00000493120	Q8NGG8	OR8B3_HUMAN
ENSP00000307159	Q8NGG6	OR8BC_HUMAN
ENSP00000383219	P60371	KR106_HUMAN
ENSP00000490579	A0A9S7N7Z0	A0A9S7N7Z0_HUMAN
ENSP00000362784	Q8NGR4	OR5C1_HUMAN
ENSP00000424708	H0Y9P7	H0Y9P7_HUMAN
ENSP00000480527	A0A087WWV3	A0A087WWV3_HUMAN
ENSP00000488558	A0A0J9YXV3	GREP1_HUMAN
ENSP00000485524	P0DMQ9	CH089_HUMAN
ENSP00000493271	Q8NH51	OR8K3_HUMAN
ENSP00000493354	Q8NGN3	O10G4_HUMAN
ENSP00000382476	Q7Z745	MRO2B_HUMAN
ENSP00000394472	B2RXH4	BTBDI_HUMAN
ENSP00000485216	Q8NCU8	MTLN_HUMAN
ENSP00000491450	P0DJR0	GIMD1_HUMAN
ENSP00000331965	A6NGC4	TLCD2_HUMAN
ENSP00000393631	C9JUS6	ADM5_HUMAN
ENSP00000381589	Q9Y5H2	PCDGB_HUMAN
ENSP00000436596	A2RU14	TM218_HUMAN
ENSP00000424015	Q64ET8	FRG2_HUMAN
ENSP00000381760	A8MYZ5	IQCF6_HUMAN
ENSP00000383216	P60413	KR10C_HUMAN
ENSP00000454913	H3BNL8	ARMD2_HUMAN
ENSP00000369009	A2AJT9	BCLA3_HUMAN
ENSP00000341178	A8K5M9	CO062_HUMAN
ENSP00000479396	A8MV24	SPMA1_HUMAN
ENSP00000352295	Q6NT52	CGB2_HUMAN
ENSP00000386791	B9A014	F243A_HUMAN
ENSP00000477679	A6NER0	TBC3F_HUMAN
ENSP00000477679	A0A087WT91	A0A087WT91_HUMAN
ENSP00000371643	Q30KP9	DB135_HUMAN
ENSP00000359415	Q5JSQ8	KHDCL_HUMAN
ENSP00000414392	C9JLJ4	U17LD_HUMAN
ENSP00000297307	Q8N808	S35G3_HUMAN
ENSP00000396523	P0C7Q6	S35G6_HUMAN
ENSP00000490812	P0C7Q5	S35G4_HUMAN
ENSP00000473842	P0CF75	EBLN1_HUMAN
ENSP00000395505	B3GLJ2	PATE3_HUMAN
ENSP00000455811	H3BQJ8	LY6L_HUMAN
ENSP00000349593	Q96EF9	ZHX1R_HUMAN
ENSP00000435010	Q4QY38	DB134_HUMAN
ENSP00000497977	A0A3B3ITX9	A0A3B3ITX9_HUMAN
ENSP00000484693	A0AAG2T1P6	A0AAG2T1P6_HUMAN
ENSP00000468837	M0QX08	M0QX08_HUMAN
ENSP00000334985	Q3LI72	KR195_HUMAN
ENSP00000489180	A0A0U1RQV1	A0A0U1RQV1_HUMAN
ENSP00000432353	Q9GZY1	PBOV1_HUMAN
ENSP00000301407	A6NKQ9	CGB1_HUMAN
ENSP00000466140	K7ELM3	K7ELM3_HUMAN
ENSP00000432523	E9PRG8	CK098_HUMAN
ENSP00000367229	Q76N32	CEP68_HUMAN
ENSP00000323853	Q8NH50	OR8K5_HUMAN
ENSP00000490577	A0A1B0GVM6	CK097_HUMAN
ENSP00000493102	Q6NXP2	GAR1A_HUMAN
ENSP00000478473	A6NDS4	TBC3B_HUMAN
ENSP00000284881	Q9NYK6	EURL_HUMAN
ENSP00000342448	Q8NH69	OR5W2_HUMAN
ENSP00000462419	Q8WU58	F222B_HUMAN
ENSP00000493436	Q9Y4A9	O10H1_HUMAN
ENSP00000429517	Q629K1	TRIQK_HUMAN
ENSP00000489747	A0A1B0GTL2	CT204_HUMAN
ENSP00000399696	H7C1D1	H7C1D1_HUMAN
ENSP00000477118	V9GYV3	V9GYV3_HUMAN
ENSP00000363386	Q8TAY7	F110D_HUMAN
ENSP00000455469	A6NN92	CXE1_HUMAN
ENSP00000311038	Q8NGM8	OR6M1_HUMAN
ENSP00000393889	Q8NHB8	OR5K2_HUMAN
ENSP00000445247	A6NJB7	PRR19_HUMAN
ENSP00000489616	A0A0U1RRN3	MISFA_HUMAN
ENSP00000382777	Q52LG2	KR132_HUMAN
ENSP00000479730	A6NCL2	LRCL1_HUMAN
ENSP00000348033	Q8NGX0	O11L1_HUMAN
ENSP00000483018	A0A087X009	A0A087X009_HUMAN
ENSP00000493287	O60404	O10H3_HUMAN
ENSP00000493024	Q8NHC5	O14AG_HUMAN
ENSP00000480059	A0A087WWA1	P3URF_HUMAN
ENSP00000493386	A0A126GVR8	A0A126GVR8_HUMAN
ENSP00000334441	Q8NHC4	O10J5_HUMAN
ENSP00000493322	Q8NG97	OR2Z1_HUMAN
ENSP00000475146	Q8WW18	CQ050_HUMAN
ENSP00000375149	A8MTY7	KRA97_HUMAN
ENSP00000313803	P47881	OR3A1_HUMAN
ENSP00000382000	A8MXV6	CD15L_HUMAN
ENSP00000490925	A0A1B0GWH2	A0A1B0GWH2_HUMAN
ENSP00000451318	Q8TAA1	RNS11_HUMAN
ENSP00000493074	Q9H205	O2AG1_HUMAN
ENSP00000456861	Q6DHY5	TBC3G_HUMAN
ENSP00000453962	P0C7T8	TM253_HUMAN
ENSP00000484181	A0A087X1G2	TBC3K_HUMAN
ENSP00000329982	Q6IEY1	OR4F3_HUMAN
ENSP00000428544	Q69YZ2	T200B_HUMAN
ENSP00000448811	A6NDL8	O6C68_HUMAN
ENSP00000493003	Q8NGY1	O10Z1_HUMAN
ENSP00000328878	Q96RD3	O52E6_HUMAN
ENSP00000493152	A0A286YF01	SCGR7_HUMAN
ENSP00000493332	A0A286YFK9	SIM38_HUMAN
ENSP00000497858	A0A1B0GTR0	EDD13_HUMAN
ENSP00000489712	A0A1B0GTI1	CC201_HUMAN
ENSP00000490943	P0DPP9	ETDB_HUMAN
ENSP00000490233	A0A1B0GUT2	CJ143_HUMAN
ENSP00000493101	A0A286YF46	SCGR5_HUMAN
ENSP00000493167	P0DPE3	TMDD1_HUMAN
ENSP00000489320	A0A0U1RR37	CA232_HUMAN
ENSP00000479373	A0A087WVE0	A0A087WVE0_HUMAN
ENSP00000490466	A0A1B0GVD1	F237B_HUMAN
ENSP00000498771	P58511	SIM11_HUMAN
ENSP00000493085	Q8NGH9	O52E4_HUMAN
ENSP00000490095	A4D0T7	SIM30_HUMAN
ENSP00000369559	Q9H343	O51I1_HUMAN
ENSP00000335567	Q3LI73	KR194_HUMAN
ENSP00000371644	Q30KP8	DB136_HUMAN
ENSP00000489658	A0A1B0GTE1	A0A1B0GTE1_HUMAN
ENSP00000484945	A0A087X2F6	A0A087X2F6_HUMAN
ENSP00000490032	A0A1B0GUA9	CM046_HUMAN
ENSP00000478426	A0A087WVF3	TBC3D_HUMAN
ENSP00000493325	Q8N127	O5AS1_HUMAN
ENSP00000482630	P0C7X1	TBC3H_HUMAN
ENSP00000493026	O76099	OR7C1_HUMAN
ENSP00000316518	Q8NGT5	OR9A2_HUMAN
ENSP00000492944	Q8WZ94	OR5P3_HUMAN
ENSP00000501088	A0A669KAY3	A0A669KAY3_HUMAN
ENSP00000490587	A0A1B0GVN3	CB092_HUMAN
ENSP00000493401	A0A126GWS4	A0A126GWS4_HUMAN
ENSP00000377583	Q9BYR9	KRA24_HUMAN
ENSP00000432011	Q96RD2	O52B2_HUMAN
ENSP00000473871	S4R325	S4R325_HUMAN
ENSP00000490899	Q6ZU45	CL20A_HUMAN
ENSP00000334934	Q8NGQ5	OR9Q1_HUMAN
ENSP00000308082	Q8NGE3	O10P1_HUMAN
ENSP00000277216	Q8NGS5	O13C4_HUMAN
ENSP00000295898	Q96KX1	CD036_HUMAN
ENSP00000344860	Q6UXB1	IGFL3_HUMAN
ENSP00000366223	Q5W0N0	CI057_HUMAN
ENSP00000403151	Q8TEF2	CJ105_HUMAN
ENSP00000387523	Q6IFN5	O7E24_HUMAN
ENSP00000491574	A0A1W2PQ73	ERFL_HUMAN
ENSP00000493195	Q8NGJ0	OR5A1_HUMAN
ENSP00000366203	Q8N9H9	CIROZ_HUMAN
ENSP00000431536	H0YCG3	H0YCG3_HUMAN
ENSP00000343493	Q6UX52	IL40_HUMAN
ENSP00000404281	P86478	PR20E_HUMAN
ENSP00000493343	A4D2G3	O2A25_HUMAN
ENSP00000429601	Q9Y5G7	PCDG6_HUMAN
ENSP00000491758	A0A1W2PPW3	TFKLL_HUMAN
ENSP00000491873	P0DW14	TFKLJ_HUMAN
ENSP00000492874	A0A1W2PP81	TFKL5_HUMAN
ENSP00000491494	A0A1W2PPE2	TFKL4_HUMAN
ENSP00000492752	A0A1W2PRN6	A0A1W2PRN6_HUMAN
ENSP00000491332	A0A1W2PPH5	TFLM_HUMAN
ENSP00000492047	A6NLC8	TFKL2_HUMAN
ENSP00000491385	P0DW11	TFKL6_HUMAN
ENSP00000492463	A0A1W2PR64	TFKL9_HUMAN
ENSP00000491351	P0DW12	TFKL7_HUMAN
ENSP00000492787	A0A1W2PRV1	TFKL3_HUMAN
ENSP00000491174	P0DW13	TFKL8_HUMAN
ENSP00000491846	A0A1W2PQ09	TFKLK_HUMAN
ENSP00000491472	A0A1W2PPL8	TFKLN_HUMAN
ENSP00000314324	Q8NGQ4	O10Q1_HUMAN
ENSP00000409542	H7C350	CC188_HUMAN
ENSP00000371606	Q6L8H4	KRA51_HUMAN
ENSP00000306095	O60403	O10H2_HUMAN
ENSP00000492902	P30954	O10J1_HUMAN
ENSP00000304077	Q8NH41	OR4KF_HUMAN
ENSP00000334560	Q3LI66	KRA62_HUMAN
ENSP00000487709	P0DMW5	SIL2B_HUMAN
ENSP00000330904	Q8NGX1	O2T34_HUMAN
ENSP00000492953	A6NKK0	OR5H1_HUMAN
ENSP00000352604	Q8NH03	OR2T3_HUMAN
ENSP00000432417	Q96RB7	OR5MB_HUMAN
ENSP00000485612	Q8NGK1	O51G1_HUMAN
ENSP00000490143	A0A1B0GTQ4	MYMX_HUMAN
ENSP00000411198	G5E9R7	KR416_HUMAN
ENSP00000321196	Q8NH76	O56B4_HUMAN
ENSP00000295878	Q8NCU4	CC191_HUMAN
ENSP00000493319	Q8NH54	O56A3_HUMAN
ENSP00000364166	Q6GV28	TM225_HUMAN
ENSP00000395219	Q6UWQ7	IGFL2_HUMAN
ENSP00000369568	Q9H340	O51B6_HUMAN
ENSP00000409316	Q6IEY1	OR4F3_HUMAN
ENSP00000328768	Q6ZRT6	PR23B_HUMAN
ENSP00000493540	B2RBV5	MR1L2_HUMAN
ENSP00000474003	I1YAP6	TRI77_HUMAN
ENSP00000493217	Q8NH48	OR5B3_HUMAN
ENSP00000372651	Q6ZUU3	FOXNB_HUMAN
ENSP00000323354	Q8NGP6	OR5M8_HUMAN
ENSP00000368296	Q3C1V1	CK091_HUMAN
ENSP00000450281	H0YIV9	H0YIV9_HUMAN
ENSP00000500329	A0A5F9ZHF3	A0A5F9ZHF3_HUMAN
ENSP00000490916	A0A1B0GUI7	BRDOS_HUMAN
ENSP00000493307	Q8IXE1	OR4N5_HUMAN
ENSP00000489776	A0A1B0GUA7	TEX51_HUMAN
ENSP00000327525	Q8NGB9	OR4F6_HUMAN
ENSP00000333184	Q8NGB8	O4F15_HUMAN
ENSP00000240691	Q9NYW1	TA2R9_HUMAN
ENSP00000493715	Q8NGU4	OR2I1_HUMAN
ENSP00000493366	Q8NHC8	OR2T6_HUMAN
ENSP00000312767	Q96MC4	C295L_HUMAN
ENSP00000322801	Q8NGI0	O52N2_HUMAN
ENSP00000478683	Q8IZP1	TBC3A_HUMAN
ENSP00000360360	P0C2W7	CT47B_HUMAN
ENSP00000438815	Q8NGS9	O13C2_HUMAN
ENSP00000500374	Q5VW22	AGAP6_HUMAN
ENSP00000363207	A6NIR3	AGAP5_HUMAN
ENSP00000369573	Q9Y5P0	O51B4_HUMAN
ENSP00000417035	C9J6K1	CS081_HUMAN
ENSP00000325128	Q8NH70	O4A16_HUMAN
ENSP00000280245	Q8IWF9	CCD83_HUMAN
ENSP00000319546	O95047	OR2A4_HUMAN
ENSP00000488257	A0A0J9YX57	MAB6B_HUMAN
ENSP00000297913	Q15612	OR1Q1_HUMAN
ENSP00000469811	M0QYG6	M0QYG6_HUMAN
ENSP00000332500	Q8N0Y3	OR4N4_HUMAN
ENSP00000381542	Q6L8G5	KR510_HUMAN
ENSP00000483239	Q8NGB6	OR4M2_HUMAN
ENSP00000492634	P0DMQ5	INAM2_HUMAN
ENSP00000362684	Q9BTA0	F167B_HUMAN
ENSP00000322784	Q8NH90	O5AK2_HUMAN
ENSP00000335503	Q3LI63	KR201_HUMAN
ENSP00000302199	Q8NGI7	O10V1_HUMAN
ENSP00000492951	Q8NH01	O2T11_HUMAN
ENSP00000480583	Q8NH55	O52E5_HUMAN
ENSP00000397039	A8MWV9	SM34A_HUMAN
ENSP00000490048	A0AAA9Y3V5	A0AAA9Y3V5_HUMAN
ENSP00000493236	Q8NGZ9	O2T10_HUMAN
ENSP00000326718	Q8NGE5	O10A7_HUMAN
ENSP00000310801	Q8TD35	LKAM1_HUMAN
ENSP00000360757	Q5VUD6	DIK1B_HUMAN
ENSP00000447852	F8VUJ3	F8VUJ3_HUMAN
ENSP00000490418	A0A1B0GV90	CTXD2_HUMAN
ENSP00000430818	A6NLE4	SIM23_HUMAN
ENSP00000493411	Q8NGR8	OR1L8_HUMAN
ENSP00000306974	Q8NGS0	OR1N1_HUMAN
ENSP00000447109	Q6X4T0	CL054_HUMAN
ENSP00000386450	Q96L11	LCFC1_HUMAN
ENSP00000493255	Q8NH87	OR9G1_HUMAN
ENSP00000323928	Q8N146	OR8H3_HUMAN
ENSP00000460665	I3L3R5	CCER2_HUMAN
ENSP00000487772	A6NNV3	SPD16_HUMAN
ENSP00000259362	Q8NGT0	O13C9_HUMAN
ENSP00000492936	Q8NGX9	OR6P1_HUMAN
ENSP00000485431	Q8NGF9	OR4X2_HUMAN
ENSP00000386222	O95006	OR2F2_HUMAN
ENSP00000384370	Q6NZ63	STEAL_HUMAN
ENSP00000320649	Q8N998	CCD89_HUMAN
ENSP00000485530	Q8NGK2	O52B4_HUMAN
ENSP00000300773	Q9H339	O51B5_HUMAN
ENSP00000383474	A1L168	CT202_HUMAN
ENSP00000493286	A6NH00	OR2T8_HUMAN
ENSP00000493055	O76100	OR7AA_HUMAN
ENSP00000493207	Q96R30	OR2V2_HUMAN
ENSP00000316955	Q15622	OR7A5_HUMAN
ENSP00000329153	A6NIJ9	O6C70_HUMAN
ENSP00000493020	Q8NG85	OR2L3_HUMAN
ENSP00000353537	A6NL26	O5B21_HUMAN
ENSP00000493439	A0A126GWT2	A0A126GWT2_HUMAN
ENSP00000493370	Q8NGQ6	OR9I1_HUMAN
ENSP00000463981	J3QR06	J3QR06_HUMAN
ENSP00000492957	Q8NGI8	O5AN1_HUMAN
ENSP00000495263	A0A2R8YFM6	OOSP3_HUMAN
ENSP00000490802	A0A1B0GTK4	F237A_HUMAN
ENSP00000493151	Q8NGU2	OR9A4_HUMAN
ENSP00000348449	Q96RC9	OR8B4_HUMAN
ENSP00000490517	A0A1B0GVH6	CM042_HUMAN
ENSP00000481258	A0A087WXS9	TBC3I_HUMAN
ENSP00000492919	Q8NH74	O10A6_HUMAN
ENSP00000463254	F8W7A7	F8W7A7_HUMAN
ENSP00000489684	A0A1B0GTG0	A0A1B0GTG0_HUMAN
ENSP00000367428	Q5J8X5	M4A13_HUMAN
ENSP00000489806	A0A1B0GTR3	CX05A_HUMAN
ENSP00000335281	Q8NG35	D105A_HUMAN
ENSP00000329825	Q5VVP1	S31A6_HUMAN
ENSP00000493082	A6NDH6	O5H15_HUMAN
ENSP00000493355	Q5TZ20	OR2G6_HUMAN
ENSP00000493458	A0A286YFN4	A0A286YFN4_HUMAN
ENSP00000467301	Q8NGA8	O4F17_HUMAN
ENSP00000484075	A0A0G2JMP0	A0A0G2JMP0_HUMAN
ENSP00000493235	Q96RD0	OR8B2_HUMAN
ENSP00000493295	Q96R48	OR2A5_HUMAN
ENSP00000494254	A0A2R8YED5	O5BS1_HUMAN
ENSP00000322088	Q8NGJ4	O52E2_HUMAN
ENSP00000325078	Q8NGZ0	O2AJ1_HUMAN
ENSP00000311605	Q8NGF8	OR4B1_HUMAN
ENSP00000493031	Q8N162	OR8H2_HUMAN
ENSP00000303864	Q8N0Y5	OR8I2_HUMAN
ENSP00000493289	Q15617	OR8G1_HUMAN
ENSP00000493391	Q8NGM9	OR8D4_HUMAN
ENSP00000493820	A0A2R8Y4L6	OR5D3_HUMAN
ENSP00000493327	Q8NGD1	OR4N2_HUMAN
ENSP00000480318	A0A0G2JNH3	A0A0G2JNH3_HUMAN
ENSP00000485428	Q8NGL4	OR5DD_HUMAN
ENSP00000492889	A0A286YEU6	OR1R1_HUMAN
ENSP00000396085	Q8N148	OR6V1_HUMAN
ENSP00000283225	Q8NGZ2	O14K1_HUMAN
ENSP00000335025	Q8NGL1	OR5DI_HUMAN
ENSP00000326349	Q8NGZ5	OR2G2_HUMAN
ENSP00000347003	A6NMS3	OR5K4_HUMAN
ENSP00000334456	Q8NGL3	OR5DE_HUMAN
ENSP00000493124	Q8NGP8	OR5M1_HUMAN
ENSP00000329467	A0A0X1KG70	ORM2B_HUMAN
ENSP00000485668	A0A096LPK9	ORN4C_HUMAN
ENSP00000367649	Q8NGK9	OR5DG_HUMAN
ENSP00000347428	Q8NG80	OR2L5_HUMAN
ENSP00000493276	Q8N813	PR23E_HUMAN
ENSP00000375476	P60329	KR124_HUMAN
ENSP00000372286	Q3LI81	KR271_HUMAN
ENSP00000375150	A8MVA2	KRA96_HUMAN
ENSP00000375148	A8MX34	KR291_HUMAN
ENSP00000334834	Q3LI77	KR134_HUMAN
ENSP00000389443	C9JPN9	UL17C_HUMAN
ENSP00000323795	Q5T0J7	TEX35_HUMAN
ENSP00000422621	D6RBQ6	U17LH_HUMAN
ENSP00000392568	P0DP73	D130B_HUMAN
ENSP00000312702	Q30KQ6	DB114_HUMAN
ENSP00000364370	Q9BQM9	CT144_HUMAN
ENSP00000319846	P0DP57	SLUR2_HUMAN
ENSP00000485295	Q8NGL9	OR4CG_HUMAN
ENSP00000493312	Q9GZK6	OR2J1_HUMAN
ENSP00000324958	A0A2C9F2M4	A0A2C9F2M4_HUMAN
ENSP00000489706	A6NGB0	T191C_HUMAN
ENSP00000421686	Q495Y8	SPDE2_HUMAN
ENSP00000335660	Q3LHN2	KR192_HUMAN
ENSP00000485118	Q5VYP0	S31A3_HUMAN
ENSP00000436580	P0DMB1	P23D2_HUMAN
ENSP00000436891	E9PI22	P23D1_HUMAN
ENSP00000489570	A0A0U1RRK4	LBHD2_HUMAN
ENSP00000487061	A0A0D9SG11	A0A0D9SG11_HUMAN
ENSP00000346536	A1A580	KR231_HUMAN
ENSP00000485370	B3EWG5	FM25C_HUMAN
ENSP00000483965	A0A087X179	TBC3E_HUMAN
ENSP00000392407	P86480	PR20D_HUMAN
ENSP00000424058	A6NHP3	SPE2B_HUMAN
ENSP00000485398	A6NIY4	SPDE5_HUMAN
ENSP00000403760	C9JJH3	U17LA_HUMAN
ENSP00000454903	H3BNL1	CMIP7_HUMAN
ENSP00000391404	C9J302	CD051_HUMAN
ENSP00000425955	A8MUK1	U17L5_HUMAN
ENSP00000493052	A0A286YEX6	A0A286YEX6_HUMAN
ENSP00000497076	A6NKC0	F90A7_HUMAN
ENSP00000295896	Q96BT1	CC049_HUMAN
ENSP00000490576	A0A1B0GVM5	ETDC_HUMAN
ENSP00000375482	Q3LI67	KRA63_HUMAN
ENSP00000488973	A0A0U1RQF7	DP2NB_HUMAN
ENSP00000372278	Q3LI62	KR204_HUMAN
ENSP00000437121	Q6ZRC1	CD050_HUMAN
ENSP00000400880	C9JVI0	U17LB_HUMAN
ENSP00000423503	D6R9N7	U17LI_HUMAN
ENSP00000384683	P60153	RNAS9_HUMAN
ENSP00000447650	F8W036	F8W036_HUMAN
ENSP00000485628	Q5VU36	S31A5_HUMAN
ENSP00000496487	A0A2R8Y7Y5	CIST1_HUMAN
ENSP00000481508	B9A6J9	TBC3L_HUMAN
ENSP00000490135	A6NMA1	TR5OS_HUMAN
ENSP00000333887	Q3MIV0	KR221_HUMAN
ENSP00000485306	P0C7I0	U17L8_HUMAN
ENSP00000401535	H7C1Q1	H7C1Q1_HUMAN
ENSP00000495266	A0A2R8Y6J1	A0A2R8Y6J1_HUMAN
ENSP00000404517	Q3LHN1	KR213_HUMAN
ENSP00000489710	A0A1B0GTH9	ZN475_HUMAN
ENSP00000372276	Q3LI60	KR203_HUMAN
ENSP00000490055	Q3ZM63	ETDA_HUMAN
ENSP00000489652	A0A1B0GTD5	SMI11_HUMAN
ENSP00000490930	A0A1B0GWH6	LSP1N_HUMAN
ENSP00000422216	D6R901	U17LL_HUMAN
ENSP00000492284	A0A1W2PQU2	KANTR_HUMAN
ENSP00000362054	X6R8D5	CMIP3_HUMAN
ENSP00000490456	A6NIN4	RN227_HUMAN
ENSP00000479319	A0A087WVB3	A0A087WVB3_HUMAN
ENSP00000489642	A0A1B0GTC6	CC085_HUMAN
ENSP00000497547	A0A3B3IT52	MSD5_HUMAN
ENSP00000490507	A0A1B0GVG6	TEX54_HUMAN
ENSP00000493109	A0A286YEY9	SCGR1_HUMAN
ENSP00000424077	D6RBM5	U17LN_HUMAN
ENSP00000490917	A0A1B0GWG4	SRTM2_HUMAN
ENSP00000478882	A0AVG0	A0AVG0_HUMAN
ENSP00000328335	Q96HG1	SIM10_HUMAN
ENSP00000497650	A6NDY2	F90AA_HUMAN
ENSP00000494177	A0A2R8YD15	A0A2R8YD15_HUMAN
ENSP00000372281	Q3LI68	KR222_HUMAN
ENSP00000498431	A0A494C086	SPD21_HUMAN
ENSP00000477037	V9GYS4	V9GYS4_HUMAN
ENSP00000435188	E9PLD3	E9PLD3_HUMAN
ENSP00000496397	Q5STR5	SIM40_HUMAN
ENSP00000497037	P0DV73	F90AG_HUMAN
ENSP00000489585	A6NFA0	S31F3_HUMAN
ENSP00000406665	P0DH78	RN224_HUMAN
ENSP00000485141	A0A096LNP1	D131B_HUMAN
ENSP00000497579	P0DV60	LCE7A_HUMAN
ENSP00000497579	A0A3B3IT34	A0A3B3IT34_HUMAN
ENSP00000421131	D6RGX4	F90AP_HUMAN
ENSP00000489149	A0A0U1RQS6	TM275_HUMAN
ENSP00000499042	A0A494C1I1	SIM48_HUMAN
